mode: atomic
github.com/argusops/argusops/internal/db/pool.go:36.90,38.16 2 7
github.com/argusops/argusops/internal/db/pool.go:38.16,40.3 1 1
github.com/argusops/argusops/internal/db/pool.go:42.2,42.26 1 6
github.com/argusops/argusops/internal/db/pool.go:42.26,44.3 1 1
github.com/argusops/argusops/internal/db/pool.go:45.2,45.26 1 6
github.com/argusops/argusops/internal/db/pool.go:45.26,47.3 1 1
github.com/argusops/argusops/internal/db/pool.go:49.2,50.16 2 6
github.com/argusops/argusops/internal/db/pool.go:50.16,52.3 1 0
github.com/argusops/argusops/internal/db/pool.go:54.2,54.39 1 6
github.com/argusops/argusops/internal/db/pool.go:54.39,56.3 1 1
github.com/argusops/argusops/internal/db/pool.go:58.2,58.25 1 5
github.com/argusops/argusops/internal/db/pool.go:66.100,68.16 2 3
github.com/argusops/argusops/internal/db/pool.go:68.16,70.3 1 0
github.com/argusops/argusops/internal/db/pool.go:71.2,73.107 2 3
github.com/argusops/argusops/internal/db/pool.go:73.107,75.3 1 0
github.com/argusops/argusops/internal/db/pool.go:77.2,77.31 1 3
github.com/argusops/argusops/internal/db/pool.go:77.31,79.3 1 1
github.com/argusops/argusops/internal/db/pool.go:81.2,81.39 1 2
github.com/argusops/argusops/internal/db/pool.go:81.39,83.3 1 0
github.com/argusops/argusops/internal/db/pool.go:85.2,85.12 1 2
github.com/argusops/argusops/internal/db/pool.go:104.128,106.16 2 6
github.com/argusops/argusops/internal/db/pool.go:106.16,108.3 1 0
github.com/argusops/argusops/internal/db/pool.go:109.2,112.100 3 6
github.com/argusops/argusops/internal/db/pool.go:112.100,114.3 1 0
github.com/argusops/argusops/internal/db/pool.go:115.2,115.13 1 6
github.com/argusops/argusops/internal/db/pool.go:115.13,117.3 1 1
github.com/argusops/argusops/internal/db/pool.go:119.2,119.32 1 5
github.com/argusops/argusops/internal/db/pool.go:119.32,121.3 1 1
github.com/argusops/argusops/internal/db/pool.go:123.2,123.39 1 4
github.com/argusops/argusops/internal/db/pool.go:123.39,125.3 1 0
github.com/argusops/argusops/internal/db/pool.go:127.2,127.18 1 4
github.com/argusops/argusops/internal/config/config.go:112.29,143.27 2 5
github.com/argusops/argusops/internal/config/config.go:143.27,145.3 1 1
github.com/argusops/argusops/internal/config/config.go:147.2,147.17 1 4
github.com/argusops/argusops/internal/config/config.go:150.44,151.34 1 40
github.com/argusops/argusops/internal/config/config.go:151.34,153.3 1 4
github.com/argusops/argusops/internal/config/config.go:154.2,154.12 1 36
github.com/argusops/argusops/internal/config/config.go:157.73,159.13 2 10
github.com/argusops/argusops/internal/config/config.go:159.13,161.3 1 8
github.com/argusops/argusops/internal/config/config.go:162.2,163.16 2 2
github.com/argusops/argusops/internal/config/config.go:163.16,165.3 1 1
github.com/argusops/argusops/internal/config/config.go:166.2,166.10 1 1
github.com/argusops/argusops/internal/config/config.go:169.54,171.13 2 10
github.com/argusops/argusops/internal/config/config.go:171.13,173.3 1 10
github.com/argusops/argusops/internal/config/config.go:174.2,175.16 2 0
github.com/argusops/argusops/internal/config/config.go:175.16,177.3 1 0
github.com/argusops/argusops/internal/config/config.go:178.2,178.17 1 0
github.com/argusops/argusops/internal/blobstore/gcs.go:22.90,33.16 2 0
github.com/argusops/argusops/internal/blobstore/gcs.go:33.16,35.3 1 0
github.com/argusops/argusops/internal/blobstore/gcs.go:36.2,36.55 1 0
github.com/argusops/argusops/internal/blobstore/gcs.go:39.111,42.47 3 0
github.com/argusops/argusops/internal/blobstore/gcs.go:42.47,45.3 2 0
github.com/argusops/argusops/internal/blobstore/gcs.go:46.2,46.18 1 0
github.com/argusops/argusops/internal/blobstore/gcs.go:49.88,51.16 2 0
github.com/argusops/argusops/internal/blobstore/gcs.go:51.16,52.48 1 0
github.com/argusops/argusops/internal/blobstore/gcs.go:52.48,54.4 1 0
github.com/argusops/argusops/internal/blobstore/gcs.go:55.3,55.22 1 0
github.com/argusops/argusops/internal/blobstore/gcs.go:57.2,58.23 2 0
github.com/argusops/argusops/internal/blobstore/gcs.go:58.23,60.3 1 0
github.com/argusops/argusops/internal/blobstore/gcs.go:61.2,61.28 1 0
github.com/argusops/argusops/internal/blobstore/local.go:21.44,23.2 1 3
github.com/argusops/argusops/internal/blobstore/local.go:25.101,27.63 2 2
github.com/argusops/argusops/internal/blobstore/local.go:27.63,29.3 1 0
github.com/argusops/argusops/internal/blobstore/local.go:30.2,31.16 2 2
github.com/argusops/argusops/internal/blobstore/local.go:31.16,33.3 1 0
github.com/argusops/argusops/internal/blobstore/local.go:34.2,36.12 3 2
github.com/argusops/argusops/internal/blobstore/local.go:39.88,42.16 3 3
github.com/argusops/argusops/internal/blobstore/local.go:42.16,43.37 1 1
github.com/argusops/argusops/internal/blobstore/local.go:43.37,45.4 1 1
github.com/argusops/argusops/internal/blobstore/local.go:46.3,46.22 1 0
github.com/argusops/argusops/internal/blobstore/local.go:48.2,49.23 2 2
github.com/argusops/argusops/internal/blobstore/local.go:49.23,51.3 1 0
github.com/argusops/argusops/internal/blobstore/local.go:52.2,52.28 1 2
github.com/argusops/argusops/internal/blobstore/s3.go:27.79,33.2 2 0
github.com/argusops/argusops/internal/blobstore/s3.go:35.113,44.2 2 0
github.com/argusops/argusops/internal/blobstore/s3.go:46.87,51.16 2 0
github.com/argusops/argusops/internal/blobstore/s3.go:51.16,53.33 2 0
github.com/argusops/argusops/internal/blobstore/s3.go:53.33,55.4 1 0
github.com/argusops/argusops/internal/blobstore/s3.go:56.3,56.22 1 0
github.com/argusops/argusops/internal/blobstore/s3.go:58.2,59.28 2 0
github.com/argusops/argusops/internal/blobstore/s3.go:59.28,61.3 1 0
github.com/argusops/argusops/internal/blobstore/s3.go:62.2,62.35 1 0
github.com/argusops/argusops/internal/blobstore/store.go:30.37,30.77 1 0
github.com/argusops/argusops/internal/events/broadcaster.go:75.75,82.2 1 9
github.com/argusops/argusops/internal/events/broadcaster.go:89.60,90.9 1 9
github.com/argusops/argusops/internal/events/broadcaster.go:91.17,92.13 1 9
github.com/argusops/argusops/internal/events/broadcaster.go:93.20,94.19 1 0
github.com/argusops/argusops/internal/events/broadcaster.go:106.76,110.29 3 9
github.com/argusops/argusops/internal/events/broadcaster.go:110.29,112.3 1 8
github.com/argusops/argusops/internal/events/broadcaster.go:113.2,117.24 4 9
github.com/argusops/argusops/internal/events/broadcaster.go:117.24,118.18 1 10
github.com/argusops/argusops/internal/events/broadcaster.go:118.18,121.34 3 9
github.com/argusops/argusops/internal/events/broadcaster.go:121.34,123.5 1 8
github.com/argusops/argusops/internal/events/broadcaster.go:124.4,125.13 2 9
github.com/argusops/argusops/internal/events/broadcaster.go:128.2,128.24 1 9
github.com/argusops/argusops/internal/events/broadcaster.go:141.82,143.16 2 106
github.com/argusops/argusops/internal/events/broadcaster.go:143.16,146.3 2 0
github.com/argusops/argusops/internal/events/broadcaster.go:150.2,150.118 1 106
github.com/argusops/argusops/internal/events/broadcaster.go:150.118,152.3 1 0
github.com/argusops/argusops/internal/events/broadcaster.go:160.71,163.35 3 107
github.com/argusops/argusops/internal/events/broadcaster.go:163.35,164.10 1 104
github.com/argusops/argusops/internal/events/broadcaster.go:165.20,165.20 0 21
github.com/argusops/argusops/internal/events/broadcaster.go:166.11,166.11 0 83
github.com/argusops/argusops/internal/events/broadcaster.go:180.50,181.23 1 9
github.com/argusops/argusops/internal/events/broadcaster.go:181.23,182.63 1 9
github.com/argusops/argusops/internal/events/broadcaster.go:182.63,184.4 1 0
github.com/argusops/argusops/internal/events/broadcaster.go:185.3,185.10 1 9
github.com/argusops/argusops/internal/events/broadcaster.go:186.21,187.10 1 9
github.com/argusops/argusops/internal/events/broadcaster.go:188.37,188.37 0 0
github.com/argusops/argusops/internal/events/broadcaster.go:195.61,198.16 3 9
github.com/argusops/argusops/internal/events/broadcaster.go:198.16,200.3 1 0
github.com/argusops/argusops/internal/events/broadcaster.go:201.2,203.67 2 9
github.com/argusops/argusops/internal/events/broadcaster.go:203.67,205.3 1 0
github.com/argusops/argusops/internal/events/broadcaster.go:206.2,207.24 2 9
github.com/argusops/argusops/internal/events/broadcaster.go:207.24,207.42 1 9
github.com/argusops/argusops/internal/events/broadcaster.go:209.2,209.6 1 9
github.com/argusops/argusops/internal/events/broadcaster.go:209.6,211.17 2 116
github.com/argusops/argusops/internal/events/broadcaster.go:211.17,213.4 1 9
github.com/argusops/argusops/internal/events/broadcaster.go:215.3,216.76 2 107
github.com/argusops/argusops/internal/events/broadcaster.go:216.76,218.12 2 0
github.com/argusops/argusops/internal/events/broadcaster.go:220.3,220.44 1 107
github.com/argusops/argusops/internal/authn/jwt.go:52.52,54.2 1 4
github.com/argusops/argusops/internal/authn/jwt.go:56.154,73.16 5 4
github.com/argusops/argusops/internal/authn/jwt.go:73.16,75.3 1 0
github.com/argusops/argusops/internal/authn/jwt.go:76.2,76.20 1 4
github.com/argusops/argusops/internal/authn/jwt.go:86.54,88.2 1 7
github.com/argusops/argusops/internal/authn/jwt.go:90.64,92.90 2 8
github.com/argusops/argusops/internal/authn/jwt.go:92.90,93.53 1 5
github.com/argusops/argusops/internal/authn/jwt.go:93.53,95.4 1 1
github.com/argusops/argusops/internal/authn/jwt.go:96.3,96.26 1 4
github.com/argusops/argusops/internal/authn/jwt.go:98.2,98.16 1 8
github.com/argusops/argusops/internal/authn/jwt.go:98.16,100.3 1 6
github.com/argusops/argusops/internal/authn/jwt.go:101.2,101.18 1 2
github.com/argusops/argusops/internal/authn/jwt.go:101.18,103.3 1 0
github.com/argusops/argusops/internal/authn/jwt.go:104.2,104.21 1 2
github.com/argusops/argusops/internal/authn/keys.go:23.58,25.2 1 11
github.com/argusops/argusops/internal/authn/keys.go:33.57,34.48 1 1
github.com/argusops/argusops/internal/authn/keys.go:34.48,36.3 1 0
github.com/argusops/argusops/internal/authn/keys.go:38.2,41.92 2 1
github.com/argusops/argusops/internal/authn/keys.go:41.92,43.3 1 0
github.com/argusops/argusops/internal/authn/keys.go:45.2,46.16 2 1
github.com/argusops/argusops/internal/authn/keys.go:46.16,48.3 1 0
github.com/argusops/argusops/internal/authn/keys.go:49.2,50.90 2 1
github.com/argusops/argusops/internal/authn/keys.go:50.90,52.3 1 0
github.com/argusops/argusops/internal/authn/keys.go:53.2,53.12 1 1
github.com/argusops/argusops/internal/authn/keys.go:60.59,62.16 2 7
github.com/argusops/argusops/internal/authn/keys.go:62.16,64.3 1 1
github.com/argusops/argusops/internal/authn/keys.go:65.2,66.18 2 6
github.com/argusops/argusops/internal/authn/keys.go:66.18,68.3 1 1
github.com/argusops/argusops/internal/authn/keys.go:70.2,70.68 1 5
github.com/argusops/argusops/internal/authn/keys.go:70.68,72.3 1 2
github.com/argusops/argusops/internal/authn/keys.go:73.2,74.16 2 3
github.com/argusops/argusops/internal/authn/keys.go:74.16,76.3 1 1
github.com/argusops/argusops/internal/authn/keys.go:77.2,78.9 2 2
github.com/argusops/argusops/internal/authn/keys.go:78.9,80.3 1 1
github.com/argusops/argusops/internal/authn/keys.go:81.2,81.20 1 1
github.com/argusops/argusops/internal/authn/keys.go:88.57,90.16 2 6
github.com/argusops/argusops/internal/authn/keys.go:90.16,92.3 1 1
github.com/argusops/argusops/internal/authn/keys.go:93.2,94.18 2 5
github.com/argusops/argusops/internal/authn/keys.go:94.18,96.3 1 1
github.com/argusops/argusops/internal/authn/keys.go:97.2,98.16 2 4
github.com/argusops/argusops/internal/authn/keys.go:98.16,100.3 1 1
github.com/argusops/argusops/internal/authn/keys.go:101.2,102.9 2 3
github.com/argusops/argusops/internal/authn/keys.go:102.9,104.3 1 1
github.com/argusops/argusops/internal/authn/keys.go:105.2,105.20 1 2
github.com/argusops/argusops/internal/authn/ldap.go:44.82,46.16 2 12
github.com/argusops/argusops/internal/authn/ldap.go:46.16,48.3 1 2
github.com/argusops/argusops/internal/authn/ldap.go:49.2,51.60 2 10
github.com/argusops/argusops/internal/authn/ldap.go:51.60,53.3 1 1
github.com/argusops/argusops/internal/authn/ldap.go:58.2,64.16 4 9
github.com/argusops/argusops/internal/authn/ldap.go:64.16,66.3 1 1
github.com/argusops/argusops/internal/authn/ldap.go:67.2,67.30 1 8
github.com/argusops/argusops/internal/authn/ldap.go:67.30,69.3 1 3
github.com/argusops/argusops/internal/authn/ldap.go:70.2,75.54 2 5
github.com/argusops/argusops/internal/authn/ldap.go:75.54,77.3 1 1
github.com/argusops/argusops/internal/authn/ldap.go:79.2,80.16 2 4
github.com/argusops/argusops/internal/authn/ldap.go:80.16,82.3 1 2
github.com/argusops/argusops/internal/authn/ldap.go:83.2,83.16 1 4
github.com/argusops/argusops/internal/authn/ldap.go:83.16,85.3 1 1
github.com/argusops/argusops/internal/authn/ldap.go:87.2,87.103 1 4
github.com/argusops/argusops/internal/authn/ldap.go:92.49,95.14 3 12
github.com/argusops/argusops/internal/authn/ldap.go:95.14,98.3 2 1
github.com/argusops/argusops/internal/authn/ldap.go:99.2,99.62 1 11
github.com/argusops/argusops/internal/authn/password.go:33.52,35.43 2 5
github.com/argusops/argusops/internal/authn/password.go:35.43,37.3 1 0
github.com/argusops/argusops/internal/authn/password.go:39.2,46.8 2 5
github.com/argusops/argusops/internal/authn/password.go:52.61,54.47 2 12
github.com/argusops/argusops/internal/authn/password.go:54.47,56.3 1 3
github.com/argusops/argusops/internal/authn/password.go:58.2,59.66 2 9
github.com/argusops/argusops/internal/authn/password.go:59.66,61.3 1 1
github.com/argusops/argusops/internal/authn/password.go:63.2,66.93 4 8
github.com/argusops/argusops/internal/authn/password.go:66.93,68.3 1 1
github.com/argusops/argusops/internal/authn/password.go:70.2,71.16 2 7
github.com/argusops/argusops/internal/authn/password.go:71.16,73.3 1 1
github.com/argusops/argusops/internal/authn/password.go:74.2,75.16 2 6
github.com/argusops/argusops/internal/authn/password.go:75.16,77.3 1 1
github.com/argusops/argusops/internal/authn/password.go:79.2,84.56 2 5
github.com/argusops/argusops/internal/authn/saml.go:39.77,41.16 2 11
github.com/argusops/argusops/internal/authn/saml.go:41.16,43.3 1 0
github.com/argusops/argusops/internal/authn/saml.go:45.2,46.16 2 11
github.com/argusops/argusops/internal/authn/saml.go:46.16,48.3 1 0
github.com/argusops/argusops/internal/authn/saml.go:50.2,59.16 3 11
github.com/argusops/argusops/internal/authn/saml.go:59.16,61.3 1 0
github.com/argusops/argusops/internal/authn/saml.go:63.2,65.29 3 11
github.com/argusops/argusops/internal/authn/saml.go:74.92,75.56 1 13
github.com/argusops/argusops/internal/authn/saml.go:75.56,77.17 2 11
github.com/argusops/argusops/internal/authn/saml.go:77.17,79.4 1 2
github.com/argusops/argusops/internal/authn/saml.go:80.3,80.23 1 9
github.com/argusops/argusops/internal/authn/saml.go:82.2,82.56 1 2
github.com/argusops/argusops/internal/authn/saml.go:82.56,84.17 2 0
github.com/argusops/argusops/internal/authn/saml.go:84.17,86.4 1 0
github.com/argusops/argusops/internal/authn/saml.go:87.3,88.17 2 0
github.com/argusops/argusops/internal/authn/saml.go:88.17,90.4 1 0
github.com/argusops/argusops/internal/authn/saml.go:91.3,91.23 1 0
github.com/argusops/argusops/internal/authn/saml.go:93.2,93.61 1 2
github.com/argusops/argusops/internal/authn/saml.go:99.120,101.22 2 10
github.com/argusops/argusops/internal/authn/saml.go:101.22,103.3 1 2
github.com/argusops/argusops/internal/authn/saml.go:104.2,105.16 2 8
github.com/argusops/argusops/internal/authn/saml.go:105.16,107.3 1 0
github.com/argusops/argusops/internal/authn/saml.go:109.2,110.21 2 8
github.com/argusops/argusops/internal/authn/saml.go:110.21,112.3 1 1
github.com/argusops/argusops/internal/authn/saml.go:113.2,114.16 2 7
github.com/argusops/argusops/internal/authn/saml.go:114.16,116.3 1 0
github.com/argusops/argusops/internal/authn/saml.go:118.2,119.16 2 7
github.com/argusops/argusops/internal/authn/saml.go:119.16,121.3 1 1
github.com/argusops/argusops/internal/authn/saml.go:123.2,129.8 1 6
github.com/argusops/argusops/internal/authn/saml.go:139.93,141.16 2 10
github.com/argusops/argusops/internal/authn/saml.go:141.16,143.3 1 2
github.com/argusops/argusops/internal/authn/saml.go:144.2,144.57 1 8
github.com/argusops/argusops/internal/authn/saml.go:173.92,175.16 2 1
github.com/argusops/argusops/internal/authn/saml.go:175.16,177.3 1 0
github.com/argusops/argusops/internal/authn/saml.go:179.2,192.16 3 1
github.com/argusops/argusops/internal/authn/saml.go:192.16,194.3 1 0
github.com/argusops/argusops/internal/authn/saml.go:195.2,196.12 2 1
github.com/argusops/argusops/internal/authn/saml.go:202.69,204.16 2 1
github.com/argusops/argusops/internal/authn/saml.go:204.16,207.3 2 0
github.com/argusops/argusops/internal/authn/saml.go:208.2,209.21 2 1
github.com/argusops/argusops/internal/authn/saml.go:227.137,231.63 2 2
github.com/argusops/argusops/internal/authn/saml.go:231.63,233.3 1 0
github.com/argusops/argusops/internal/authn/saml.go:234.2,234.84 1 2
github.com/argusops/argusops/internal/authn/saml.go:234.84,237.3 2 0
github.com/argusops/argusops/internal/authn/saml.go:239.2,240.16 2 2
github.com/argusops/argusops/internal/authn/saml.go:240.16,242.3 1 2
github.com/argusops/argusops/internal/authn/saml.go:243.2,243.65 1 0
github.com/argusops/argusops/internal/authn/saml.go:243.65,245.3 1 0
github.com/argusops/argusops/internal/authn/saml.go:247.2,249.53 2 0
github.com/argusops/argusops/internal/authn/saml.go:249.53,250.40 1 0
github.com/argusops/argusops/internal/authn/saml.go:250.40,252.34 2 0
github.com/argusops/argusops/internal/authn/saml.go:252.34,254.5 1 0
github.com/argusops/argusops/internal/authn/saml.go:255.4,255.82 1 0
github.com/argusops/argusops/internal/authn/saml.go:255.82,257.5 1 0
github.com/argusops/argusops/internal/authn/saml.go:258.4,258.72 1 0
github.com/argusops/argusops/internal/authn/saml.go:258.72,259.43 1 0
github.com/argusops/argusops/internal/authn/saml.go:259.43,261.6 1 0
github.com/argusops/argusops/internal/authn/saml.go:266.2,266.22 1 0
github.com/argusops/argusops/internal/authn/totp.go:22.43,24.42 2 1
github.com/argusops/argusops/internal/authn/totp.go:24.42,26.3 1 0
github.com/argusops/argusops/internal/authn/totp.go:27.2,27.82 1 1
github.com/argusops/argusops/internal/authn/totp.go:31.62,32.18 1 1
github.com/argusops/argusops/internal/authn/totp.go:32.18,34.3 1 0
github.com/argusops/argusops/internal/authn/totp.go:35.2,48.19 10 1
github.com/argusops/argusops/internal/authn/totp.go:52.63,54.16 2 5
github.com/argusops/argusops/internal/authn/totp.go:54.16,56.3 1 0
github.com/argusops/argusops/internal/authn/totp.go:58.2,70.39 10 5
github.com/argusops/argusops/internal/authn/totp.go:74.43,76.36 2 2
github.com/argusops/argusops/internal/authn/totp.go:76.36,78.3 1 0
github.com/argusops/argusops/internal/authn/totp.go:80.2,88.28 3 2
github.com/argusops/argusops/internal/authn/totp.go:88.28,90.37 2 4
github.com/argusops/argusops/internal/authn/totp.go:90.37,92.4 1 1
github.com/argusops/argusops/internal/authn/totp.go:94.2,94.14 1 1
github.com/argusops/argusops/internal/audit/cef.go:37.44,42.22 4 4
github.com/argusops/argusops/internal/audit/cef.go:42.22,44.3 1 1
github.com/argusops/argusops/internal/audit/cef.go:46.2,59.3 2 4
github.com/argusops/argusops/internal/audit/cef.go:65.49,67.2 1 4
github.com/argusops/argusops/internal/audit/cef.go:71.39,75.2 3 24
github.com/argusops/argusops/internal/audit/cef.go:80.42,86.2 5 24
github.com/argusops/argusops/internal/mailer/mailer.go:52.76,57.16 4 2
github.com/argusops/argusops/internal/mailer/mailer.go:57.16,59.3 1 1
github.com/argusops/argusops/internal/mailer/mailer.go:60.2,63.16 3 1
github.com/argusops/argusops/internal/mailer/mailer.go:63.16,65.3 1 0
github.com/argusops/argusops/internal/mailer/mailer.go:66.2,68.16 2 1
github.com/argusops/argusops/internal/mailer/mailer.go:68.16,69.48 1 0
github.com/argusops/argusops/internal/mailer/mailer.go:69.48,70.77 1 0
github.com/argusops/argusops/internal/mailer/mailer.go:70.77,72.5 1 0
github.com/argusops/argusops/internal/mailer/mailer.go:76.2,76.24 1 1
github.com/argusops/argusops/internal/mailer/mailer.go:76.24,78.43 2 0
github.com/argusops/argusops/internal/mailer/mailer.go:78.43,80.4 1 0
github.com/argusops/argusops/internal/mailer/mailer.go:83.2,83.59 1 1
github.com/argusops/argusops/internal/mailer/mailer.go:83.59,85.3 1 0
github.com/argusops/argusops/internal/mailer/mailer.go:86.2,86.44 1 1
github.com/argusops/argusops/internal/mailer/mailer.go:86.44,88.3 1 0
github.com/argusops/argusops/internal/mailer/mailer.go:90.2,91.16 2 1
github.com/argusops/argusops/internal/mailer/mailer.go:91.16,93.3 1 0
github.com/argusops/argusops/internal/mailer/mailer.go:94.2,94.65 1 1
github.com/argusops/argusops/internal/mailer/mailer.go:94.65,97.3 2 0
github.com/argusops/argusops/internal/mailer/mailer.go:98.2,98.35 1 1
github.com/argusops/argusops/internal/mailer/mailer.go:98.35,100.3 1 0
github.com/argusops/argusops/internal/mailer/mailer.go:102.2,102.22 1 1
github.com/argusops/argusops/internal/mailer/mailer.go:107.52,116.2 8 1
github.com/argusops/argusops/internal/mailer/mailer.go:121.38,122.52 1 1
github.com/argusops/argusops/internal/mailer/mailer.go:122.52,123.51 1 1
github.com/argusops/argusops/internal/mailer/mailer.go:123.51,125.4 1 1
github.com/argusops/argusops/internal/mailer/mailer.go:127.2,127.13 1 0
github.com/argusops/argusops/internal/llmclient/llmclient.go:90.78,91.14 1 11
github.com/argusops/argusops/internal/llmclient/llmclient.go:92.19,97.9 1 4
github.com/argusops/argusops/internal/llmclient/llmclient.go:98.58,99.39 1 6
github.com/argusops/argusops/internal/llmclient/llmclient.go:99.39,101.4 1 1
github.com/argusops/argusops/internal/llmclient/llmclient.go:102.3,107.9 1 5
github.com/argusops/argusops/internal/llmclient/llmclient.go:108.10,109.63 1 1
github.com/argusops/argusops/internal/llmclient/llmclient.go:168.103,176.16 2 3
github.com/argusops/argusops/internal/llmclient/llmclient.go:176.16,178.3 1 0
github.com/argusops/argusops/internal/llmclient/llmclient.go:180.2,181.16 2 3
github.com/argusops/argusops/internal/llmclient/llmclient.go:181.16,183.3 1 0
github.com/argusops/argusops/internal/llmclient/llmclient.go:184.2,188.16 4 3
github.com/argusops/argusops/internal/llmclient/llmclient.go:188.16,190.3 1 1
github.com/argusops/argusops/internal/llmclient/llmclient.go:192.2,193.56 2 2
github.com/argusops/argusops/internal/llmclient/llmclient.go:193.56,195.3 1 0
github.com/argusops/argusops/internal/llmclient/llmclient.go:196.2,196.23 1 2
github.com/argusops/argusops/internal/llmclient/llmclient.go:196.23,198.3 1 1
github.com/argusops/argusops/internal/llmclient/llmclient.go:199.2,199.28 1 1
github.com/argusops/argusops/internal/llmclient/llmclient.go:199.28,201.3 1 0
github.com/argusops/argusops/internal/llmclient/llmclient.go:202.2,202.45 1 1
github.com/argusops/argusops/internal/llmclient/llmclient.go:205.144,208.29 3 2
github.com/argusops/argusops/internal/llmclient/llmclient.go:208.29,210.3 1 4
github.com/argusops/argusops/internal/llmclient/llmclient.go:212.2,217.16 2 2
github.com/argusops/argusops/internal/llmclient/llmclient.go:217.16,219.3 1 0
github.com/argusops/argusops/internal/llmclient/llmclient.go:221.2,222.16 2 2
github.com/argusops/argusops/internal/llmclient/llmclient.go:222.16,224.3 1 0
github.com/argusops/argusops/internal/llmclient/llmclient.go:225.2,229.16 4 2
github.com/argusops/argusops/internal/llmclient/llmclient.go:229.16,231.3 1 0
github.com/argusops/argusops/internal/llmclient/llmclient.go:233.2,234.56 2 2
github.com/argusops/argusops/internal/llmclient/llmclient.go:234.56,236.3 1 0
github.com/argusops/argusops/internal/llmclient/llmclient.go:237.2,237.23 1 2
github.com/argusops/argusops/internal/llmclient/llmclient.go:237.23,239.3 1 0
github.com/argusops/argusops/internal/llmclient/llmclient.go:240.2,240.28 1 2
github.com/argusops/argusops/internal/llmclient/llmclient.go:240.28,242.3 1 0
github.com/argusops/argusops/internal/llmclient/llmclient.go:244.2,246.35 3 2
github.com/argusops/argusops/internal/llmclient/llmclient.go:246.35,248.34 2 1
github.com/argusops/argusops/internal/llmclient/llmclient.go:248.34,249.79 1 1
github.com/argusops/argusops/internal/llmclient/llmclient.go:249.79,251.5 1 0
github.com/argusops/argusops/internal/llmclient/llmclient.go:253.3,253.103 1 1
github.com/argusops/argusops/internal/llmclient/llmclient.go:255.2,255.20 1 2
github.com/argusops/argusops/internal/llmclient/llmclient.go:258.47,259.16 1 4
github.com/argusops/argusops/internal/llmclient/llmclient.go:260.16,261.83 1 1
github.com/argusops/argusops/internal/llmclient/llmclient.go:262.21,264.34 2 1
github.com/argusops/argusops/internal/llmclient/llmclient.go:264.34,270.4 2 1
github.com/argusops/argusops/internal/llmclient/llmclient.go:271.3,271.14 1 1
github.com/argusops/argusops/internal/llmclient/llmclient.go:272.10,273.57 1 2
github.com/argusops/argusops/internal/llmclient/llmclient.go:277.47,278.21 1 2
github.com/argusops/argusops/internal/llmclient/llmclient.go:278.21,280.3 1 1
github.com/argusops/argusops/internal/llmclient/llmclient.go:281.2,282.26 2 1
github.com/argusops/argusops/internal/llmclient/llmclient.go:282.26,286.3 1 1
github.com/argusops/argusops/internal/llmclient/llmclient.go:287.2,287.13 1 1
github.com/argusops/argusops/internal/llmclient/llmclient.go:334.106,341.16 2 2
github.com/argusops/argusops/internal/llmclient/llmclient.go:341.16,343.3 1 0
github.com/argusops/argusops/internal/llmclient/llmclient.go:345.2,346.16 2 2
github.com/argusops/argusops/internal/llmclient/llmclient.go:346.16,348.3 1 0
github.com/argusops/argusops/internal/llmclient/llmclient.go:349.2,354.16 5 2
github.com/argusops/argusops/internal/llmclient/llmclient.go:354.16,356.3 1 0
github.com/argusops/argusops/internal/llmclient/llmclient.go:358.2,359.56 2 2
github.com/argusops/argusops/internal/llmclient/llmclient.go:359.56,361.3 1 0
github.com/argusops/argusops/internal/llmclient/llmclient.go:362.2,362.23 1 2
github.com/argusops/argusops/internal/llmclient/llmclient.go:362.23,364.3 1 0
github.com/argusops/argusops/internal/llmclient/llmclient.go:365.2,365.37 1 2
github.com/argusops/argusops/internal/llmclient/llmclient.go:365.37,366.27 1 1
github.com/argusops/argusops/internal/llmclient/llmclient.go:366.27,368.4 1 1
github.com/argusops/argusops/internal/llmclient/llmclient.go:370.2,370.64 1 1
github.com/argusops/argusops/internal/llmclient/llmclient.go:419.147,421.29 2 2
github.com/argusops/argusops/internal/llmclient/llmclient.go:421.29,423.3 1 4
github.com/argusops/argusops/internal/llmclient/llmclient.go:425.2,429.16 2 2
github.com/argusops/argusops/internal/llmclient/llmclient.go:429.16,431.3 1 0
github.com/argusops/argusops/internal/llmclient/llmclient.go:433.2,434.16 2 2
github.com/argusops/argusops/internal/llmclient/llmclient.go:434.16,436.3 1 0
github.com/argusops/argusops/internal/llmclient/llmclient.go:437.2,442.16 5 2
github.com/argusops/argusops/internal/llmclient/llmclient.go:442.16,444.3 1 0
github.com/argusops/argusops/internal/llmclient/llmclient.go:446.2,447.56 2 2
github.com/argusops/argusops/internal/llmclient/llmclient.go:447.56,449.3 1 0
github.com/argusops/argusops/internal/llmclient/llmclient.go:450.2,450.23 1 2
github.com/argusops/argusops/internal/llmclient/llmclient.go:450.23,452.3 1 0
github.com/argusops/argusops/internal/llmclient/llmclient.go:454.2,455.37 2 2
github.com/argusops/argusops/internal/llmclient/llmclient.go:455.37,456.21 1 3
github.com/argusops/argusops/internal/llmclient/llmclient.go:457.15,458.29 1 2
github.com/argusops/argusops/internal/llmclient/llmclient.go:459.19,461.28 2 1
github.com/argusops/argusops/internal/llmclient/llmclient.go:461.28,462.62 1 1
github.com/argusops/argusops/internal/llmclient/llmclient.go:462.62,464.6 1 0
github.com/argusops/argusops/internal/llmclient/llmclient.go:466.4,466.101 1 1
github.com/argusops/argusops/internal/llmclient/llmclient.go:469.2,469.20 1 2
github.com/argusops/argusops/internal/llmclient/llmclient.go:472.58,473.16 1 4
github.com/argusops/argusops/internal/llmclient/llmclient.go:474.16,477.5 1 1
github.com/argusops/argusops/internal/llmclient/llmclient.go:478.21,480.22 2 1
github.com/argusops/argusops/internal/llmclient/llmclient.go:480.22,482.4 1 0
github.com/argusops/argusops/internal/llmclient/llmclient.go:483.3,483.34 1 1
github.com/argusops/argusops/internal/llmclient/llmclient.go:483.34,486.4 2 1
github.com/argusops/argusops/internal/llmclient/llmclient.go:487.3,487.67 1 1
github.com/argusops/argusops/internal/llmclient/llmclient.go:488.10,489.112 1 2
github.com/argusops/argusops/internal/llmclient/llmclient.go:493.56,494.21 1 2
github.com/argusops/argusops/internal/llmclient/llmclient.go:494.21,496.3 1 1
github.com/argusops/argusops/internal/llmclient/llmclient.go:497.2,498.26 2 1
github.com/argusops/argusops/internal/llmclient/llmclient.go:498.26,500.3 1 1
github.com/argusops/argusops/internal/llmclient/llmclient.go:501.2,501.13 1 1
github.com/argusops/argusops/internal/llmclient/llmclient.go:504.72,506.16 2 9
github.com/argusops/argusops/internal/llmclient/llmclient.go:506.16,508.3 1 0
github.com/argusops/argusops/internal/llmclient/llmclient.go:509.2,512.16 3 9
github.com/argusops/argusops/internal/llmclient/llmclient.go:512.16,514.3 1 0
github.com/argusops/argusops/internal/llmclient/llmclient.go:515.2,515.28 1 9
github.com/argusops/argusops/internal/llmclient/llmclient.go:515.28,517.3 1 1
github.com/argusops/argusops/internal/llmclient/llmclient.go:518.2,518.18 1 8
github.com/argusops/argusops/internal/mcpclient/jsonrpc.go:50.35,52.2 1 1
github.com/argusops/argusops/internal/mcpclient/jsonrpc.go:66.46,72.2 1 9
github.com/argusops/argusops/internal/mcpclient/jsonrpc.go:85.56,91.26 2 1
github.com/argusops/argusops/internal/mcpclient/jsonrpc.go:91.26,93.3 1 0
github.com/argusops/argusops/internal/mcpclient/jsonrpc.go:95.2,95.72 1 1
github.com/argusops/argusops/internal/mcpclient/jsonrpc.go:95.72,97.3 1 0
github.com/argusops/argusops/internal/mcpclient/jsonrpc.go:98.2,98.12 1 1
github.com/argusops/argusops/internal/mcpclient/jsonrpc.go:117.65,120.6 3 1
github.com/argusops/argusops/internal/mcpclient/jsonrpc.go:120.6,122.19 2 2
github.com/argusops/argusops/internal/mcpclient/jsonrpc.go:122.19,124.4 1 1
github.com/argusops/argusops/internal/mcpclient/jsonrpc.go:125.3,126.68 2 2
github.com/argusops/argusops/internal/mcpclient/jsonrpc.go:126.68,128.4 1 0
github.com/argusops/argusops/internal/mcpclient/jsonrpc.go:129.3,130.30 2 2
github.com/argusops/argusops/internal/mcpclient/jsonrpc.go:130.30,131.9 1 1
github.com/argusops/argusops/internal/mcpclient/jsonrpc.go:133.3,133.29 1 1
github.com/argusops/argusops/internal/mcpclient/jsonrpc.go:135.2,135.17 1 1
github.com/argusops/argusops/internal/mcpclient/jsonrpc.go:150.107,155.26 2 7
github.com/argusops/argusops/internal/mcpclient/jsonrpc.go:155.26,157.3 1 5
github.com/argusops/argusops/internal/mcpclient/jsonrpc.go:158.2,158.21 1 2
github.com/argusops/argusops/internal/mcpclient/jsonrpc.go:163.86,168.16 4 10
github.com/argusops/argusops/internal/mcpclient/jsonrpc.go:168.16,170.3 1 2
github.com/argusops/argusops/internal/mcpclient/jsonrpc.go:172.2,173.16 2 8
github.com/argusops/argusops/internal/mcpclient/jsonrpc.go:173.16,175.3 1 2
github.com/argusops/argusops/internal/mcpclient/jsonrpc.go:176.2,176.23 1 6
github.com/argusops/argusops/internal/mcpclient/jsonrpc.go:176.23,178.3 1 1
github.com/argusops/argusops/internal/mcpclient/jsonrpc.go:179.2,179.40 1 5
github.com/argusops/argusops/internal/mcpclient/jsonrpc.go:179.40,180.58 1 5
github.com/argusops/argusops/internal/mcpclient/jsonrpc.go:180.58,182.4 1 0
github.com/argusops/argusops/internal/mcpclient/jsonrpc.go:184.2,184.12 1 5
github.com/argusops/argusops/internal/mcpclient/jsonrpc.go:188.79,192.2 3 1
github.com/argusops/argusops/internal/mcpclient/jsonrpc.go:194.76,196.16 2 11
github.com/argusops/argusops/internal/mcpclient/jsonrpc.go:196.16,198.3 1 0
github.com/argusops/argusops/internal/mcpclient/jsonrpc.go:200.2,201.16 2 11
github.com/argusops/argusops/internal/mcpclient/jsonrpc.go:201.16,203.3 1 0
github.com/argusops/argusops/internal/mcpclient/jsonrpc.go:204.2,206.23 3 11
github.com/argusops/argusops/internal/mcpclient/jsonrpc.go:206.23,208.3 1 2
github.com/argusops/argusops/internal/mcpclient/jsonrpc.go:209.2,209.23 1 11
github.com/argusops/argusops/internal/mcpclient/jsonrpc.go:209.23,211.3 1 1
github.com/argusops/argusops/internal/mcpclient/jsonrpc.go:213.2,214.16 2 11
github.com/argusops/argusops/internal/mcpclient/jsonrpc.go:214.16,216.3 1 1
github.com/argusops/argusops/internal/mcpclient/jsonrpc.go:217.2,219.61 2 10
github.com/argusops/argusops/internal/mcpclient/jsonrpc.go:219.61,221.3 1 1
github.com/argusops/argusops/internal/mcpclient/jsonrpc.go:223.2,223.48 1 10
github.com/argusops/argusops/internal/mcpclient/jsonrpc.go:223.48,227.3 1 1
github.com/argusops/argusops/internal/mcpclient/jsonrpc.go:229.2,230.16 2 9
github.com/argusops/argusops/internal/mcpclient/jsonrpc.go:230.16,232.3 1 0
github.com/argusops/argusops/internal/mcpclient/jsonrpc.go:233.2,233.32 1 9
github.com/argusops/argusops/internal/mcpclient/jsonrpc.go:233.32,235.3 1 1
github.com/argusops/argusops/internal/mcpclient/jsonrpc.go:237.2,238.56 2 8
github.com/argusops/argusops/internal/mcpclient/jsonrpc.go:238.56,240.3 1 1
github.com/argusops/argusops/internal/mcpclient/jsonrpc.go:241.2,241.23 1 7
github.com/argusops/argusops/internal/mcpclient/jsonrpc.go:249.54,252.21 3 1
github.com/argusops/argusops/internal/mcpclient/jsonrpc.go:252.21,254.55 2 3
github.com/argusops/argusops/internal/mcpclient/jsonrpc.go:254.55,256.4 1 1
github.com/argusops/argusops/internal/mcpclient/jsonrpc.go:258.2,258.16 1 1
github.com/argusops/argusops/internal/mcpclient/jsonrpc.go:258.16,260.3 1 0
github.com/argusops/argusops/internal/mcpclient/jsonrpc.go:261.2,261.26 1 1
github.com/argusops/argusops/internal/mcpclient/jsonrpc.go:264.76,265.20 1 8
github.com/argusops/argusops/internal/mcpclient/jsonrpc.go:265.20,267.3 1 1
github.com/argusops/argusops/internal/mcpclient/jsonrpc.go:268.2,269.52 2 7
github.com/argusops/argusops/internal/mcpclient/jsonrpc.go:269.52,271.3 1 0
github.com/argusops/argusops/internal/mcpclient/jsonrpc.go:272.2,272.27 1 7
github.com/argusops/argusops/internal/mcpclient/jsonrpc.go:272.27,274.3 1 1
github.com/argusops/argusops/internal/mcpclient/jsonrpc.go:275.2,275.19 1 6
github.com/argusops/argusops/internal/notifier/notifier.go:48.46,49.21 1 5
github.com/argusops/argusops/internal/notifier/notifier.go:50.19,51.55 1 2
github.com/argusops/argusops/internal/notifier/notifier.go:52.15,53.51 1 1
github.com/argusops/argusops/internal/notifier/notifier.go:54.17,55.53 1 1
github.com/argusops/argusops/internal/notifier/notifier.go:56.10,57.76 1 1
github.com/argusops/argusops/internal/notifier/notifier.go:65.80,66.30 1 2
github.com/argusops/argusops/internal/notifier/notifier.go:66.30,68.3 1 1
github.com/argusops/argusops/internal/notifier/notifier.go:69.2,70.28 2 1
github.com/argusops/argusops/internal/notifier/notifier.go:70.28,72.3 1 1
github.com/argusops/argusops/internal/notifier/notifier.go:73.2,73.70 1 1
github.com/argusops/argusops/internal/notifier/pagerduty.go:49.48,50.18 1 8
github.com/argusops/argusops/internal/notifier/pagerduty.go:51.18,52.20 1 2
github.com/argusops/argusops/internal/notifier/pagerduty.go:53.14,54.17 1 2
github.com/argusops/argusops/internal/notifier/pagerduty.go:55.23,56.19 1 2
github.com/argusops/argusops/internal/notifier/pagerduty.go:57.10,58.16 1 2
github.com/argusops/argusops/internal/notifier/pagerduty.go:62.92,74.17 2 2
github.com/argusops/argusops/internal/notifier/pagerduty.go:74.17,76.3 1 1
github.com/argusops/argusops/internal/notifier/pagerduty.go:78.2,79.16 2 2
github.com/argusops/argusops/internal/notifier/pagerduty.go:79.16,81.3 1 0
github.com/argusops/argusops/internal/notifier/pagerduty.go:83.2,84.16 2 2
github.com/argusops/argusops/internal/notifier/pagerduty.go:84.16,86.3 1 0
github.com/argusops/argusops/internal/notifier/pagerduty.go:87.2,91.16 4 2
github.com/argusops/argusops/internal/notifier/pagerduty.go:91.16,93.3 1 0
github.com/argusops/argusops/internal/notifier/pagerduty.go:94.2,96.28 2 2
github.com/argusops/argusops/internal/notifier/pagerduty.go:96.28,99.3 2 1
github.com/argusops/argusops/internal/notifier/pagerduty.go:100.2,100.12 1 1
github.com/argusops/argusops/internal/notifier/retry.go:37.93,39.58 2 4
github.com/argusops/argusops/internal/notifier/retry.go:39.58,40.18 1 9
github.com/argusops/argusops/internal/notifier/retry.go:40.18,42.11 2 5
github.com/argusops/argusops/internal/notifier/retry.go:43.29,43.29 0 4
github.com/argusops/argusops/internal/notifier/retry.go:44.22,45.21 1 1
github.com/argusops/argusops/internal/notifier/retry.go:48.3,49.21 2 8
github.com/argusops/argusops/internal/notifier/retry.go:49.21,51.4 1 2
github.com/argusops/argusops/internal/notifier/retry.go:53.2,53.16 1 1
github.com/argusops/argusops/internal/notifier/slack.go:28.88,31.25 3 2
github.com/argusops/argusops/internal/notifier/slack.go:31.25,33.3 1 1
github.com/argusops/argusops/internal/notifier/slack.go:34.2,34.17 1 2
github.com/argusops/argusops/internal/notifier/slack.go:34.17,36.3 1 1
github.com/argusops/argusops/internal/notifier/slack.go:38.2,39.16 2 2
github.com/argusops/argusops/internal/notifier/slack.go:39.16,41.3 1 0
github.com/argusops/argusops/internal/notifier/slack.go:43.2,44.16 2 2
github.com/argusops/argusops/internal/notifier/slack.go:44.16,46.3 1 0
github.com/argusops/argusops/internal/notifier/slack.go:47.2,51.16 4 2
github.com/argusops/argusops/internal/notifier/slack.go:51.16,53.3 1 0
github.com/argusops/argusops/internal/notifier/slack.go:54.2,56.28 2 2
github.com/argusops/argusops/internal/notifier/slack.go:56.28,59.3 2 1
github.com/argusops/argusops/internal/notifier/slack.go:60.2,60.12 1 1
github.com/argusops/argusops/internal/notifier/webhook.go:43.68,52.2 2 0
github.com/argusops/argusops/internal/notifier/webhook.go:54.92,56.22 2 2
github.com/argusops/argusops/internal/notifier/webhook.go:56.22,58.3 1 0
github.com/argusops/argusops/internal/notifier/webhook.go:58.8,60.17 2 2
github.com/argusops/argusops/internal/notifier/webhook.go:60.17,62.4 1 0
github.com/argusops/argusops/internal/notifier/webhook.go:63.3,63.11 1 2
github.com/argusops/argusops/internal/notifier/webhook.go:66.2,67.16 2 2
github.com/argusops/argusops/internal/notifier/webhook.go:67.16,69.3 1 0
github.com/argusops/argusops/internal/notifier/webhook.go:70.2,74.16 4 2
github.com/argusops/argusops/internal/notifier/webhook.go:74.16,76.3 1 0
github.com/argusops/argusops/internal/notifier/webhook.go:77.2,79.28 2 2
github.com/argusops/argusops/internal/notifier/webhook.go:79.28,82.3 2 1
github.com/argusops/argusops/internal/notifier/webhook.go:83.2,83.12 1 1
github.com/argusops/argusops/cmd/api/main.go:36.13,40.16 3 0
github.com/argusops/argusops/cmd/api/main.go:40.16,43.3 2 0
github.com/argusops/argusops/cmd/api/main.go:60.2,62.22 3 0
github.com/argusops/argusops/cmd/api/main.go:62.22,64.3 1 0
github.com/argusops/argusops/cmd/api/main.go:66.2,67.16 2 0
github.com/argusops/argusops/cmd/api/main.go:67.16,70.3 2 0
github.com/argusops/argusops/cmd/api/main.go:72.2,76.16 4 0
github.com/argusops/argusops/cmd/api/main.go:76.16,79.3 2 0
github.com/argusops/argusops/cmd/api/main.go:80.2,130.16 24 0
github.com/argusops/argusops/cmd/api/main.go:130.16,133.3 2 0
github.com/argusops/argusops/cmd/api/main.go:134.2,195.58 35 0
github.com/argusops/argusops/cmd/api/main.go:195.58,198.3 2 0
github.com/argusops/argusops/cmd/api/main.go:199.2,232.22 29 0
github.com/argusops/argusops/cmd/api/main.go:232.22,234.3 1 0
github.com/argusops/argusops/cmd/api/main.go:239.2,278.12 4 0
github.com/argusops/argusops/cmd/api/main.go:278.12,280.87 2 0
github.com/argusops/argusops/cmd/api/main.go:280.87,283.4 2 0
github.com/argusops/argusops/cmd/api/main.go:286.2,291.50 5 0
github.com/argusops/argusops/cmd/api/main.go:291.50,293.3 1 0
github.com/argusops/argusops/cmd/api/main.go:304.130,305.63 1 5
github.com/argusops/argusops/cmd/api/main.go:305.63,306.22 1 4
github.com/argusops/argusops/cmd/api/main.go:306.22,308.4 1 1
github.com/argusops/argusops/cmd/api/main.go:310.3,312.74 3 3
github.com/argusops/argusops/cmd/api/main.go:312.74,314.18 2 1
github.com/argusops/argusops/cmd/api/main.go:314.18,316.5 1 0
github.com/argusops/argusops/cmd/api/main.go:317.4,318.37 2 1
github.com/argusops/argusops/cmd/api/main.go:321.3,323.17 3 2
github.com/argusops/argusops/cmd/api/main.go:323.17,325.4 1 0
github.com/argusops/argusops/cmd/api/main.go:326.3,326.64 1 2
github.com/argusops/argusops/cmd/api/main.go:326.64,328.4 1 0
github.com/argusops/argusops/cmd/api/main.go:329.3,329.34 1 2
github.com/argusops/argusops/cmd/api/main.go:332.2,333.16 2 1
github.com/argusops/argusops/cmd/api/main.go:333.16,335.3 1 0
github.com/argusops/argusops/cmd/api/main.go:336.2,337.16 2 1
github.com/argusops/argusops/cmd/api/main.go:337.16,339.3 1 0
github.com/argusops/argusops/cmd/api/main.go:340.2,340.35 1 1
github.com/argusops/argusops/internal/httpserver/healthcheck.go:19.55,20.54 1 1
github.com/argusops/argusops/internal/httpserver/healthcheck.go:20.54,23.40 3 1
github.com/argusops/argusops/internal/httpserver/healthcheck.go:23.40,27.4 3 1
github.com/argusops/argusops/internal/httpserver/healthcheck.go:28.3,29.31 2 0
github.com/argusops/argusops/internal/httpserver/healthcheck.go:41.52,44.2 2 2
github.com/argusops/argusops/internal/httpserver/healthcheck.go:63.81,69.2 5 2
github.com/argusops/argusops/internal/httpserver/metrics.go:64.59,66.2 1 1
github.com/argusops/argusops/internal/httpserver/metrics.go:71.37,73.2 1 13
github.com/argusops/argusops/internal/httpserver/metrics.go:81.63,85.2 3 0
github.com/argusops/argusops/internal/httpserver/metrics.go:87.78,89.9 2 11
github.com/argusops/argusops/internal/httpserver/metrics.go:90.37,91.24 1 7
github.com/argusops/argusops/internal/httpserver/metrics.go:92.37,93.24 1 2
github.com/argusops/argusops/internal/httpserver/metrics.go:94.21,95.24 1 1
github.com/argusops/argusops/internal/httpserver/metrics.go:98.2,104.52 4 11
github.com/argusops/argusops/internal/httpserver/metrics.go:104.52,105.23 1 99
github.com/argusops/argusops/internal/httpserver/metrics.go:105.23,107.4 1 88
github.com/argusops/argusops/internal/httpserver/metrics.go:111.37,113.2 1 3
github.com/argusops/argusops/internal/httpserver/metrics.go:115.37,117.2 1 1
github.com/argusops/argusops/internal/httpserver/metrics.go:125.56,127.2 1 0
github.com/argusops/argusops/internal/httpserver/metrics.go:130.56,131.71 1 8
github.com/argusops/argusops/internal/httpserver/metrics.go:131.71,134.16 3 7
github.com/argusops/argusops/internal/httpserver/metrics.go:134.16,136.4 1 7
github.com/argusops/argusops/internal/httpserver/metrics.go:137.3,137.24 1 7
github.com/argusops/argusops/internal/httpserver/metrics.go:142.61,165.52 18 5
github.com/argusops/argusops/internal/httpserver/metrics.go:165.52,167.3 1 45
github.com/argusops/argusops/internal/httpserver/metrics.go:168.2,181.51 9 5
github.com/argusops/argusops/internal/httpserver/metrics.go:181.51,184.3 2 1
github.com/argusops/argusops/internal/httpserver/metrics.go:185.2,185.25 1 5
github.com/argusops/argusops/internal/httpserver/metrics.go:185.25,188.35 3 1
github.com/argusops/argusops/internal/httpserver/metrics.go:188.35,190.4 1 1
github.com/argusops/argusops/internal/httpserver/metrics.go:193.2,193.19 1 5
github.com/argusops/argusops/internal/httpserver/metrics.go:193.19,210.3 13 0
github.com/argusops/argusops/internal/httpserver/router.go:69.43,70.34 1 5
github.com/argusops/argusops/internal/httpserver/router.go:70.34,72.3 1 5
github.com/argusops/argusops/internal/httpserver/router.go:74.2,99.41 12 5
github.com/argusops/argusops/internal/httpserver/router.go:99.41,102.3 2 5
github.com/argusops/argusops/internal/httpserver/router.go:104.2,104.42 1 5
github.com/argusops/argusops/internal/httpserver/router.go:104.42,123.34 4 5
github.com/argusops/argusops/internal/httpserver/router.go:123.34,165.40 8 5
github.com/argusops/argusops/internal/httpserver/router.go:165.40,168.5 2 5
github.com/argusops/argusops/internal/httpserver/router.go:170.4,170.38 1 5
github.com/argusops/argusops/internal/httpserver/router.go:170.38,173.5 2 5
github.com/argusops/argusops/internal/httpserver/router.go:175.4,175.41 1 5
github.com/argusops/argusops/internal/httpserver/router.go:175.41,178.5 2 5
github.com/argusops/argusops/internal/httpserver/router.go:183.4,183.37 1 5
github.com/argusops/argusops/internal/httpserver/router.go:183.37,200.5 16 5
github.com/argusops/argusops/internal/httpserver/router.go:204.2,204.10 1 5
github.com/argusops/argusops/internal/secrets/factory.go:21.90,22.28 1 8
github.com/argusops/argusops/internal/secrets/factory.go:23.17,24.37 1 3
github.com/argusops/argusops/internal/secrets/factory.go:24.37,26.4 1 1
github.com/argusops/argusops/internal/secrets/factory.go:27.3,27.68 1 2
github.com/argusops/argusops/internal/secrets/factory.go:28.15,29.50 1 2
github.com/argusops/argusops/internal/secrets/factory.go:29.50,31.4 1 1
github.com/argusops/argusops/internal/secrets/factory.go:32.3,32.75 1 1
github.com/argusops/argusops/internal/secrets/factory.go:33.13,34.108 1 2
github.com/argusops/argusops/internal/secrets/factory.go:34.108,36.4 1 1
github.com/argusops/argusops/internal/secrets/factory.go:37.3,37.102 1 1
github.com/argusops/argusops/internal/secrets/factory.go:38.10,39.101 1 1
github.com/argusops/argusops/internal/secrets/kms_store.go:30.86,36.2 2 1
github.com/argusops/argusops/internal/secrets/kms_store.go:40.97,45.16 2 1
github.com/argusops/argusops/internal/secrets/kms_store.go:45.16,47.3 1 0
github.com/argusops/argusops/internal/secrets/kms_store.go:48.2,48.85 1 1
github.com/argusops/argusops/internal/secrets/kms_store.go:55.80,56.15 1 4
github.com/argusops/argusops/internal/secrets/kms_store.go:56.15,58.3 1 1
github.com/argusops/argusops/internal/secrets/kms_store.go:59.2,60.9 2 3
github.com/argusops/argusops/internal/secrets/kms_store.go:60.9,62.3 1 1
github.com/argusops/argusops/internal/secrets/kms_store.go:63.2,64.16 2 2
github.com/argusops/argusops/internal/secrets/kms_store.go:64.16,66.3 1 1
github.com/argusops/argusops/internal/secrets/kms_store.go:68.2,72.16 2 1
github.com/argusops/argusops/internal/secrets/kms_store.go:72.16,74.3 1 0
github.com/argusops/argusops/internal/secrets/kms_store.go:75.2,75.35 1 1
github.com/argusops/argusops/internal/secrets/persistent_store.go:68.118,70.16 2 13
github.com/argusops/argusops/internal/secrets/persistent_store.go:70.16,72.3 1 1
github.com/argusops/argusops/internal/secrets/persistent_store.go:73.2,73.20 1 12
github.com/argusops/argusops/internal/secrets/persistent_store.go:73.20,75.3 1 1
github.com/argusops/argusops/internal/secrets/persistent_store.go:76.2,77.16 2 11
github.com/argusops/argusops/internal/secrets/persistent_store.go:77.16,79.3 1 0
github.com/argusops/argusops/internal/secrets/persistent_store.go:80.2,81.16 2 11
github.com/argusops/argusops/internal/secrets/persistent_store.go:81.16,83.3 1 0
github.com/argusops/argusops/internal/secrets/persistent_store.go:85.2,87.16 3 11
github.com/argusops/argusops/internal/secrets/persistent_store.go:87.16,89.3 1 0
github.com/argusops/argusops/internal/secrets/persistent_store.go:90.2,93.15 3 11
github.com/argusops/argusops/internal/secrets/persistent_store.go:101.63,104.6 3 12
github.com/argusops/argusops/internal/secrets/persistent_store.go:104.6,105.10 1 13
github.com/argusops/argusops/internal/secrets/persistent_store.go:106.21,107.10 1 4
github.com/argusops/argusops/internal/secrets/persistent_store.go:108.19,110.18 2 1
github.com/argusops/argusops/internal/secrets/persistent_store.go:110.18,112.13 2 1
github.com/argusops/argusops/internal/secrets/persistent_store.go:114.4,116.17 3 0
github.com/argusops/argusops/internal/secrets/persistent_store.go:126.87,128.16 2 12
github.com/argusops/argusops/internal/secrets/persistent_store.go:128.16,130.3 1 1
github.com/argusops/argusops/internal/secrets/persistent_store.go:131.2,134.18 3 11
github.com/argusops/argusops/internal/secrets/persistent_store.go:134.18,137.62 3 44
github.com/argusops/argusops/internal/secrets/persistent_store.go:137.62,139.4 1 0
github.com/argusops/argusops/internal/secrets/persistent_store.go:140.3,141.17 2 44
github.com/argusops/argusops/internal/secrets/persistent_store.go:141.17,143.4 1 0
github.com/argusops/argusops/internal/secrets/persistent_store.go:144.3,144.34 1 44
github.com/argusops/argusops/internal/secrets/persistent_store.go:146.2,146.35 1 11
github.com/argusops/argusops/internal/secrets/persistent_store.go:146.35,148.3 1 0
github.com/argusops/argusops/internal/secrets/persistent_store.go:149.2,149.20 1 11
github.com/argusops/argusops/internal/secrets/persistent_store.go:152.104,156.59 3 5
github.com/argusops/argusops/internal/secrets/persistent_store.go:156.59,158.3 1 0
github.com/argusops/argusops/internal/secrets/persistent_store.go:159.2,166.16 2 5
github.com/argusops/argusops/internal/secrets/persistent_store.go:166.16,168.3 1 0
github.com/argusops/argusops/internal/secrets/persistent_store.go:170.2,173.17 4 5
github.com/argusops/argusops/internal/secrets/persistent_store.go:176.87,180.2 3 6
github.com/argusops/argusops/internal/secrets/store.go:37.30,39.2 1 4
github.com/argusops/argusops/internal/secrets/store.go:41.94,47.2 5 53
github.com/argusops/argusops/internal/secrets/store.go:49.77,53.2 3 54
github.com/argusops/argusops/internal/secrets/vault_store.go:33.59,38.2 1 6
github.com/argusops/argusops/internal/secrets/vault_store.go:43.96,47.16 3 4
github.com/argusops/argusops/internal/secrets/vault_store.go:47.16,49.3 1 0
github.com/argusops/argusops/internal/secrets/vault_store.go:50.2,50.71 1 4
github.com/argusops/argusops/internal/secrets/vault_store.go:50.71,52.3 1 1
github.com/argusops/argusops/internal/secrets/vault_store.go:53.2,53.18 1 3
github.com/argusops/argusops/internal/secrets/vault_store.go:58.79,59.15 1 5
github.com/argusops/argusops/internal/secrets/vault_store.go:59.15,61.3 1 1
github.com/argusops/argusops/internal/secrets/vault_store.go:63.2,70.66 2 4
github.com/argusops/argusops/internal/secrets/vault_store.go:70.66,72.3 1 1
github.com/argusops/argusops/internal/secrets/vault_store.go:73.2,73.33 1 3
github.com/argusops/argusops/internal/secrets/vault_store.go:76.98,80.20 3 8
github.com/argusops/argusops/internal/secrets/vault_store.go:80.20,82.3 1 4
github.com/argusops/argusops/internal/secrets/vault_store.go:83.2,84.16 2 8
github.com/argusops/argusops/internal/secrets/vault_store.go:84.16,86.3 1 0
github.com/argusops/argusops/internal/secrets/vault_store.go:87.2,88.20 2 8
github.com/argusops/argusops/internal/secrets/vault_store.go:88.20,90.3 1 4
github.com/argusops/argusops/internal/secrets/vault_store.go:92.2,93.16 2 8
github.com/argusops/argusops/internal/secrets/vault_store.go:93.16,95.3 1 0
github.com/argusops/argusops/internal/secrets/vault_store.go:96.2,99.16 3 8
github.com/argusops/argusops/internal/secrets/vault_store.go:99.16,101.3 1 0
github.com/argusops/argusops/internal/secrets/vault_store.go:102.2,102.28 1 8
github.com/argusops/argusops/internal/secrets/vault_store.go:102.28,104.3 1 2
github.com/argusops/argusops/internal/secrets/vault_store.go:105.2,105.16 1 6
github.com/argusops/argusops/internal/secrets/vault_store.go:105.16,106.55 1 3
github.com/argusops/argusops/internal/secrets/vault_store.go:106.55,108.4 1 0
github.com/argusops/argusops/internal/secrets/vault_store.go:110.2,110.12 1 6
github.com/argusops/argusops/internal/dbmigrate/service.go:40.49,42.2 1 0
github.com/argusops/argusops/internal/dbmigrate/service.go:47.82,49.16 2 0
github.com/argusops/argusops/internal/dbmigrate/service.go:49.16,51.3 1 0
github.com/argusops/argusops/internal/dbmigrate/service.go:52.2,54.39 2 0
github.com/argusops/argusops/internal/dbmigrate/service.go:54.39,56.3 1 0
github.com/argusops/argusops/internal/dbmigrate/service.go:57.2,57.12 1 0
github.com/argusops/argusops/internal/dbmigrate/service.go:66.95,68.16 2 0
github.com/argusops/argusops/internal/dbmigrate/service.go:68.16,70.3 1 0
github.com/argusops/argusops/internal/dbmigrate/service.go:71.2,74.16 3 0
github.com/argusops/argusops/internal/dbmigrate/service.go:74.16,76.3 1 0
github.com/argusops/argusops/internal/dbmigrate/service.go:78.2,79.16 2 0
github.com/argusops/argusops/internal/dbmigrate/service.go:79.16,81.3 1 0
github.com/argusops/argusops/internal/dbmigrate/service.go:82.2,84.61 2 0
github.com/argusops/argusops/internal/dbmigrate/service.go:84.61,86.3 1 0
github.com/argusops/argusops/internal/dbmigrate/service.go:88.2,89.16 2 0
github.com/argusops/argusops/internal/dbmigrate/service.go:89.16,91.3 1 0
github.com/argusops/argusops/internal/dbmigrate/service.go:92.2,92.21 1 0
github.com/argusops/argusops/internal/dbmigrate/service.go:105.81,107.16 2 0
github.com/argusops/argusops/internal/dbmigrate/service.go:107.16,109.3 1 0
github.com/argusops/argusops/internal/dbmigrate/service.go:110.2,112.65 2 0
github.com/argusops/argusops/internal/dbmigrate/service.go:112.65,114.3 1 0
github.com/argusops/argusops/internal/dbmigrate/service.go:115.2,115.12 1 0
github.com/argusops/argusops/internal/dbmigrate/service.go:128.114,130.16 2 0
github.com/argusops/argusops/internal/dbmigrate/service.go:130.16,132.3 1 0
github.com/argusops/argusops/internal/dbmigrate/service.go:133.2,136.77 2 0
github.com/argusops/argusops/internal/dbmigrate/service.go:136.77,138.3 1 0
github.com/argusops/argusops/internal/dbmigrate/service.go:139.2,147.37 2 0
github.com/argusops/argusops/internal/dbmigrate/service.go:147.37,148.49 1 0
github.com/argusops/argusops/internal/dbmigrate/service.go:148.49,150.4 1 0
github.com/argusops/argusops/internal/dbmigrate/service.go:153.2,154.75 1 0
github.com/argusops/argusops/internal/dbmigrate/service.go:154.75,156.3 1 0
github.com/argusops/argusops/internal/dbmigrate/service.go:157.2,168.40 2 0
github.com/argusops/argusops/internal/dbmigrate/service.go:168.40,169.49 1 0
github.com/argusops/argusops/internal/dbmigrate/service.go:169.49,171.4 1 0
github.com/argusops/argusops/internal/dbmigrate/service.go:174.2,174.12 1 0
github.com/argusops/argusops/internal/dbmigrate/service.go:177.90,179.43 2 0
github.com/argusops/argusops/internal/dbmigrate/service.go:179.43,181.3 1 0
github.com/argusops/argusops/internal/dbmigrate/service.go:182.2,182.12 1 0
github.com/argusops/argusops/internal/dbmigrate/service.go:185.40,188.2 2 0
github.com/argusops/argusops/internal/dbmigrate/service.go:208.145,210.16 2 0
github.com/argusops/argusops/internal/dbmigrate/service.go:210.16,212.3 1 0
github.com/argusops/argusops/internal/dbmigrate/service.go:213.2,214.16 2 0
github.com/argusops/argusops/internal/dbmigrate/service.go:214.16,216.3 1 0
github.com/argusops/argusops/internal/dbmigrate/service.go:218.2,219.16 2 0
github.com/argusops/argusops/internal/dbmigrate/service.go:219.16,221.3 1 0
github.com/argusops/argusops/internal/dbmigrate/service.go:222.2,225.16 3 0
github.com/argusops/argusops/internal/dbmigrate/service.go:225.16,227.3 1 0
github.com/argusops/argusops/internal/dbmigrate/service.go:228.2,231.73 3 0
github.com/argusops/argusops/internal/dbmigrate/service.go:231.73,232.32 1 0
github.com/argusops/argusops/internal/dbmigrate/service.go:232.32,234.18 2 0
github.com/argusops/argusops/internal/dbmigrate/service.go:234.18,236.5 1 0
github.com/argusops/argusops/internal/dbmigrate/service.go:237.4,238.111 2 0
github.com/argusops/argusops/internal/dbmigrate/service.go:238.111,240.5 1 0
github.com/argusops/argusops/internal/dbmigrate/service.go:241.4,241.75 1 0
github.com/argusops/argusops/internal/dbmigrate/service.go:243.3,243.13 1 0
github.com/argusops/argusops/internal/dbmigrate/service.go:245.2,245.16 1 0
github.com/argusops/argusops/internal/dbmigrate/service.go:245.16,247.3 1 0
github.com/argusops/argusops/internal/dbmigrate/service.go:249.2,249.62 1 0
github.com/argusops/argusops/internal/dbmigrate/service.go:249.62,251.3 1 0
github.com/argusops/argusops/internal/dbmigrate/service.go:253.2,253.31 1 0
github.com/argusops/argusops/internal/dbmigrate/service.go:253.31,254.27 1 0
github.com/argusops/argusops/internal/dbmigrate/service.go:254.27,256.4 1 0
github.com/argusops/argusops/internal/dbmigrate/service.go:259.2,259.45 1 0
github.com/argusops/argusops/internal/dbmigrate/service.go:259.45,261.3 1 0
github.com/argusops/argusops/internal/dbmigrate/service.go:262.2,262.20 1 0
github.com/argusops/argusops/internal/dbmigrate/service.go:268.93,273.12 4 0
github.com/argusops/argusops/internal/dbmigrate/service.go:273.12,277.3 3 0
github.com/argusops/argusops/internal/dbmigrate/service.go:279.2,282.22 3 0
github.com/argusops/argusops/internal/dbmigrate/service.go:282.22,284.3 1 0
github.com/argusops/argusops/internal/dbmigrate/service.go:285.2,285.24 1 0
github.com/argusops/argusops/internal/dbmigrate/service.go:285.24,287.3 1 0
github.com/argusops/argusops/internal/dbmigrate/service.go:288.2,288.32 1 0
github.com/argusops/argusops/internal/dbmigrate/service.go:299.75,304.16 2 0
github.com/argusops/argusops/internal/dbmigrate/service.go:304.16,306.3 1 0
github.com/argusops/argusops/internal/dbmigrate/service.go:307.2,310.18 3 0
github.com/argusops/argusops/internal/dbmigrate/service.go:310.18,312.39 2 0
github.com/argusops/argusops/internal/dbmigrate/service.go:312.39,314.4 1 0
github.com/argusops/argusops/internal/dbmigrate/service.go:315.3,315.29 1 0
github.com/argusops/argusops/internal/dbmigrate/service.go:317.2,317.27 1 0
github.com/argusops/argusops/internal/dbmigrate/service.go:329.95,334.16 2 0
github.com/argusops/argusops/internal/dbmigrate/service.go:334.16,336.3 1 0
github.com/argusops/argusops/internal/dbmigrate/service.go:337.2,340.18 3 0
github.com/argusops/argusops/internal/dbmigrate/service.go:340.18,342.52 2 0
github.com/argusops/argusops/internal/dbmigrate/service.go:342.52,344.4 1 0
github.com/argusops/argusops/internal/dbmigrate/service.go:345.3,347.54 3 0
github.com/argusops/argusops/internal/dbmigrate/service.go:349.2,349.35 1 0
github.com/argusops/argusops/internal/dbmigrate/service.go:349.35,351.3 1 0
github.com/argusops/argusops/internal/dbmigrate/service.go:353.2,357.35 5 0
github.com/argusops/argusops/internal/dbmigrate/service.go:357.35,358.23 1 0
github.com/argusops/argusops/internal/dbmigrate/service.go:359.13,360.14 1 0
github.com/argusops/argusops/internal/dbmigrate/service.go:361.17,362.76 1 0
github.com/argusops/argusops/internal/dbmigrate/service.go:364.3,365.43 2 0
github.com/argusops/argusops/internal/dbmigrate/service.go:365.43,366.40 1 0
github.com/argusops/argusops/internal/dbmigrate/service.go:366.40,368.5 1 0
github.com/argusops/argusops/internal/dbmigrate/service.go:370.3,372.13 3 0
github.com/argusops/argusops/internal/dbmigrate/service.go:375.2,375.27 1 0
github.com/argusops/argusops/internal/dbmigrate/service.go:375.27,376.34 1 0
github.com/argusops/argusops/internal/dbmigrate/service.go:376.34,378.4 1 0
github.com/argusops/argusops/internal/dbmigrate/service.go:380.2,380.19 1 0
github.com/argusops/argusops/internal/dbmigrate/service.go:388.67,392.16 2 0
github.com/argusops/argusops/internal/dbmigrate/service.go:392.16,394.3 1 0
github.com/argusops/argusops/internal/dbmigrate/service.go:395.2,397.18 3 0
github.com/argusops/argusops/internal/dbmigrate/service.go:397.18,399.56 2 0
github.com/argusops/argusops/internal/dbmigrate/service.go:399.56,402.4 2 0
github.com/argusops/argusops/internal/dbmigrate/service.go:403.3,403.25 1 0
github.com/argusops/argusops/internal/dbmigrate/service.go:405.2,406.35 2 0
github.com/argusops/argusops/internal/dbmigrate/service.go:406.35,408.3 1 0
github.com/argusops/argusops/internal/dbmigrate/service.go:410.2,410.25 1 0
github.com/argusops/argusops/internal/dbmigrate/service.go:410.25,415.67 2 0
github.com/argusops/argusops/internal/dbmigrate/service.go:415.67,417.4 1 0
github.com/argusops/argusops/internal/dbmigrate/service.go:419.2,419.12 1 0
github.com/argusops/argusops/internal/dbmigrate/service.go:432.36,434.2 1 0
github.com/argusops/argusops/internal/dbmigrate/service.go:436.37,438.2 1 0
github.com/argusops/argusops/internal/dbmigrate/service.go:446.41,448.42 2 0
github.com/argusops/argusops/internal/dbmigrate/service.go:448.42,450.3 1 0
github.com/argusops/argusops/internal/dbmigrate/service.go:451.2,451.55 1 0
github.com/argusops/argusops/internal/dbmigrate/service.go:475.116,477.16 2 0
github.com/argusops/argusops/internal/dbmigrate/service.go:477.16,479.3 1 0
github.com/argusops/argusops/internal/dbmigrate/service.go:480.2,480.19 1 0
github.com/argusops/argusops/internal/dbmigrate/service.go:480.19,482.3 1 0
github.com/argusops/argusops/internal/dbmigrate/service.go:484.2,484.54 1 0
github.com/argusops/argusops/internal/dbmigrate/service.go:484.54,486.3 1 0
github.com/argusops/argusops/internal/dbmigrate/service.go:488.2,489.16 2 0
github.com/argusops/argusops/internal/dbmigrate/service.go:489.16,491.3 1 0
github.com/argusops/argusops/internal/dbmigrate/service.go:493.2,493.53 1 0
github.com/argusops/argusops/internal/dbmigrate/service.go:493.53,495.3 1 0
github.com/argusops/argusops/internal/dbmigrate/service.go:497.2,498.16 2 0
github.com/argusops/argusops/internal/dbmigrate/service.go:498.16,500.3 1 0
github.com/argusops/argusops/internal/dbmigrate/service.go:501.2,502.16 2 0
github.com/argusops/argusops/internal/dbmigrate/service.go:502.16,504.3 1 0
github.com/argusops/argusops/internal/dbmigrate/service.go:505.2,505.79 1 0
github.com/argusops/argusops/internal/dbmigrate/service.go:505.79,507.3 1 0
github.com/argusops/argusops/internal/dbmigrate/service.go:509.2,510.16 2 0
github.com/argusops/argusops/internal/dbmigrate/service.go:510.16,512.3 1 0
github.com/argusops/argusops/internal/dbmigrate/service.go:514.2,524.8 5 0
github.com/argusops/argusops/internal/dbmigrate/target.go:35.36,44.19 4 3
github.com/argusops/argusops/internal/dbmigrate/target.go:44.19,46.3 1 2
github.com/argusops/argusops/internal/dbmigrate/target.go:47.2,49.19 3 3
github.com/argusops/argusops/internal/domain/incident.go:32.36,33.39 1 8
github.com/argusops/argusops/internal/domain/incident.go:33.39,34.17 1 33
github.com/argusops/argusops/internal/domain/incident.go:34.17,36.4 1 6
github.com/argusops/argusops/internal/domain/incident.go:38.2,38.11 1 2
github.com/argusops/argusops/internal/domain/incident.go:57.62,58.11 1 6
github.com/argusops/argusops/internal/domain/incident.go:59.24,60.20 1 1
github.com/argusops/argusops/internal/domain/incident.go:61.20,62.20 1 1
github.com/argusops/argusops/internal/domain/incident.go:63.22,64.20 1 1
github.com/argusops/argusops/internal/domain/incident.go:65.10,66.20 1 3
github.com/argusops/argusops/internal/domain/incident.go:138.45,140.2 1 0
github.com/argusops/argusops/internal/domain/incident.go:142.36,143.34 1 0
github.com/argusops/argusops/internal/domain/incident.go:143.34,144.13 1 0
github.com/argusops/argusops/internal/domain/incident.go:144.13,146.4 1 0
github.com/argusops/argusops/internal/domain/incident.go:148.2,148.14 1 0
github.com/argusops/argusops/internal/domain/incident.go:186.68,187.33 1 2
github.com/argusops/argusops/internal/domain/incident.go:187.33,189.3 1 1
github.com/argusops/argusops/internal/domain/incident.go:190.2,190.20 1 1
github.com/argusops/argusops/internal/domain/playbook.go:38.56,40.32 2 7
github.com/argusops/argusops/internal/domain/playbook.go:40.32,41.15 1 11
github.com/argusops/argusops/internal/domain/playbook.go:41.15,42.12 1 2
github.com/argusops/argusops/internal/domain/playbook.go:44.3,44.53 1 9
github.com/argusops/argusops/internal/domain/playbook.go:44.53,46.4 1 3
github.com/argusops/argusops/internal/domain/playbook.go:48.2,48.14 1 4
github.com/argusops/argusops/internal/domain/user.go:32.54,33.23 1 5
github.com/argusops/argusops/internal/domain/user.go:33.23,34.22 1 3
github.com/argusops/argusops/internal/domain/user.go:34.22,36.4 1 1
github.com/argusops/argusops/internal/domain/user.go:38.2,38.14 1 4
github.com/argusops/argusops/internal/domain/user.go:45.54,46.23 1 8
github.com/argusops/argusops/internal/domain/user.go:46.23,47.12 1 9
github.com/argusops/argusops/internal/domain/user.go:48.90,48.90 0 7
github.com/argusops/argusops/internal/domain/user.go:49.11,50.66 1 2
github.com/argusops/argusops/internal/domain/user.go:53.2,53.12 1 6
github.com/argusops/argusops/internal/testutil/fake_ldap.go:59.85,63.19 4 0
github.com/argusops/argusops/internal/testutil/fake_ldap.go:63.19,63.37 1 0
github.com/argusops/argusops/internal/testutil/fake_ldap.go:65.2,65.12 1 0
github.com/argusops/argusops/internal/testutil/fake_ldap.go:65.12,66.7 1 0
github.com/argusops/argusops/internal/testutil/fake_ldap.go:66.7,68.18 2 0
github.com/argusops/argusops/internal/testutil/fake_ldap.go:68.18,70.5 1 0
github.com/argusops/argusops/internal/testutil/fake_ldap.go:71.4,71.27 1 0
github.com/argusops/argusops/internal/testutil/fake_ldap.go:75.2,76.31 2 0
github.com/argusops/argusops/internal/testutil/fake_ldap.go:79.52,81.6 2 0
github.com/argusops/argusops/internal/testutil/fake_ldap.go:81.6,83.17 2 0
github.com/argusops/argusops/internal/testutil/fake_ldap.go:83.17,85.4 1 0
github.com/argusops/argusops/internal/testutil/fake_ldap.go:86.3,86.28 1 0
github.com/argusops/argusops/internal/testutil/fake_ldap.go:86.28,88.4 1 0
github.com/argusops/argusops/internal/testutil/fake_ldap.go:89.3,92.17 3 0
github.com/argusops/argusops/internal/testutil/fake_ldap.go:93.10,94.37 1 0
github.com/argusops/argusops/internal/testutil/fake_ldap.go:95.10,96.39 1 0
github.com/argusops/argusops/internal/testutil/fake_ldap.go:97.11,98.10 1 0
github.com/argusops/argusops/internal/testutil/fake_ldap.go:103.85,104.26 1 0
github.com/argusops/argusops/internal/testutil/fake_ldap.go:104.26,107.3 2 0
github.com/argusops/argusops/internal/testutil/fake_ldap.go:108.2,112.28 4 0
github.com/argusops/argusops/internal/testutil/fake_ldap.go:112.28,113.43 1 0
github.com/argusops/argusops/internal/testutil/fake_ldap.go:113.43,115.4 1 0
github.com/argusops/argusops/internal/testutil/fake_ldap.go:118.2,119.9 2 0
github.com/argusops/argusops/internal/testutil/fake_ldap.go:119.9,121.3 1 0
github.com/argusops/argusops/internal/testutil/fake_ldap.go:122.2,122.67 1 0
github.com/argusops/argusops/internal/testutil/fake_ldap.go:125.87,126.29 1 0
github.com/argusops/argusops/internal/testutil/fake_ldap.go:126.29,129.3 2 0
github.com/argusops/argusops/internal/testutil/fake_ldap.go:130.2,130.26 1 0
github.com/argusops/argusops/internal/testutil/fake_ldap.go:130.26,133.3 2 0
github.com/argusops/argusops/internal/testutil/fake_ldap.go:135.2,137.34 3 0
github.com/argusops/argusops/internal/testutil/fake_ldap.go:137.34,139.3 1 0
github.com/argusops/argusops/internal/testutil/fake_ldap.go:141.2,141.28 1 0
github.com/argusops/argusops/internal/testutil/fake_ldap.go:141.28,142.26 1 0
github.com/argusops/argusops/internal/testutil/fake_ldap.go:142.26,144.4 1 0
github.com/argusops/argusops/internal/testutil/fake_ldap.go:146.2,146.80 1 0
github.com/argusops/argusops/internal/testutil/fake_ldap.go:149.77,154.48 4 0
github.com/argusops/argusops/internal/testutil/fake_ldap.go:154.48,155.23 1 0
github.com/argusops/argusops/internal/testutil/fake_ldap.go:155.23,157.4 1 0
github.com/argusops/argusops/internal/testutil/fake_ldap.go:158.3,161.28 4 0
github.com/argusops/argusops/internal/testutil/fake_ldap.go:161.28,163.4 1 0
github.com/argusops/argusops/internal/testutil/fake_ldap.go:164.3,165.23 2 0
github.com/argusops/argusops/internal/testutil/fake_ldap.go:167.2,168.16 2 0
github.com/argusops/argusops/internal/testutil/fake_ldap.go:168.16,170.3 1 0
github.com/argusops/argusops/internal/testutil/fake_ldap.go:171.2,171.25 1 0
github.com/argusops/argusops/internal/testutil/fake_ldap.go:171.25,173.3 1 0
github.com/argusops/argusops/internal/testutil/fake_ldap.go:174.2,175.14 2 0
github.com/argusops/argusops/internal/testutil/fake_ldap.go:181.64,187.2 5 0
github.com/argusops/argusops/internal/testutil/fake_ldap.go:189.77,195.2 5 0
github.com/argusops/argusops/internal/testutil/fake_saml.go:15.68,35.2 6 0
github.com/argusops/argusops/internal/testutil/testutil.go:37.36,39.16 2 1
github.com/argusops/argusops/internal/testutil/testutil.go:39.16,40.59 1 0
github.com/argusops/argusops/internal/testutil/testutil.go:42.2,42.13 1 1
github.com/argusops/argusops/internal/testutil/testutil.go:55.43,58.15 3 1
github.com/argusops/argusops/internal/testutil/testutil.go:58.15,60.3 1 0
github.com/argusops/argusops/internal/testutil/testutil.go:61.2,62.16 2 1
github.com/argusops/argusops/internal/testutil/testutil.go:62.16,64.3 1 0
github.com/argusops/argusops/internal/testutil/testutil.go:65.2,66.13 2 1
github.com/argusops/argusops/internal/testutil/testutil.go:72.39,75.15 3 3
github.com/argusops/argusops/internal/testutil/testutil.go:75.15,77.3 1 0
github.com/argusops/argusops/internal/testutil/testutil.go:78.2,79.16 2 3
github.com/argusops/argusops/internal/testutil/testutil.go:79.16,81.3 1 0
github.com/argusops/argusops/internal/testutil/testutil.go:82.2,83.13 2 3
github.com/argusops/argusops/internal/testutil/testutil.go:89.40,97.16 5 1
github.com/argusops/argusops/internal/testutil/testutil.go:97.16,99.3 1 0
github.com/argusops/argusops/internal/testutil/testutil.go:100.2,100.11 1 1
github.com/argusops/argusops/internal/testutil/testutil.go:113.97,116.27 3 1
github.com/argusops/argusops/internal/testutil/testutil.go:116.27,118.3 1 0
github.com/argusops/argusops/internal/testutil/testutil.go:119.2,125.16 3 1
github.com/argusops/argusops/internal/testutil/testutil.go:125.16,127.3 1 0
github.com/argusops/argusops/internal/testutil/testutil.go:128.2,128.11 1 1
github.com/argusops/argusops/internal/testutil/testutil.go:140.96,144.2 3 1
github.com/argusops/argusops/internal/testutil/testutil.go:149.74,158.16 5 1
github.com/argusops/argusops/internal/testutil/testutil.go:158.16,160.3 1 0
github.com/argusops/argusops/internal/testutil/testutil.go:161.2,161.11 1 1
github.com/argusops/argusops/internal/testutil/testutil.go:170.69,179.16 5 0
github.com/argusops/argusops/internal/testutil/testutil.go:179.16,181.3 1 0
github.com/argusops/argusops/internal/testutil/testutil.go:182.2,182.11 1 0
github.com/argusops/argusops/internal/testutil/testutil.go:190.70,194.16 4 1
github.com/argusops/argusops/internal/testutil/testutil.go:194.16,196.3 1 0
github.com/argusops/argusops/internal/testutil/testutil.go:197.2,197.19 1 1
github.com/argusops/argusops/internal/testutil/testutil.go:197.19,197.43 1 1
github.com/argusops/argusops/internal/testutil/testutil.go:198.2,198.107 1 1
github.com/argusops/argusops/internal/testutil/testutil.go:198.107,200.3 1 0
github.com/argusops/argusops/internal/testutil/testutil.go:201.2,201.11 1 1
github.com/argusops/argusops/internal/jsonpath/resolve.go:16.49,18.51 2 5
github.com/argusops/argusops/internal/jsonpath/resolve.go:18.51,20.10 2 11
github.com/argusops/argusops/internal/jsonpath/resolve.go:20.10,22.4 1 1
github.com/argusops/argusops/internal/jsonpath/resolve.go:23.3,24.10 2 10
github.com/argusops/argusops/internal/jsonpath/resolve.go:24.10,26.4 1 1
github.com/argusops/argusops/internal/jsonpath/resolve.go:27.3,27.14 1 9
github.com/argusops/argusops/internal/jsonpath/resolve.go:29.2,29.22 1 3
github.com/argusops/argusops/internal/httpserver/middleware/auth.go:57.112,58.46 1 9
github.com/argusops/argusops/internal/httpserver/middleware/auth.go:58.46,59.72 1 9
github.com/argusops/argusops/internal/httpserver/middleware/auth.go:59.72,62.32 3 9
github.com/argusops/argusops/internal/httpserver/middleware/auth.go:62.32,65.5 2 3
github.com/argusops/argusops/internal/httpserver/middleware/auth.go:67.4,67.60 1 6
github.com/argusops/argusops/internal/httpserver/middleware/auth.go:67.60,69.38 2 3
github.com/argusops/argusops/internal/httpserver/middleware/auth.go:69.38,72.6 2 2
github.com/argusops/argusops/internal/httpserver/middleware/auth.go:73.5,82.11 3 1
github.com/argusops/argusops/internal/httpserver/middleware/auth.go:85.4,86.18 2 3
github.com/argusops/argusops/internal/httpserver/middleware/auth.go:86.18,89.5 2 2
github.com/argusops/argusops/internal/httpserver/middleware/auth.go:91.4,99.41 2 1
github.com/argusops/argusops/internal/httpserver/middleware/auth.go:120.52,121.71 1 5
github.com/argusops/argusops/internal/httpserver/middleware/auth.go:121.71,123.17 2 5
github.com/argusops/argusops/internal/httpserver/middleware/auth.go:123.17,126.4 2 2
github.com/argusops/argusops/internal/httpserver/middleware/auth.go:127.3,128.17 2 3
github.com/argusops/argusops/internal/httpserver/middleware/auth.go:128.17,131.4 2 1
github.com/argusops/argusops/internal/httpserver/middleware/auth.go:132.3,134.54 3 2
github.com/argusops/argusops/internal/httpserver/middleware/auth.go:134.54,136.4 1 1
github.com/argusops/argusops/internal/httpserver/middleware/auth.go:137.3,138.51 2 2
github.com/argusops/argusops/internal/httpserver/middleware/auth.go:138.51,140.4 1 1
github.com/argusops/argusops/internal/httpserver/middleware/auth.go:142.3,146.40 2 2
github.com/argusops/argusops/internal/httpserver/middleware/auth.go:153.53,154.46 1 3
github.com/argusops/argusops/internal/httpserver/middleware/auth.go:154.46,155.72 1 3
github.com/argusops/argusops/internal/httpserver/middleware/auth.go:155.72,157.11 2 3
github.com/argusops/argusops/internal/httpserver/middleware/auth.go:157.11,160.5 2 1
github.com/argusops/argusops/internal/httpserver/middleware/auth.go:161.4,161.16 1 2
github.com/argusops/argusops/internal/httpserver/middleware/auth.go:161.16,164.5 2 1
github.com/argusops/argusops/internal/httpserver/middleware/auth.go:165.4,165.24 1 1
github.com/argusops/argusops/internal/httpserver/middleware/auth.go:179.81,180.46 1 4
github.com/argusops/argusops/internal/httpserver/middleware/auth.go:180.46,181.72 1 4
github.com/argusops/argusops/internal/httpserver/middleware/auth.go:181.72,183.11 2 4
github.com/argusops/argusops/internal/httpserver/middleware/auth.go:183.11,186.5 2 1
github.com/argusops/argusops/internal/httpserver/middleware/auth.go:187.4,187.29 1 3
github.com/argusops/argusops/internal/httpserver/middleware/auth.go:187.29,188.26 1 3
github.com/argusops/argusops/internal/httpserver/middleware/auth.go:188.26,191.6 2 1
github.com/argusops/argusops/internal/httpserver/middleware/auth.go:193.4,193.104 1 2
github.com/argusops/argusops/internal/httpserver/middleware/auth.go:206.88,207.46 1 5
github.com/argusops/argusops/internal/httpserver/middleware/auth.go:207.46,208.72 1 5
github.com/argusops/argusops/internal/httpserver/middleware/auth.go:208.72,210.60 2 5
github.com/argusops/argusops/internal/httpserver/middleware/auth.go:210.60,213.5 2 2
github.com/argusops/argusops/internal/httpserver/middleware/auth.go:214.4,214.24 1 3
github.com/argusops/argusops/internal/httpserver/middleware/auth.go:219.64,227.2 7 13
github.com/argusops/argusops/internal/httpserver/middleware/auth.go:229.54,232.2 2 2
github.com/argusops/argusops/internal/httpserver/middleware/auth.go:234.52,237.2 2 2
github.com/argusops/argusops/internal/httpserver/middleware/auth.go:239.48,242.2 2 7
github.com/argusops/argusops/internal/httpserver/middleware/auth.go:244.59,247.2 2 9
github.com/argusops/argusops/internal/httpserver/middleware/auth.go:252.48,255.2 2 4
github.com/argusops/argusops/internal/httpserver/middleware/auth.go:257.59,260.2 2 7
github.com/argusops/argusops/internal/httpserver/middleware/logging.go:20.71,21.46 1 1
github.com/argusops/argusops/internal/httpserver/middleware/logging.go:21.46,22.72 1 1
github.com/argusops/argusops/internal/httpserver/middleware/logging.go:22.72,24.57 2 1
github.com/argusops/argusops/internal/httpserver/middleware/logging.go:24.57,26.5 1 1
github.com/argusops/argusops/internal/httpserver/middleware/logging.go:27.4,28.41 2 1
github.com/argusops/argusops/internal/httpserver/middleware/logging.go:38.81,39.59 1 2
github.com/argusops/argusops/internal/httpserver/middleware/logging.go:39.59,41.3 1 1
github.com/argusops/argusops/internal/httpserver/middleware/logging.go:42.2,42.17 1 1
github.com/argusops/argusops/internal/httpserver/middleware/ratelimit.go:34.103,38.2 3 9
github.com/argusops/argusops/internal/httpserver/middleware/ratelimit.go:46.47,52.16 5 44
github.com/argusops/argusops/internal/httpserver/middleware/ratelimit.go:52.16,54.3 1 0
github.com/argusops/argusops/internal/httpserver/middleware/ratelimit.go:55.2,70.113 2 44
github.com/argusops/argusops/internal/httpserver/middleware/ratelimit.go:70.113,72.3 1 0
github.com/argusops/argusops/internal/httpserver/middleware/ratelimit.go:78.2,78.147 1 44
github.com/argusops/argusops/internal/httpserver/middleware/ratelimit.go:78.147,80.3 1 0
github.com/argusops/argusops/internal/httpserver/middleware/ratelimit.go:82.2,83.140 2 44
github.com/argusops/argusops/internal/httpserver/middleware/ratelimit.go:83.140,85.3 1 0
github.com/argusops/argusops/internal/httpserver/middleware/ratelimit.go:87.2,87.22 1 44
github.com/argusops/argusops/internal/httpserver/middleware/ratelimit.go:87.22,90.3 2 25
github.com/argusops/argusops/internal/httpserver/middleware/ratelimit.go:92.2,92.138 1 19
github.com/argusops/argusops/internal/httpserver/middleware/ratelimit.go:92.138,94.3 1 0
github.com/argusops/argusops/internal/httpserver/middleware/ratelimit.go:95.2,95.39 1 19
github.com/argusops/argusops/internal/httpserver/middleware/ratelimit.go:95.39,97.3 1 0
github.com/argusops/argusops/internal/httpserver/middleware/ratelimit.go:98.2,98.13 1 19
github.com/argusops/argusops/internal/httpserver/middleware/ratelimit.go:105.38,108.21 3 9
github.com/argusops/argusops/internal/httpserver/middleware/ratelimit.go:108.21,111.3 2 0
github.com/argusops/argusops/internal/httpserver/middleware/ratelimit.go:117.120,120.46 2 3
github.com/argusops/argusops/internal/httpserver/middleware/ratelimit.go:120.46,121.72 1 3
github.com/argusops/argusops/internal/httpserver/middleware/ratelimit.go:121.72,123.26 2 11
github.com/argusops/argusops/internal/httpserver/middleware/ratelimit.go:123.26,126.5 2 3
github.com/argusops/argusops/internal/httpserver/middleware/ratelimit.go:127.4,127.24 1 8
github.com/argusops/argusops/internal/httpserver/middleware/ratelimit.go:132.42,142.68 1 11
github.com/argusops/argusops/internal/httpserver/middleware/ratelimit.go:142.68,144.3 1 4
github.com/argusops/argusops/internal/httpserver/middleware/ratelimit.go:148.2,149.16 2 7
github.com/argusops/argusops/internal/httpserver/middleware/ratelimit.go:149.16,151.3 1 0
github.com/argusops/argusops/internal/httpserver/middleware/ratelimit.go:152.2,152.13 1 7
github.com/argusops/argusops/internal/httpserver/middleware/security.go:17.54,18.71 1 2
github.com/argusops/argusops/internal/httpserver/middleware/security.go:18.71,36.3 6 2
github.com/argusops/argusops/cmd/hashpw/main.go:17.13,18.23 1 0
github.com/argusops/argusops/cmd/hashpw/main.go:18.23,21.3 2 0
github.com/argusops/argusops/cmd/hashpw/main.go:22.2,23.16 2 0
github.com/argusops/argusops/cmd/hashpw/main.go:23.16,26.3 2 0
github.com/argusops/argusops/cmd/hashpw/main.go:27.2,27.19 1 0
github.com/argusops/argusops/cmd/ingest/main.go:32.13,36.16 3 0
github.com/argusops/argusops/cmd/ingest/main.go:36.16,39.3 2 0
github.com/argusops/argusops/cmd/ingest/main.go:41.2,45.16 4 0
github.com/argusops/argusops/cmd/ingest/main.go:45.16,48.3 2 0
github.com/argusops/argusops/cmd/ingest/main.go:49.2,79.16 13 0
github.com/argusops/argusops/cmd/ingest/main.go:79.16,82.3 2 0
github.com/argusops/argusops/cmd/ingest/main.go:83.2,91.68 6 0
github.com/argusops/argusops/cmd/ingest/main.go:91.68,102.113 1 0
github.com/argusops/argusops/cmd/ingest/main.go:102.113,106.67 1 0
github.com/argusops/argusops/cmd/ingest/main.go:106.67,109.5 2 0
github.com/argusops/argusops/cmd/ingest/main.go:110.4,110.97 1 0
github.com/argusops/argusops/cmd/ingest/main.go:114.2,132.12 11 0
github.com/argusops/argusops/cmd/ingest/main.go:132.12,134.87 2 0
github.com/argusops/argusops/cmd/ingest/main.go:134.87,137.4 2 0
github.com/argusops/argusops/cmd/ingest/main.go:140.2,145.50 5 0
github.com/argusops/argusops/cmd/ingest/main.go:145.50,147.3 1 0
github.com/argusops/argusops/internal/ingest/correlation_engine.go:22.68,23.17 1 1
github.com/argusops/argusops/internal/ingest/correlation_engine.go:23.17,25.3 1 0
github.com/argusops/argusops/internal/ingest/correlation_engine.go:26.2,29.3 1 1
github.com/argusops/argusops/internal/ingest/correlation_engine.go:33.76,38.25 2 1
github.com/argusops/argusops/internal/ingest/correlation_engine.go:38.25,40.3 1 1
github.com/argusops/argusops/internal/ingest/correlation_engine.go:41.2,41.24 1 1
github.com/argusops/argusops/internal/ingest/correlation_engine.go:41.24,43.3 1 0
github.com/argusops/argusops/internal/ingest/correlation_engine.go:44.2,44.24 1 1
github.com/argusops/argusops/internal/ingest/correlation_engine.go:44.24,46.3 1 0
github.com/argusops/argusops/internal/ingest/correlation_engine.go:47.2,47.33 1 1
github.com/argusops/argusops/internal/ingest/correlation_engine.go:47.33,49.3 1 1
github.com/argusops/argusops/internal/ingest/correlation_engine.go:50.2,52.36 3 1
github.com/argusops/argusops/internal/ingest/correlation_engine.go:57.67,63.37 4 3
github.com/argusops/argusops/internal/ingest/correlation_engine.go:63.37,64.29 1 2
github.com/argusops/argusops/internal/ingest/correlation_engine.go:64.29,66.4 1 1
github.com/argusops/argusops/internal/ingest/correlation_engine.go:69.2,69.62 1 3
github.com/argusops/argusops/internal/ingest/correlation_engine.go:69.62,70.37 1 1
github.com/argusops/argusops/internal/ingest/correlation_engine.go:70.37,73.4 2 1
github.com/argusops/argusops/internal/ingest/correlation_engine.go:76.2,77.14 2 2
github.com/argusops/argusops/internal/ingest/field_mapping.go:19.120,20.21 1 6
github.com/argusops/argusops/internal/ingest/field_mapping.go:20.21,22.3 1 1
github.com/argusops/argusops/internal/ingest/field_mapping.go:24.2,25.52 2 5
github.com/argusops/argusops/internal/ingest/field_mapping.go:25.52,27.3 1 0
github.com/argusops/argusops/internal/ingest/field_mapping.go:29.2,30.23 2 5
github.com/argusops/argusops/internal/ingest/field_mapping.go:30.23,36.3 1 5
github.com/argusops/argusops/internal/ingest/field_mapping.go:38.2,39.29 2 5
github.com/argusops/argusops/internal/ingest/field_mapping.go:39.29,40.46 1 6
github.com/argusops/argusops/internal/ingest/field_mapping.go:40.46,41.12 1 2
github.com/argusops/argusops/internal/ingest/field_mapping.go:43.3,44.10 2 4
github.com/argusops/argusops/internal/ingest/field_mapping.go:44.10,45.12 1 1
github.com/argusops/argusops/internal/ingest/field_mapping.go:47.3,48.17 2 3
github.com/argusops/argusops/internal/ingest/field_mapping.go:48.17,49.12 1 0
github.com/argusops/argusops/internal/ingest/field_mapping.go:51.3,52.17 2 3
github.com/argusops/argusops/internal/ingest/field_mapping.go:54.2,54.14 1 5
github.com/argusops/argusops/internal/ingest/field_mapping.go:54.14,56.3 1 2
github.com/argusops/argusops/internal/ingest/field_mapping.go:58.2,59.16 2 3
github.com/argusops/argusops/internal/ingest/field_mapping.go:59.16,61.3 1 0
github.com/argusops/argusops/internal/ingest/field_mapping.go:62.2,62.12 1 3
github.com/argusops/argusops/internal/ingest/handler.go:34.210,54.2 1 11
github.com/argusops/argusops/internal/ingest/handler.go:58.59,59.57 1 13
github.com/argusops/argusops/internal/ingest/handler.go:59.57,61.3 1 3
github.com/argusops/argusops/internal/ingest/handler.go:62.2,62.18 1 10
github.com/argusops/argusops/internal/ingest/handler.go:70.69,71.33 1 18
github.com/argusops/argusops/internal/ingest/handler.go:71.33,74.3 2 1
github.com/argusops/argusops/internal/ingest/handler.go:76.2,77.17 2 17
github.com/argusops/argusops/internal/ingest/handler.go:77.17,80.3 2 1
github.com/argusops/argusops/internal/ingest/handler.go:81.2,86.16 4 16
github.com/argusops/argusops/internal/ingest/handler.go:86.16,90.3 3 0
github.com/argusops/argusops/internal/ingest/handler.go:91.2,91.21 1 16
github.com/argusops/argusops/internal/ingest/handler.go:91.21,94.3 2 1
github.com/argusops/argusops/internal/ingest/handler.go:95.2,95.33 1 15
github.com/argusops/argusops/internal/ingest/handler.go:95.33,98.3 2 1
github.com/argusops/argusops/internal/ingest/handler.go:99.2,99.72 1 14
github.com/argusops/argusops/internal/ingest/handler.go:99.72,102.3 2 1
github.com/argusops/argusops/internal/ingest/handler.go:104.2,105.16 2 13
github.com/argusops/argusops/internal/ingest/handler.go:105.16,108.3 2 0
github.com/argusops/argusops/internal/ingest/handler.go:110.2,111.16 2 13
github.com/argusops/argusops/internal/ingest/handler.go:111.16,114.3 2 2
github.com/argusops/argusops/internal/ingest/handler.go:116.2,117.29 2 11
github.com/argusops/argusops/internal/ingest/handler.go:117.29,119.3 1 0
github.com/argusops/argusops/internal/ingest/handler.go:124.2,125.30 2 11
github.com/argusops/argusops/internal/ingest/handler.go:125.30,127.17 2 1
github.com/argusops/argusops/internal/ingest/handler.go:127.17,131.4 3 0
github.com/argusops/argusops/internal/ingest/handler.go:134.2,135.44 2 11
github.com/argusops/argusops/internal/ingest/handler.go:135.44,141.17 2 1
github.com/argusops/argusops/internal/ingest/handler.go:141.17,143.4 1 0
github.com/argusops/argusops/internal/ingest/handler.go:143.9,143.29 1 1
github.com/argusops/argusops/internal/ingest/handler.go:143.29,145.4 1 1
github.com/argusops/argusops/internal/ingest/handler.go:148.2,160.16 2 11
github.com/argusops/argusops/internal/ingest/handler.go:160.16,164.3 3 0
github.com/argusops/argusops/internal/ingest/handler.go:169.2,170.13 2 11
github.com/argusops/argusops/internal/ingest/handler.go:170.13,172.3 1 1
github.com/argusops/argusops/internal/ingest/handler.go:173.2,175.62 3 11
github.com/argusops/argusops/internal/ingest/handler.go:189.51,193.87 2 11
github.com/argusops/argusops/internal/ingest/handler.go:193.87,195.3 1 8
github.com/argusops/argusops/internal/ingest/handler.go:196.2,197.66 2 3
github.com/argusops/argusops/internal/ingest/handler.go:197.66,199.3 1 1
github.com/argusops/argusops/internal/ingest/handler.go:200.2,200.26 1 2
github.com/argusops/argusops/internal/ingest/handler.go:203.37,206.2 2 16
github.com/argusops/argusops/internal/ingest/normalize.go:43.40,45.2 1 12
github.com/argusops/argusops/internal/ingest/normalize.go:57.73,59.50 2 23
github.com/argusops/argusops/internal/ingest/normalize.go:59.50,61.3 1 2
github.com/argusops/argusops/internal/ingest/normalize.go:62.2,62.21 1 21
github.com/argusops/argusops/internal/ingest/normalize.go:62.21,64.3 1 2
github.com/argusops/argusops/internal/ingest/normalize.go:66.2,67.18 2 19
github.com/argusops/argusops/internal/ingest/normalize.go:69.52,69.52 0 17
github.com/argusops/argusops/internal/ingest/normalize.go:70.10,71.94 1 2
github.com/argusops/argusops/internal/ingest/normalize.go:74.2,82.8 1 17
github.com/argusops/argusops/internal/ingest/normalize_crowdstrike.go:18.44,18.78 1 12
github.com/argusops/argusops/internal/ingest/normalize_crowdstrike.go:33.77,35.50 2 12
github.com/argusops/argusops/internal/ingest/normalize_crowdstrike.go:35.50,37.3 1 1
github.com/argusops/argusops/internal/ingest/normalize_crowdstrike.go:38.2,38.32 1 11
github.com/argusops/argusops/internal/ingest/normalize_crowdstrike.go:38.32,40.3 1 1
github.com/argusops/argusops/internal/ingest/normalize_crowdstrike.go:42.2,46.30 2 10
github.com/argusops/argusops/internal/ingest/normalize_crowdstrike.go:46.30,48.3 1 1
github.com/argusops/argusops/internal/ingest/normalize_crowdstrike.go:49.2,49.34 1 10
github.com/argusops/argusops/internal/ingest/normalize_crowdstrike.go:49.34,51.3 1 1
github.com/argusops/argusops/internal/ingest/normalize_crowdstrike.go:52.2,52.29 1 10
github.com/argusops/argusops/internal/ingest/normalize_crowdstrike.go:52.29,54.3 1 1
github.com/argusops/argusops/internal/ingest/normalize_crowdstrike.go:55.2,55.70 1 10
github.com/argusops/argusops/internal/ingest/normalize_crowdstrike.go:55.70,56.16 1 20
github.com/argusops/argusops/internal/ingest/normalize_crowdstrike.go:56.16,58.4 1 2
github.com/argusops/argusops/internal/ingest/normalize_crowdstrike.go:60.2,60.16 1 10
github.com/argusops/argusops/internal/ingest/normalize_crowdstrike.go:68.66,69.31 1 10
github.com/argusops/argusops/internal/ingest/normalize_crowdstrike.go:70.18,71.33 1 0
github.com/argusops/argusops/internal/ingest/normalize_crowdstrike.go:72.14,73.29 1 1
github.com/argusops/argusops/internal/ingest/normalize_crowdstrike.go:74.16,75.31 1 0
github.com/argusops/argusops/internal/ingest/normalize_crowdstrike.go:76.13,77.28 1 0
github.com/argusops/argusops/internal/ingest/normalize_crowdstrike.go:78.31,79.38 1 0
github.com/argusops/argusops/internal/ingest/normalize_crowdstrike.go:82.2,82.9 1 9
github.com/argusops/argusops/internal/ingest/normalize_crowdstrike.go:83.19,84.33 1 2
github.com/argusops/argusops/internal/ingest/normalize_crowdstrike.go:85.19,86.29 1 2
github.com/argusops/argusops/internal/ingest/normalize_crowdstrike.go:87.19,88.31 1 2
github.com/argusops/argusops/internal/ingest/normalize_crowdstrike.go:89.19,90.28 1 2
github.com/argusops/argusops/internal/ingest/normalize_crowdstrike.go:91.10,92.38 1 1
github.com/argusops/argusops/internal/ingest/normalize_guardduty.go:17.42,17.74 1 12
github.com/argusops/argusops/internal/ingest/normalize_guardduty.go:43.75,45.50 2 11
github.com/argusops/argusops/internal/ingest/normalize_guardduty.go:45.50,47.3 1 1
github.com/argusops/argusops/internal/ingest/normalize_guardduty.go:49.2,50.17 2 10
github.com/argusops/argusops/internal/ingest/normalize_guardduty.go:50.17,52.3 1 2
github.com/argusops/argusops/internal/ingest/normalize_guardduty.go:53.2,53.17 1 10
github.com/argusops/argusops/internal/ingest/normalize_guardduty.go:53.17,55.3 1 1
github.com/argusops/argusops/internal/ingest/normalize_guardduty.go:57.2,58.76 2 9
github.com/argusops/argusops/internal/ingest/normalize_guardduty.go:58.76,60.3 1 1
github.com/argusops/argusops/internal/ingest/normalize_guardduty.go:62.2,66.18 2 9
github.com/argusops/argusops/internal/ingest/normalize_guardduty.go:66.18,68.3 1 1
github.com/argusops/argusops/internal/ingest/normalize_guardduty.go:69.2,69.20 1 9
github.com/argusops/argusops/internal/ingest/normalize_guardduty.go:69.20,71.3 1 2
github.com/argusops/argusops/internal/ingest/normalize_guardduty.go:72.2,72.51 1 9
github.com/argusops/argusops/internal/ingest/normalize_guardduty.go:72.51,74.3 1 1
github.com/argusops/argusops/internal/ingest/normalize_guardduty.go:75.2,75.17 1 9
github.com/argusops/argusops/internal/ingest/normalize_guardduty.go:75.17,77.3 1 2
github.com/argusops/argusops/internal/ingest/normalize_guardduty.go:78.2,78.16 1 9
github.com/argusops/argusops/internal/ingest/normalize_guardduty.go:85.55,86.9 1 9
github.com/argusops/argusops/internal/ingest/normalize_guardduty.go:87.20,88.29 1 2
github.com/argusops/argusops/internal/ingest/normalize_guardduty.go:89.20,90.31 1 3
github.com/argusops/argusops/internal/ingest/normalize_guardduty.go:91.10,92.28 1 4
github.com/argusops/argusops/internal/ingest/normalize_wazuh.go:20.38,20.66 1 12
github.com/argusops/argusops/internal/ingest/normalize_wazuh.go:39.71,41.50 2 17
github.com/argusops/argusops/internal/ingest/normalize_wazuh.go:41.50,43.3 1 2
github.com/argusops/argusops/internal/ingest/normalize_wazuh.go:44.2,44.32 1 15
github.com/argusops/argusops/internal/ingest/normalize_wazuh.go:44.32,46.3 1 2
github.com/argusops/argusops/internal/ingest/normalize_wazuh.go:48.2,50.17 3 13
github.com/argusops/argusops/internal/ingest/normalize_wazuh.go:50.17,52.3 1 12
github.com/argusops/argusops/internal/ingest/normalize_wazuh.go:54.2,59.18 2 13
github.com/argusops/argusops/internal/ingest/normalize_wazuh.go:59.18,61.3 1 1
github.com/argusops/argusops/internal/ingest/normalize_wazuh.go:62.2,62.23 1 13
github.com/argusops/argusops/internal/ingest/normalize_wazuh.go:62.23,64.3 1 1
github.com/argusops/argusops/internal/ingest/normalize_wazuh.go:65.2,65.17 1 13
github.com/argusops/argusops/internal/ingest/normalize_wazuh.go:65.17,67.3 1 2
github.com/argusops/argusops/internal/ingest/normalize_wazuh.go:68.2,68.17 1 13
github.com/argusops/argusops/internal/ingest/normalize_wazuh.go:68.17,70.3 1 2
github.com/argusops/argusops/internal/ingest/normalize_wazuh.go:71.2,71.16 1 13
github.com/argusops/argusops/internal/ingest/normalize_wazuh.go:77.47,78.9 1 13
github.com/argusops/argusops/internal/ingest/normalize_wazuh.go:79.19,80.33 1 3
github.com/argusops/argusops/internal/ingest/normalize_wazuh.go:81.18,82.29 1 3
github.com/argusops/argusops/internal/ingest/normalize_wazuh.go:83.18,84.31 1 2
github.com/argusops/argusops/internal/ingest/normalize_wazuh.go:85.18,86.28 1 3
github.com/argusops/argusops/internal/ingest/normalize_wazuh.go:87.10,88.38 1 2
github.com/argusops/argusops/internal/repository/ai_analysis_run_repository.go:16.60,18.2 1 5
github.com/argusops/argusops/internal/repository/ai_analysis_run_repository.go:24.107,32.74 2 6
github.com/argusops/argusops/internal/repository/ai_analysis_run_repository.go:32.74,34.3 1 0
github.com/argusops/argusops/internal/repository/ai_analysis_run_repository.go:35.2,35.12 1 6
github.com/argusops/argusops/internal/repository/ai_analysis_run_repository.go:38.112,41.2 2 5
github.com/argusops/argusops/internal/repository/ai_analysis_run_repository.go:48.154,55.16 2 2
github.com/argusops/argusops/internal/repository/ai_analysis_run_repository.go:55.16,57.3 1 0
github.com/argusops/argusops/internal/repository/ai_analysis_run_repository.go:58.2,61.18 3 2
github.com/argusops/argusops/internal/repository/ai_analysis_run_repository.go:61.18,63.17 2 1
github.com/argusops/argusops/internal/repository/ai_analysis_run_repository.go:63.17,65.4 1 0
github.com/argusops/argusops/internal/repository/ai_analysis_run_repository.go:66.3,66.28 1 1
github.com/argusops/argusops/internal/repository/ai_analysis_run_repository.go:68.2,68.25 1 2
github.com/argusops/argusops/internal/repository/ai_analysis_run_repository.go:77.149,85.16 3 5
github.com/argusops/argusops/internal/repository/ai_analysis_run_repository.go:85.16,87.3 1 0
github.com/argusops/argusops/internal/repository/ai_analysis_run_repository.go:88.2,88.17 1 5
github.com/argusops/argusops/internal/repository/ai_analysis_run_repository.go:95.132,100.2 2 3
github.com/argusops/argusops/internal/repository/ai_analysis_run_repository.go:105.128,113.2 2 1
github.com/argusops/argusops/internal/repository/ai_analysis_run_repository.go:119.111,127.2 2 1
github.com/argusops/argusops/internal/repository/ai_analysis_run_repository.go:133.118,141.2 2 1
github.com/argusops/argusops/internal/repository/ai_analysis_run_repository.go:143.128,151.2 2 3
github.com/argusops/argusops/internal/repository/ai_analysis_run_repository.go:153.107,161.2 2 1
github.com/argusops/argusops/internal/repository/ai_analysis_run_repository.go:163.68,170.16 3 14
github.com/argusops/argusops/internal/repository/ai_analysis_run_repository.go:170.16,171.36 1 4
github.com/argusops/argusops/internal/repository/ai_analysis_run_repository.go:171.36,173.4 1 4
github.com/argusops/argusops/internal/repository/ai_analysis_run_repository.go:174.3,174.58 1 0
github.com/argusops/argusops/internal/repository/ai_analysis_run_repository.go:176.2,176.18 1 10
github.com/argusops/argusops/internal/repository/ai_tool_call_repository.go:16.54,18.2 1 2
github.com/argusops/argusops/internal/repository/ai_tool_call_repository.go:24.99,31.54 2 2
github.com/argusops/argusops/internal/repository/ai_tool_call_repository.go:31.54,33.3 1 0
github.com/argusops/argusops/internal/repository/ai_tool_call_repository.go:34.2,34.12 1 2
github.com/argusops/argusops/internal/repository/ai_tool_call_repository.go:37.106,40.2 2 4
github.com/argusops/argusops/internal/repository/ai_tool_call_repository.go:45.105,49.16 2 2
github.com/argusops/argusops/internal/repository/ai_tool_call_repository.go:49.16,51.3 1 0
github.com/argusops/argusops/internal/repository/ai_tool_call_repository.go:52.2,55.18 3 2
github.com/argusops/argusops/internal/repository/ai_tool_call_repository.go:55.18,57.17 2 1
github.com/argusops/argusops/internal/repository/ai_tool_call_repository.go:57.17,59.4 1 0
github.com/argusops/argusops/internal/repository/ai_tool_call_repository.go:60.3,60.28 1 1
github.com/argusops/argusops/internal/repository/ai_tool_call_repository.go:62.2,62.26 1 2
github.com/argusops/argusops/internal/repository/ai_tool_call_repository.go:65.143,75.2 2 1
github.com/argusops/argusops/internal/repository/ai_tool_call_repository.go:77.135,80.2 2 1
github.com/argusops/argusops/internal/repository/ai_tool_call_repository.go:82.62,88.16 3 5
github.com/argusops/argusops/internal/repository/ai_tool_call_repository.go:88.16,89.36 1 1
github.com/argusops/argusops/internal/repository/ai_tool_call_repository.go:89.36,91.4 1 1
github.com/argusops/argusops/internal/repository/ai_tool_call_repository.go:92.3,92.55 1 0
github.com/argusops/argusops/internal/repository/ai_tool_call_repository.go:94.2,94.16 1 4
github.com/argusops/argusops/internal/repository/alert_repository.go:24.44,26.2 1 32
github.com/argusops/argusops/internal/repository/alert_repository.go:59.100,62.2 2 13
github.com/argusops/argusops/internal/repository/alert_repository.go:94.59,98.23 3 20
github.com/argusops/argusops/internal/repository/alert_repository.go:98.23,101.3 2 4
github.com/argusops/argusops/internal/repository/alert_repository.go:102.2,102.21 1 20
github.com/argusops/argusops/internal/repository/alert_repository.go:102.21,105.3 2 4
github.com/argusops/argusops/internal/repository/alert_repository.go:105.8,105.32 1 16
github.com/argusops/argusops/internal/repository/alert_repository.go:105.32,113.32 2 2
github.com/argusops/argusops/internal/repository/alert_repository.go:113.32,115.4 1 4
github.com/argusops/argusops/internal/repository/alert_repository.go:116.3,117.83 2 2
github.com/argusops/argusops/internal/repository/alert_repository.go:119.2,119.21 1 20
github.com/argusops/argusops/internal/repository/alert_repository.go:119.21,122.3 2 1
github.com/argusops/argusops/internal/repository/alert_repository.go:123.2,123.18 1 20
github.com/argusops/argusops/internal/repository/alert_repository.go:123.18,126.3 2 2
github.com/argusops/argusops/internal/repository/alert_repository.go:127.2,127.25 1 20
github.com/argusops/argusops/internal/repository/alert_repository.go:127.25,128.20 1 4
github.com/argusops/argusops/internal/repository/alert_repository.go:128.20,130.4 1 2
github.com/argusops/argusops/internal/repository/alert_repository.go:130.9,132.4 1 2
github.com/argusops/argusops/internal/repository/alert_repository.go:134.2,134.28 1 20
github.com/argusops/argusops/internal/repository/alert_repository.go:134.28,137.3 2 0
github.com/argusops/argusops/internal/repository/alert_repository.go:138.2,138.28 1 20
github.com/argusops/argusops/internal/repository/alert_repository.go:138.28,141.3 2 0
github.com/argusops/argusops/internal/repository/alert_repository.go:142.2,142.28 1 20
github.com/argusops/argusops/internal/repository/alert_repository.go:142.28,145.3 2 1
github.com/argusops/argusops/internal/repository/alert_repository.go:147.2,147.20 1 20
github.com/argusops/argusops/internal/repository/alert_repository.go:150.108,155.31 4 17
github.com/argusops/argusops/internal/repository/alert_repository.go:155.31,157.3 1 15
github.com/argusops/argusops/internal/repository/alert_repository.go:158.2,164.16 6 17
github.com/argusops/argusops/internal/repository/alert_repository.go:164.16,166.3 1 0
github.com/argusops/argusops/internal/repository/alert_repository.go:167.2,170.18 3 17
github.com/argusops/argusops/internal/repository/alert_repository.go:170.18,172.17 2 21
github.com/argusops/argusops/internal/repository/alert_repository.go:172.17,174.4 1 0
github.com/argusops/argusops/internal/repository/alert_repository.go:175.3,175.30 1 21
github.com/argusops/argusops/internal/repository/alert_repository.go:177.2,177.27 1 17
github.com/argusops/argusops/internal/repository/alert_repository.go:183.98,188.70 4 3
github.com/argusops/argusops/internal/repository/alert_repository.go:188.70,190.3 1 0
github.com/argusops/argusops/internal/repository/alert_repository.go:191.2,191.19 1 3
github.com/argusops/argusops/internal/repository/alert_repository.go:194.89,200.26 1 49
github.com/argusops/argusops/internal/repository/alert_repository.go:200.26,202.3 1 49
github.com/argusops/argusops/internal/repository/alert_repository.go:203.2,215.76 2 49
github.com/argusops/argusops/internal/repository/alert_repository.go:231.202,253.16 2 6
github.com/argusops/argusops/internal/repository/alert_repository.go:253.16,254.36 1 3
github.com/argusops/argusops/internal/repository/alert_repository.go:254.36,256.4 1 3
github.com/argusops/argusops/internal/repository/alert_repository.go:257.3,257.81 1 0
github.com/argusops/argusops/internal/repository/alert_repository.go:259.2,259.32 1 3
github.com/argusops/argusops/internal/repository/alert_repository.go:265.143,275.2 2 3
github.com/argusops/argusops/internal/repository/alert_repository.go:277.105,280.2 2 1
github.com/argusops/argusops/internal/repository/alert_repository.go:282.112,295.2 2 3
github.com/argusops/argusops/internal/repository/alert_repository.go:301.120,304.2 2 1
github.com/argusops/argusops/internal/repository/alert_repository.go:308.116,311.2 2 3
github.com/argusops/argusops/internal/repository/alert_repository.go:317.124,325.2 2 2
github.com/argusops/argusops/internal/repository/alert_repository.go:328.105,335.2 2 1
github.com/argusops/argusops/internal/repository/alert_repository.go:337.119,347.16 2 4
github.com/argusops/argusops/internal/repository/alert_repository.go:347.16,349.3 1 0
github.com/argusops/argusops/internal/repository/alert_repository.go:350.2,353.18 3 4
github.com/argusops/argusops/internal/repository/alert_repository.go:353.18,355.17 2 2
github.com/argusops/argusops/internal/repository/alert_repository.go:355.17,357.4 1 0
github.com/argusops/argusops/internal/repository/alert_repository.go:358.3,358.30 1 2
github.com/argusops/argusops/internal/repository/alert_repository.go:360.2,360.27 1 4
github.com/argusops/argusops/internal/repository/alert_repository.go:365.103,373.2 2 3
github.com/argusops/argusops/internal/repository/alert_repository.go:375.122,383.16 2 2
github.com/argusops/argusops/internal/repository/alert_repository.go:383.16,385.3 1 0
github.com/argusops/argusops/internal/repository/alert_repository.go:386.2,389.18 3 2
github.com/argusops/argusops/internal/repository/alert_repository.go:389.18,391.136 2 1
github.com/argusops/argusops/internal/repository/alert_repository.go:391.136,393.4 1 0
github.com/argusops/argusops/internal/repository/alert_repository.go:394.3,394.33 1 1
github.com/argusops/argusops/internal/repository/alert_repository.go:396.2,396.29 1 2
github.com/argusops/argusops/internal/repository/alert_repository.go:399.99,407.2 2 13
github.com/argusops/argusops/internal/repository/alert_repository.go:409.52,418.16 3 37
github.com/argusops/argusops/internal/repository/alert_repository.go:418.16,419.36 1 2
github.com/argusops/argusops/internal/repository/alert_repository.go:419.36,421.4 1 2
github.com/argusops/argusops/internal/repository/alert_repository.go:422.3,422.48 1 0
github.com/argusops/argusops/internal/repository/alert_repository.go:424.2,424.16 1 35
github.com/argusops/argusops/internal/repository/audit_repository.go:15.44,17.2 1 3
github.com/argusops/argusops/internal/repository/audit_repository.go:54.160,62.16 3 5
github.com/argusops/argusops/internal/repository/audit_repository.go:62.16,64.3 1 0
github.com/argusops/argusops/internal/repository/audit_repository.go:65.2,68.18 3 5
github.com/argusops/argusops/internal/repository/audit_repository.go:68.18,70.150 2 7
github.com/argusops/argusops/internal/repository/audit_repository.go:70.150,72.4 1 0
github.com/argusops/argusops/internal/repository/audit_repository.go:73.3,73.29 1 7
github.com/argusops/argusops/internal/repository/audit_repository.go:75.2,75.27 1 5
github.com/argusops/argusops/internal/repository/dashboard_repository.go:17.52,19.2 1 13
github.com/argusops/argusops/internal/repository/dashboard_repository.go:86.141,97.82 3 21
github.com/argusops/argusops/internal/repository/dashboard_repository.go:97.82,99.3 1 0
github.com/argusops/argusops/internal/repository/dashboard_repository.go:101.2,109.90 2 21
github.com/argusops/argusops/internal/repository/dashboard_repository.go:109.90,111.3 1 0
github.com/argusops/argusops/internal/repository/dashboard_repository.go:117.2,123.40 2 21
github.com/argusops/argusops/internal/repository/dashboard_repository.go:123.40,125.3 1 0
github.com/argusops/argusops/internal/repository/dashboard_repository.go:129.2,135.40 2 21
github.com/argusops/argusops/internal/repository/dashboard_repository.go:135.40,137.3 1 0
github.com/argusops/argusops/internal/repository/dashboard_repository.go:139.2,140.16 2 21
github.com/argusops/argusops/internal/repository/dashboard_repository.go:140.16,142.3 1 0
github.com/argusops/argusops/internal/repository/dashboard_repository.go:143.2,146.16 3 21
github.com/argusops/argusops/internal/repository/dashboard_repository.go:146.16,148.3 1 0
github.com/argusops/argusops/internal/repository/dashboard_repository.go:149.2,151.116 2 21
github.com/argusops/argusops/internal/repository/dashboard_repository.go:151.116,153.3 1 0
github.com/argusops/argusops/internal/repository/dashboard_repository.go:154.2,154.121 1 21
github.com/argusops/argusops/internal/repository/dashboard_repository.go:154.121,156.3 1 0
github.com/argusops/argusops/internal/repository/dashboard_repository.go:157.2,157.128 1 21
github.com/argusops/argusops/internal/repository/dashboard_repository.go:157.128,159.3 1 0
github.com/argusops/argusops/internal/repository/dashboard_repository.go:160.2,160.122 1 21
github.com/argusops/argusops/internal/repository/dashboard_repository.go:160.122,162.3 1 0
github.com/argusops/argusops/internal/repository/dashboard_repository.go:163.2,163.96 1 21
github.com/argusops/argusops/internal/repository/dashboard_repository.go:163.96,165.3 1 0
github.com/argusops/argusops/internal/repository/dashboard_repository.go:166.2,166.112 1 21
github.com/argusops/argusops/internal/repository/dashboard_repository.go:166.112,168.3 1 0
github.com/argusops/argusops/internal/repository/dashboard_repository.go:170.2,170.19 1 21
github.com/argusops/argusops/internal/repository/dashboard_repository.go:178.134,185.16 3 21
github.com/argusops/argusops/internal/repository/dashboard_repository.go:185.16,187.3 1 0
github.com/argusops/argusops/internal/repository/dashboard_repository.go:188.2,191.18 3 21
github.com/argusops/argusops/internal/repository/dashboard_repository.go:191.18,193.61 2 18
github.com/argusops/argusops/internal/repository/dashboard_repository.go:193.61,195.4 1 0
github.com/argusops/argusops/internal/repository/dashboard_repository.go:196.3,196.29 1 18
github.com/argusops/argusops/internal/repository/dashboard_repository.go:198.2,198.27 1 21
github.com/argusops/argusops/internal/repository/dashboard_repository.go:212.139,224.16 3 21
github.com/argusops/argusops/internal/repository/dashboard_repository.go:224.16,226.3 1 0
github.com/argusops/argusops/internal/repository/dashboard_repository.go:227.2,230.18 3 21
github.com/argusops/argusops/internal/repository/dashboard_repository.go:230.18,232.61 2 10
github.com/argusops/argusops/internal/repository/dashboard_repository.go:232.61,234.4 1 0
github.com/argusops/argusops/internal/repository/dashboard_repository.go:235.3,235.29 1 10
github.com/argusops/argusops/internal/repository/dashboard_repository.go:237.2,237.27 1 21
github.com/argusops/argusops/internal/repository/dashboard_repository.go:244.55,247.30 3 21
github.com/argusops/argusops/internal/repository/dashboard_repository.go:247.30,255.3 2 0
github.com/argusops/argusops/internal/repository/dashboard_repository.go:256.2,256.28 1 21
github.com/argusops/argusops/internal/repository/dashboard_repository.go:256.28,259.3 2 0
github.com/argusops/argusops/internal/repository/dashboard_repository.go:260.2,260.26 1 21
github.com/argusops/argusops/internal/repository/dashboard_repository.go:260.26,263.3 2 0
github.com/argusops/argusops/internal/repository/dashboard_repository.go:264.2,264.25 1 21
github.com/argusops/argusops/internal/repository/dashboard_repository.go:264.25,267.3 2 2
github.com/argusops/argusops/internal/repository/dashboard_repository.go:268.2,268.20 1 21
github.com/argusops/argusops/internal/repository/dashboard_repository.go:268.20,271.3 2 2
github.com/argusops/argusops/internal/repository/dashboard_repository.go:272.2,272.20 1 21
github.com/argusops/argusops/internal/repository/dashboard_repository.go:272.20,275.3 2 2
github.com/argusops/argusops/internal/repository/dashboard_repository.go:276.2,276.34 1 21
github.com/argusops/argusops/internal/repository/dashboard_repository.go:276.34,279.3 2 3
github.com/argusops/argusops/internal/repository/dashboard_repository.go:280.2,280.28 1 21
github.com/argusops/argusops/internal/repository/dashboard_repository.go:280.28,283.3 2 2
github.com/argusops/argusops/internal/repository/dashboard_repository.go:284.2,284.35 1 21
github.com/argusops/argusops/internal/repository/dashboard_repository.go:287.58,290.33 3 21
github.com/argusops/argusops/internal/repository/dashboard_repository.go:290.33,293.3 2 0
github.com/argusops/argusops/internal/repository/dashboard_repository.go:294.2,294.28 1 21
github.com/argusops/argusops/internal/repository/dashboard_repository.go:294.28,297.3 2 0
github.com/argusops/argusops/internal/repository/dashboard_repository.go:298.2,298.20 1 21
github.com/argusops/argusops/internal/repository/dashboard_repository.go:298.20,301.3 2 2
github.com/argusops/argusops/internal/repository/dashboard_repository.go:302.2,302.20 1 21
github.com/argusops/argusops/internal/repository/dashboard_repository.go:302.20,305.3 2 2
github.com/argusops/argusops/internal/repository/dashboard_repository.go:306.2,306.28 1 21
github.com/argusops/argusops/internal/repository/dashboard_repository.go:306.28,317.3 2 1
github.com/argusops/argusops/internal/repository/dashboard_repository.go:318.2,318.28 1 21
github.com/argusops/argusops/internal/repository/dashboard_repository.go:318.28,321.3 2 2
github.com/argusops/argusops/internal/repository/dashboard_repository.go:322.2,322.35 1 21
github.com/argusops/argusops/internal/repository/dashboard_repository.go:330.46,332.25 2 0
github.com/argusops/argusops/internal/repository/dashboard_repository.go:332.25,334.3 1 0
github.com/argusops/argusops/internal/repository/dashboard_repository.go:335.2,335.12 1 0
github.com/argusops/argusops/internal/repository/dashboard_repository.go:338.43,339.23 1 42
github.com/argusops/argusops/internal/repository/dashboard_repository.go:339.23,341.3 1 26
github.com/argusops/argusops/internal/repository/dashboard_repository.go:342.2,343.28 2 16
github.com/argusops/argusops/internal/repository/dashboard_repository.go:343.28,344.12 1 18
github.com/argusops/argusops/internal/repository/dashboard_repository.go:344.12,346.4 1 2
github.com/argusops/argusops/internal/repository/dashboard_repository.go:347.3,347.11 1 18
github.com/argusops/argusops/internal/repository/dashboard_repository.go:349.2,349.12 1 16
github.com/argusops/argusops/internal/repository/dashboard_repository.go:359.128,367.16 2 21
github.com/argusops/argusops/internal/repository/dashboard_repository.go:367.16,369.3 1 0
github.com/argusops/argusops/internal/repository/dashboard_repository.go:370.2,373.18 3 21
github.com/argusops/argusops/internal/repository/dashboard_repository.go:373.18,375.77 2 0
github.com/argusops/argusops/internal/repository/dashboard_repository.go:375.77,377.4 1 0
github.com/argusops/argusops/internal/repository/dashboard_repository.go:378.3,378.29 1 0
github.com/argusops/argusops/internal/repository/dashboard_repository.go:380.2,380.27 1 21
github.com/argusops/argusops/internal/repository/dashboard_repository.go:386.134,394.16 2 21
github.com/argusops/argusops/internal/repository/dashboard_repository.go:394.16,396.3 1 0
github.com/argusops/argusops/internal/repository/dashboard_repository.go:397.2,400.18 3 21
github.com/argusops/argusops/internal/repository/dashboard_repository.go:400.18,402.61 2 0
github.com/argusops/argusops/internal/repository/dashboard_repository.go:402.61,404.4 1 0
github.com/argusops/argusops/internal/repository/dashboard_repository.go:405.3,405.29 1 0
github.com/argusops/argusops/internal/repository/dashboard_repository.go:407.2,407.27 1 21
github.com/argusops/argusops/internal/repository/dashboard_repository.go:416.118,418.16 2 84
github.com/argusops/argusops/internal/repository/dashboard_repository.go:418.16,420.3 1 0
github.com/argusops/argusops/internal/repository/dashboard_repository.go:421.2,424.18 3 84
github.com/argusops/argusops/internal/repository/dashboard_repository.go:424.18,427.45 3 64
github.com/argusops/argusops/internal/repository/dashboard_repository.go:427.45,429.4 1 0
github.com/argusops/argusops/internal/repository/dashboard_repository.go:430.3,430.18 1 64
github.com/argusops/argusops/internal/repository/dashboard_repository.go:432.2,432.27 1 84
github.com/argusops/argusops/internal/repository/dashboard_repository.go:456.181,460.26 4 13
github.com/argusops/argusops/internal/repository/dashboard_repository.go:460.26,463.3 2 1
github.com/argusops/argusops/internal/repository/dashboard_repository.go:464.2,465.18 2 13
github.com/argusops/argusops/internal/repository/dashboard_repository.go:465.18,468.3 2 1
github.com/argusops/argusops/internal/repository/dashboard_repository.go:469.2,470.18 2 13
github.com/argusops/argusops/internal/repository/dashboard_repository.go:470.18,473.3 2 1
github.com/argusops/argusops/internal/repository/dashboard_repository.go:474.2,474.60 1 13
github.com/argusops/argusops/internal/repository/dashboard_repository.go:474.60,476.19 2 44
github.com/argusops/argusops/internal/repository/dashboard_repository.go:476.19,478.4 1 4
github.com/argusops/argusops/internal/repository/dashboard_repository.go:479.3,479.20 1 44
github.com/argusops/argusops/internal/repository/dashboard_repository.go:479.20,481.4 1 4
github.com/argusops/argusops/internal/repository/dashboard_repository.go:482.3,482.20 1 44
github.com/argusops/argusops/internal/repository/dashboard_repository.go:482.20,484.4 1 4
github.com/argusops/argusops/internal/repository/dashboard_repository.go:485.3,485.22 1 44
github.com/argusops/argusops/internal/repository/dashboard_repository.go:485.22,487.4 1 32
github.com/argusops/argusops/internal/repository/dashboard_repository.go:488.3,488.50 1 12
github.com/argusops/argusops/internal/repository/dashboard_repository.go:491.2,491.35 1 13
github.com/argusops/argusops/internal/repository/dashboard_repository.go:491.35,499.3 2 11
github.com/argusops/argusops/internal/repository/dashboard_repository.go:500.2,500.38 1 13
github.com/argusops/argusops/internal/repository/dashboard_repository.go:500.38,508.3 2 11
github.com/argusops/argusops/internal/repository/dashboard_repository.go:509.2,509.24 1 13
github.com/argusops/argusops/internal/repository/dashboard_repository.go:509.24,511.3 1 0
github.com/argusops/argusops/internal/repository/dashboard_repository.go:513.2,516.16 4 13
github.com/argusops/argusops/internal/repository/dashboard_repository.go:516.16,518.3 1 0
github.com/argusops/argusops/internal/repository/dashboard_repository.go:519.2,522.18 3 13
github.com/argusops/argusops/internal/repository/dashboard_repository.go:522.18,524.138 2 16
github.com/argusops/argusops/internal/repository/dashboard_repository.go:524.138,526.4 1 0
github.com/argusops/argusops/internal/repository/dashboard_repository.go:527.3,527.29 1 16
github.com/argusops/argusops/internal/repository/dashboard_repository.go:529.2,529.27 1 13
github.com/argusops/argusops/internal/repository/escalation_policy_repository.go:16.66,18.2 1 2
github.com/argusops/argusops/internal/repository/escalation_policy_repository.go:22.110,24.16 2 1
github.com/argusops/argusops/internal/repository/escalation_policy_repository.go:24.16,26.3 1 0
github.com/argusops/argusops/internal/repository/escalation_policy_repository.go:27.2,30.18 3 1
github.com/argusops/argusops/internal/repository/escalation_policy_repository.go:30.18,32.17 2 2
github.com/argusops/argusops/internal/repository/escalation_policy_repository.go:32.17,34.4 1 0
github.com/argusops/argusops/internal/repository/escalation_policy_repository.go:35.3,35.34 1 2
github.com/argusops/argusops/internal/repository/escalation_policy_repository.go:37.2,37.29 1 1
github.com/argusops/argusops/internal/repository/escalation_policy_repository.go:42.144,45.16 3 5
github.com/argusops/argusops/internal/repository/escalation_policy_repository.go:45.16,46.36 1 3
github.com/argusops/argusops/internal/repository/escalation_policy_repository.go:46.36,48.4 1 3
github.com/argusops/argusops/internal/repository/escalation_policy_repository.go:49.3,49.18 1 0
github.com/argusops/argusops/internal/repository/escalation_policy_repository.go:51.2,51.15 1 2
github.com/argusops/argusops/internal/repository/escalation_policy_repository.go:55.111,68.68 2 4
github.com/argusops/argusops/internal/repository/escalation_policy_repository.go:68.68,70.3 1 0
github.com/argusops/argusops/internal/repository/escalation_policy_repository.go:71.2,71.12 1 4
github.com/argusops/argusops/internal/repository/escalation_policy_repository.go:74.97,76.16 2 1
github.com/argusops/argusops/internal/repository/escalation_policy_repository.go:76.16,78.3 1 0
github.com/argusops/argusops/internal/repository/escalation_policy_repository.go:79.2,79.12 1 1
github.com/argusops/argusops/internal/repository/escalation_policy_repository.go:82.74,85.16 3 7
github.com/argusops/argusops/internal/repository/escalation_policy_repository.go:85.16,87.3 1 3
github.com/argusops/argusops/internal/repository/escalation_policy_repository.go:88.2,88.16 1 4
github.com/argusops/argusops/internal/repository/field_mapping_template_repository.go:17.74,19.2 1 3
github.com/argusops/argusops/internal/repository/field_mapping_template_repository.go:23.118,25.16 2 2
github.com/argusops/argusops/internal/repository/field_mapping_template_repository.go:25.16,27.3 1 0
github.com/argusops/argusops/internal/repository/field_mapping_template_repository.go:28.2,31.18 3 2
github.com/argusops/argusops/internal/repository/field_mapping_template_repository.go:31.18,33.17 2 2
github.com/argusops/argusops/internal/repository/field_mapping_template_repository.go:33.17,35.4 1 0
github.com/argusops/argusops/internal/repository/field_mapping_template_repository.go:36.3,36.36 1 2
github.com/argusops/argusops/internal/repository/field_mapping_template_repository.go:38.2,38.30 1 2
github.com/argusops/argusops/internal/repository/field_mapping_template_repository.go:41.130,44.2 2 4
github.com/argusops/argusops/internal/repository/field_mapping_template_repository.go:46.119,48.16 2 4
github.com/argusops/argusops/internal/repository/field_mapping_template_repository.go:48.16,50.3 1 0
github.com/argusops/argusops/internal/repository/field_mapping_template_repository.go:51.2,57.68 2 4
github.com/argusops/argusops/internal/repository/field_mapping_template_repository.go:57.68,59.3 1 0
github.com/argusops/argusops/internal/repository/field_mapping_template_repository.go:60.2,60.12 1 4
github.com/argusops/argusops/internal/repository/field_mapping_template_repository.go:63.119,65.16 2 1
github.com/argusops/argusops/internal/repository/field_mapping_template_repository.go:65.16,67.3 1 0
github.com/argusops/argusops/internal/repository/field_mapping_template_repository.go:68.2,74.16 2 1
github.com/argusops/argusops/internal/repository/field_mapping_template_repository.go:74.16,76.3 1 0
github.com/argusops/argusops/internal/repository/field_mapping_template_repository.go:77.2,77.12 1 1
github.com/argusops/argusops/internal/repository/field_mapping_template_repository.go:80.101,83.2 2 1
github.com/argusops/argusops/internal/repository/field_mapping_template_repository.go:85.82,89.16 4 6
github.com/argusops/argusops/internal/repository/field_mapping_template_repository.go:89.16,90.36 1 2
github.com/argusops/argusops/internal/repository/field_mapping_template_repository.go:90.36,92.4 1 2
github.com/argusops/argusops/internal/repository/field_mapping_template_repository.go:93.3,93.65 1 0
github.com/argusops/argusops/internal/repository/field_mapping_template_repository.go:95.2,96.20 2 4
github.com/argusops/argusops/internal/repository/field_mapping_template_repository.go:96.20,97.57 1 4
github.com/argusops/argusops/internal/repository/field_mapping_template_repository.go:97.57,99.4 1 0
github.com/argusops/argusops/internal/repository/field_mapping_template_repository.go:101.2,101.16 1 4
github.com/argusops/argusops/internal/repository/identity_config_repository.go:15.62,17.2 1 2
github.com/argusops/argusops/internal/repository/identity_config_repository.go:19.110,27.16 3 4
github.com/argusops/argusops/internal/repository/identity_config_repository.go:27.16,28.36 1 2
github.com/argusops/argusops/internal/repository/identity_config_repository.go:28.36,30.4 1 2
github.com/argusops/argusops/internal/repository/identity_config_repository.go:31.3,31.53 1 0
github.com/argusops/argusops/internal/repository/identity_config_repository.go:33.2,33.16 1 2
github.com/argusops/argusops/internal/repository/identity_config_repository.go:36.113,51.16 2 2
github.com/argusops/argusops/internal/repository/identity_config_repository.go:51.16,53.3 1 0
github.com/argusops/argusops/internal/repository/identity_config_repository.go:54.2,54.12 1 2
github.com/argusops/argusops/internal/repository/identity_config_repository.go:61.91,62.74 1 2
github.com/argusops/argusops/internal/repository/identity_config_repository.go:62.74,64.3 1 0
github.com/argusops/argusops/internal/repository/identity_config_repository.go:65.2,65.12 1 2
github.com/argusops/argusops/internal/repository/identity_config_repository.go:68.110,76.16 3 3
github.com/argusops/argusops/internal/repository/identity_config_repository.go:76.16,77.36 1 2
github.com/argusops/argusops/internal/repository/identity_config_repository.go:77.36,79.4 1 2
github.com/argusops/argusops/internal/repository/identity_config_repository.go:80.3,80.53 1 0
github.com/argusops/argusops/internal/repository/identity_config_repository.go:82.2,82.16 1 1
github.com/argusops/argusops/internal/repository/identity_config_repository.go:85.113,99.16 2 1
github.com/argusops/argusops/internal/repository/identity_config_repository.go:99.16,101.3 1 0
github.com/argusops/argusops/internal/repository/identity_config_repository.go:102.2,102.12 1 1
github.com/argusops/argusops/internal/repository/identity_config_repository.go:111.91,112.74 1 2
github.com/argusops/argusops/internal/repository/identity_config_repository.go:112.74,114.3 1 0
github.com/argusops/argusops/internal/repository/identity_config_repository.go:115.2,115.12 1 2
github.com/argusops/argusops/internal/repository/incident_repository.go:21.50,23.2 1 24
github.com/argusops/argusops/internal/repository/incident_repository.go:29.106,32.30 3 16
github.com/argusops/argusops/internal/repository/incident_repository.go:32.30,34.3 1 1
github.com/argusops/argusops/internal/repository/incident_repository.go:35.2,36.16 2 15
github.com/argusops/argusops/internal/repository/incident_repository.go:36.16,38.3 1 0
github.com/argusops/argusops/internal/repository/incident_repository.go:42.2,45.16 3 15
github.com/argusops/argusops/internal/repository/incident_repository.go:45.16,47.3 1 0
github.com/argusops/argusops/internal/repository/incident_repository.go:48.2,49.17 2 15
github.com/argusops/argusops/internal/repository/incident_repository.go:78.65,82.23 3 15
github.com/argusops/argusops/internal/repository/incident_repository.go:82.23,85.3 2 3
github.com/argusops/argusops/internal/repository/incident_repository.go:86.2,86.23 1 15
github.com/argusops/argusops/internal/repository/incident_repository.go:86.23,89.3 2 4
github.com/argusops/argusops/internal/repository/incident_repository.go:90.2,90.20 1 15
github.com/argusops/argusops/internal/repository/incident_repository.go:90.20,93.3 2 2
github.com/argusops/argusops/internal/repository/incident_repository.go:94.2,94.26 1 15
github.com/argusops/argusops/internal/repository/incident_repository.go:94.26,97.3 2 2
github.com/argusops/argusops/internal/repository/incident_repository.go:98.2,98.18 1 15
github.com/argusops/argusops/internal/repository/incident_repository.go:98.18,101.3 2 2
github.com/argusops/argusops/internal/repository/incident_repository.go:102.2,102.26 1 15
github.com/argusops/argusops/internal/repository/incident_repository.go:102.26,105.3 2 0
github.com/argusops/argusops/internal/repository/incident_repository.go:106.2,106.26 1 15
github.com/argusops/argusops/internal/repository/incident_repository.go:106.26,109.3 2 0
github.com/argusops/argusops/internal/repository/incident_repository.go:110.2,110.26 1 15
github.com/argusops/argusops/internal/repository/incident_repository.go:110.26,116.3 2 1
github.com/argusops/argusops/internal/repository/incident_repository.go:117.2,117.28 1 15
github.com/argusops/argusops/internal/repository/incident_repository.go:117.28,120.3 2 1
github.com/argusops/argusops/internal/repository/incident_repository.go:122.2,122.20 1 15
github.com/argusops/argusops/internal/repository/incident_repository.go:125.117,130.31 4 12
github.com/argusops/argusops/internal/repository/incident_repository.go:130.31,132.3 1 12
github.com/argusops/argusops/internal/repository/incident_repository.go:133.2,139.16 6 12
github.com/argusops/argusops/internal/repository/incident_repository.go:139.16,141.3 1 0
github.com/argusops/argusops/internal/repository/incident_repository.go:142.2,145.18 3 12
github.com/argusops/argusops/internal/repository/incident_repository.go:145.18,147.17 2 12
github.com/argusops/argusops/internal/repository/incident_repository.go:147.17,149.4 1 0
github.com/argusops/argusops/internal/repository/incident_repository.go:150.3,150.38 1 12
github.com/argusops/argusops/internal/repository/incident_repository.go:152.2,152.35 1 12
github.com/argusops/argusops/internal/repository/incident_repository.go:152.35,154.3 1 0
github.com/argusops/argusops/internal/repository/incident_repository.go:156.2,157.32 2 12
github.com/argusops/argusops/internal/repository/incident_repository.go:157.32,159.3 1 12
github.com/argusops/argusops/internal/repository/incident_repository.go:160.2,161.16 2 12
github.com/argusops/argusops/internal/repository/incident_repository.go:161.16,163.3 1 0
github.com/argusops/argusops/internal/repository/incident_repository.go:164.2,164.27 1 12
github.com/argusops/argusops/internal/repository/incident_repository.go:164.27,166.3 1 12
github.com/argusops/argusops/internal/repository/incident_repository.go:167.2,167.23 1 12
github.com/argusops/argusops/internal/repository/incident_repository.go:173.104,178.70 4 3
github.com/argusops/argusops/internal/repository/incident_repository.go:178.70,180.3 1 0
github.com/argusops/argusops/internal/repository/incident_repository.go:181.2,181.19 1 3
github.com/argusops/argusops/internal/repository/incident_repository.go:188.75,189.14 1 27
github.com/argusops/argusops/internal/repository/incident_repository.go:189.14,191.3 1 24
github.com/argusops/argusops/internal/repository/incident_repository.go:192.2,192.10 1 3
github.com/argusops/argusops/internal/repository/incident_repository.go:195.97,204.2 2 34
github.com/argusops/argusops/internal/repository/incident_repository.go:209.134,210.109 1 4
github.com/argusops/argusops/internal/repository/incident_repository.go:210.109,212.3 1 0
github.com/argusops/argusops/internal/repository/incident_repository.go:213.2,213.33 1 4
github.com/argusops/argusops/internal/repository/incident_repository.go:213.33,217.17 1 4
github.com/argusops/argusops/internal/repository/incident_repository.go:217.17,219.4 1 0
github.com/argusops/argusops/internal/repository/incident_repository.go:221.2,221.12 1 4
github.com/argusops/argusops/internal/repository/incident_repository.go:229.153,231.27 2 28
github.com/argusops/argusops/internal/repository/incident_repository.go:231.27,233.3 1 3
github.com/argusops/argusops/internal/repository/incident_repository.go:235.2,243.16 2 25
github.com/argusops/argusops/internal/repository/incident_repository.go:243.16,245.3 1 0
github.com/argusops/argusops/internal/repository/incident_repository.go:246.2,248.18 2 25
github.com/argusops/argusops/internal/repository/incident_repository.go:248.18,251.64 3 5
github.com/argusops/argusops/internal/repository/incident_repository.go:251.64,253.4 1 0
github.com/argusops/argusops/internal/repository/incident_repository.go:254.3,254.53 1 5
github.com/argusops/argusops/internal/repository/incident_repository.go:256.2,256.27 1 25
github.com/argusops/argusops/internal/repository/incident_repository.go:265.142,274.16 2 21
github.com/argusops/argusops/internal/repository/incident_repository.go:274.16,276.3 1 0
github.com/argusops/argusops/internal/repository/incident_repository.go:277.2,280.18 3 21
github.com/argusops/argusops/internal/repository/incident_repository.go:280.18,282.73 2 6
github.com/argusops/argusops/internal/repository/incident_repository.go:282.73,284.4 1 0
github.com/argusops/argusops/internal/repository/incident_repository.go:285.3,285.28 1 6
github.com/argusops/argusops/internal/repository/incident_repository.go:287.2,287.26 1 21
github.com/argusops/argusops/internal/repository/incident_repository.go:299.155,300.136 1 9
github.com/argusops/argusops/internal/repository/incident_repository.go:300.136,302.3 1 0
github.com/argusops/argusops/internal/repository/incident_repository.go:303.2,303.33 1 9
github.com/argusops/argusops/internal/repository/incident_repository.go:303.33,307.17 1 10
github.com/argusops/argusops/internal/repository/incident_repository.go:307.17,309.4 1 1
github.com/argusops/argusops/internal/repository/incident_repository.go:311.2,311.12 1 8
github.com/argusops/argusops/internal/repository/incident_repository.go:322.122,324.39 2 5
github.com/argusops/argusops/internal/repository/incident_repository.go:324.39,326.3 1 2
github.com/argusops/argusops/internal/repository/incident_repository.go:327.2,333.12 2 5
github.com/argusops/argusops/internal/repository/incident_repository.go:339.93,345.2 2 2
github.com/argusops/argusops/internal/repository/incident_repository.go:352.186,358.2 2 2
github.com/argusops/argusops/internal/repository/incident_repository.go:360.120,366.2 2 1
github.com/argusops/argusops/internal/repository/incident_repository.go:368.108,371.2 2 1
github.com/argusops/argusops/internal/repository/incident_repository.go:377.155,384.16 2 2
github.com/argusops/argusops/internal/repository/incident_repository.go:384.16,386.3 1 0
github.com/argusops/argusops/internal/repository/incident_repository.go:387.2,387.36 1 2
github.com/argusops/argusops/internal/repository/incident_repository.go:390.147,399.16 2 2
github.com/argusops/argusops/internal/repository/incident_repository.go:399.16,401.3 1 0
github.com/argusops/argusops/internal/repository/incident_repository.go:402.2,405.18 3 2
github.com/argusops/argusops/internal/repository/incident_repository.go:405.18,410.17 2 2
github.com/argusops/argusops/internal/repository/incident_repository.go:410.17,412.4 1 0
github.com/argusops/argusops/internal/repository/incident_repository.go:413.3,413.31 1 2
github.com/argusops/argusops/internal/repository/incident_repository.go:415.2,415.28 1 2
github.com/argusops/argusops/internal/repository/incident_repository.go:422.208,430.2 2 1
github.com/argusops/argusops/internal/repository/incident_repository.go:432.105,440.2 2 4
github.com/argusops/argusops/internal/repository/incident_repository.go:442.127,450.16 2 1
github.com/argusops/argusops/internal/repository/incident_repository.go:450.16,452.3 1 0
github.com/argusops/argusops/internal/repository/incident_repository.go:453.2,456.18 3 1
github.com/argusops/argusops/internal/repository/incident_repository.go:456.18,458.133 2 1
github.com/argusops/argusops/internal/repository/incident_repository.go:458.133,460.4 1 0
github.com/argusops/argusops/internal/repository/incident_repository.go:461.3,461.29 1 1
github.com/argusops/argusops/internal/repository/incident_repository.go:463.2,463.27 1 1
github.com/argusops/argusops/internal/repository/incident_repository.go:466.109,474.2 2 3
github.com/argusops/argusops/internal/repository/incident_repository.go:476.131,484.16 2 1
github.com/argusops/argusops/internal/repository/incident_repository.go:484.16,486.3 1 0
github.com/argusops/argusops/internal/repository/incident_repository.go:487.2,490.18 3 1
github.com/argusops/argusops/internal/repository/incident_repository.go:490.18,492.139 2 1
github.com/argusops/argusops/internal/repository/incident_repository.go:492.139,494.4 1 0
github.com/argusops/argusops/internal/repository/incident_repository.go:495.3,495.33 1 1
github.com/argusops/argusops/internal/repository/incident_repository.go:497.2,497.29 1 1
github.com/argusops/argusops/internal/repository/incident_repository.go:500.119,508.2 2 3
github.com/argusops/argusops/internal/repository/incident_repository.go:510.111,516.2 2 2
github.com/argusops/argusops/internal/repository/incident_repository.go:518.125,528.16 2 2
github.com/argusops/argusops/internal/repository/incident_repository.go:528.16,530.3 1 0
github.com/argusops/argusops/internal/repository/incident_repository.go:531.2,534.18 3 2
github.com/argusops/argusops/internal/repository/incident_repository.go:534.18,536.17 2 1
github.com/argusops/argusops/internal/repository/incident_repository.go:536.17,538.4 1 0
github.com/argusops/argusops/internal/repository/incident_repository.go:539.3,539.30 1 1
github.com/argusops/argusops/internal/repository/incident_repository.go:541.2,541.27 1 2
github.com/argusops/argusops/internal/repository/incident_repository.go:544.58,551.16 3 28
github.com/argusops/argusops/internal/repository/incident_repository.go:551.16,552.36 1 1
github.com/argusops/argusops/internal/repository/incident_repository.go:552.36,554.4 1 1
github.com/argusops/argusops/internal/repository/incident_repository.go:555.3,555.51 1 0
github.com/argusops/argusops/internal/repository/incident_repository.go:557.2,558.18 2 27
github.com/argusops/argusops/internal/repository/incident_sla_repository.go:16.56,18.2 1 2
github.com/argusops/argusops/internal/repository/incident_sla_repository.go:22.106,24.16 2 1
github.com/argusops/argusops/internal/repository/incident_sla_repository.go:24.16,26.3 1 0
github.com/argusops/argusops/internal/repository/incident_sla_repository.go:27.2,30.18 3 1
github.com/argusops/argusops/internal/repository/incident_sla_repository.go:30.18,32.17 2 2
github.com/argusops/argusops/internal/repository/incident_sla_repository.go:32.17,34.4 1 0
github.com/argusops/argusops/internal/repository/incident_sla_repository.go:35.3,35.34 1 2
github.com/argusops/argusops/internal/repository/incident_sla_repository.go:37.2,37.29 1 1
github.com/argusops/argusops/internal/repository/incident_sla_repository.go:42.167,49.16 3 5
github.com/argusops/argusops/internal/repository/incident_sla_repository.go:49.16,50.36 1 3
github.com/argusops/argusops/internal/repository/incident_sla_repository.go:50.36,52.4 1 3
github.com/argusops/argusops/internal/repository/incident_sla_repository.go:53.3,53.18 1 0
github.com/argusops/argusops/internal/repository/incident_sla_repository.go:55.2,55.15 1 2
github.com/argusops/argusops/internal/repository/incident_sla_repository.go:59.107,68.68 2 4
github.com/argusops/argusops/internal/repository/incident_sla_repository.go:68.68,70.3 1 0
github.com/argusops/argusops/internal/repository/incident_sla_repository.go:71.2,71.12 1 4
github.com/argusops/argusops/internal/repository/incident_sla_repository.go:74.92,76.16 2 1
github.com/argusops/argusops/internal/repository/incident_sla_repository.go:76.16,78.3 1 0
github.com/argusops/argusops/internal/repository/incident_sla_repository.go:79.2,79.12 1 1
github.com/argusops/argusops/internal/repository/incident_sla_repository.go:82.76,85.16 3 7
github.com/argusops/argusops/internal/repository/incident_sla_repository.go:85.16,87.3 1 3
github.com/argusops/argusops/internal/repository/incident_sla_repository.go:88.2,88.16 1 4
github.com/argusops/argusops/internal/repository/llm_provider_repository.go:16.56,18.2 1 2
github.com/argusops/argusops/internal/repository/llm_provider_repository.go:23.100,25.16 2 1
github.com/argusops/argusops/internal/repository/llm_provider_repository.go:25.16,27.3 1 0
github.com/argusops/argusops/internal/repository/llm_provider_repository.go:28.2,31.18 3 1
github.com/argusops/argusops/internal/repository/llm_provider_repository.go:31.18,33.17 2 2
github.com/argusops/argusops/internal/repository/llm_provider_repository.go:33.17,35.4 1 0
github.com/argusops/argusops/internal/repository/llm_provider_repository.go:36.3,36.36 1 2
github.com/argusops/argusops/internal/repository/llm_provider_repository.go:38.2,38.30 1 1
github.com/argusops/argusops/internal/repository/llm_provider_repository.go:41.112,44.2 2 7
github.com/argusops/argusops/internal/repository/llm_provider_repository.go:49.105,52.2 2 2
github.com/argusops/argusops/internal/repository/llm_provider_repository.go:54.101,61.68 2 2
github.com/argusops/argusops/internal/repository/llm_provider_repository.go:61.68,63.3 1 0
github.com/argusops/argusops/internal/repository/llm_provider_repository.go:64.2,64.12 1 2
github.com/argusops/argusops/internal/repository/llm_provider_repository.go:67.101,74.16 2 1
github.com/argusops/argusops/internal/repository/llm_provider_repository.go:74.16,76.3 1 0
github.com/argusops/argusops/internal/repository/llm_provider_repository.go:77.2,77.12 1 1
github.com/argusops/argusops/internal/repository/llm_provider_repository.go:84.106,85.118 1 2
github.com/argusops/argusops/internal/repository/llm_provider_repository.go:85.118,87.3 1 0
github.com/argusops/argusops/internal/repository/llm_provider_repository.go:88.2,89.16 2 2
github.com/argusops/argusops/internal/repository/llm_provider_repository.go:89.16,91.3 1 0
github.com/argusops/argusops/internal/repository/llm_provider_repository.go:92.2,92.12 1 2
github.com/argusops/argusops/internal/repository/llm_provider_repository.go:95.92,98.2 2 1
github.com/argusops/argusops/internal/repository/llm_provider_repository.go:100.64,103.16 3 11
github.com/argusops/argusops/internal/repository/llm_provider_repository.go:103.16,104.36 1 3
github.com/argusops/argusops/internal/repository/llm_provider_repository.go:104.36,106.4 1 3
github.com/argusops/argusops/internal/repository/llm_provider_repository.go:107.3,107.55 1 0
github.com/argusops/argusops/internal/repository/llm_provider_repository.go:109.2,109.16 1 8
github.com/argusops/argusops/internal/repository/mcp_server_repository.go:16.52,18.2 1 3
github.com/argusops/argusops/internal/repository/mcp_server_repository.go:24.96,26.16 2 1
github.com/argusops/argusops/internal/repository/mcp_server_repository.go:26.16,28.3 1 0
github.com/argusops/argusops/internal/repository/mcp_server_repository.go:29.2,32.18 3 1
github.com/argusops/argusops/internal/repository/mcp_server_repository.go:32.18,34.17 2 1
github.com/argusops/argusops/internal/repository/mcp_server_repository.go:34.17,36.4 1 0
github.com/argusops/argusops/internal/repository/mcp_server_repository.go:37.3,37.32 1 1
github.com/argusops/argusops/internal/repository/mcp_server_repository.go:39.2,39.28 1 1
github.com/argusops/argusops/internal/repository/mcp_server_repository.go:42.108,45.2 2 5
github.com/argusops/argusops/internal/repository/mcp_server_repository.go:47.97,57.82 2 3
github.com/argusops/argusops/internal/repository/mcp_server_repository.go:57.82,59.3 1 0
github.com/argusops/argusops/internal/repository/mcp_server_repository.go:60.2,60.12 1 3
github.com/argusops/argusops/internal/repository/mcp_server_repository.go:63.97,72.16 2 1
github.com/argusops/argusops/internal/repository/mcp_server_repository.go:72.16,74.3 1 0
github.com/argusops/argusops/internal/repository/mcp_server_repository.go:75.2,75.12 1 1
github.com/argusops/argusops/internal/repository/mcp_server_repository.go:78.108,81.2 2 1
github.com/argusops/argusops/internal/repository/mcp_server_repository.go:83.90,86.2 2 1
github.com/argusops/argusops/internal/repository/mcp_server_repository.go:88.60,94.16 3 6
github.com/argusops/argusops/internal/repository/mcp_server_repository.go:94.16,95.36 1 2
github.com/argusops/argusops/internal/repository/mcp_server_repository.go:95.36,97.4 1 2
github.com/argusops/argusops/internal/repository/mcp_server_repository.go:98.3,98.53 1 0
github.com/argusops/argusops/internal/repository/mcp_server_repository.go:100.2,100.16 1 4
github.com/argusops/argusops/internal/repository/on_call_shift_repository.go:15.56,17.2 1 3
github.com/argusops/argusops/internal/repository/on_call_shift_repository.go:23.100,25.16 2 3
github.com/argusops/argusops/internal/repository/on_call_shift_repository.go:25.16,27.3 1 0
github.com/argusops/argusops/internal/repository/on_call_shift_repository.go:28.2,31.18 3 3
github.com/argusops/argusops/internal/repository/on_call_shift_repository.go:31.18,33.17 2 1
github.com/argusops/argusops/internal/repository/on_call_shift_repository.go:33.17,35.4 1 0
github.com/argusops/argusops/internal/repository/on_call_shift_repository.go:36.3,36.30 1 1
github.com/argusops/argusops/internal/repository/on_call_shift_repository.go:38.2,38.27 1 3
github.com/argusops/argusops/internal/repository/on_call_shift_repository.go:41.101,48.54 2 6
github.com/argusops/argusops/internal/repository/on_call_shift_repository.go:48.54,50.3 1 0
github.com/argusops/argusops/internal/repository/on_call_shift_repository.go:51.2,51.12 1 6
github.com/argusops/argusops/internal/repository/on_call_shift_repository.go:54.92,57.2 2 4
github.com/argusops/argusops/internal/repository/on_call_shift_repository.go:80.146,96.16 3 48
github.com/argusops/argusops/internal/repository/on_call_shift_repository.go:96.16,97.27 1 5
github.com/argusops/argusops/internal/repository/on_call_shift_repository.go:97.27,99.4 1 5
github.com/argusops/argusops/internal/repository/on_call_shift_repository.go:100.3,100.61 1 0
github.com/argusops/argusops/internal/repository/on_call_shift_repository.go:102.2,102.21 1 43
github.com/argusops/argusops/internal/repository/on_call_shift_repository.go:105.64,108.16 3 1
github.com/argusops/argusops/internal/repository/on_call_shift_repository.go:108.16,110.3 1 0
github.com/argusops/argusops/internal/repository/on_call_shift_repository.go:111.2,111.16 1 1
github.com/argusops/argusops/internal/repository/password_reset_repository.go:15.60,17.2 1 2
github.com/argusops/argusops/internal/repository/password_reset_repository.go:21.110,28.54 2 2
github.com/argusops/argusops/internal/repository/password_reset_repository.go:28.54,30.3 1 0
github.com/argusops/argusops/internal/repository/password_reset_repository.go:31.2,31.12 1 2
github.com/argusops/argusops/internal/repository/password_reset_repository.go:37.126,40.16 3 5
github.com/argusops/argusops/internal/repository/password_reset_repository.go:40.16,41.27 1 3
github.com/argusops/argusops/internal/repository/password_reset_repository.go:41.27,43.4 1 3
github.com/argusops/argusops/internal/repository/password_reset_repository.go:44.3,44.18 1 0
github.com/argusops/argusops/internal/repository/password_reset_repository.go:46.2,46.15 1 2
github.com/argusops/argusops/internal/repository/password_reset_repository.go:49.96,51.16 2 1
github.com/argusops/argusops/internal/repository/password_reset_repository.go:51.16,53.3 1 0
github.com/argusops/argusops/internal/repository/password_reset_repository.go:54.2,54.12 1 1
github.com/argusops/argusops/internal/repository/password_reset_repository.go:61.108,63.16 2 1
github.com/argusops/argusops/internal/repository/password_reset_repository.go:63.16,65.3 1 0
github.com/argusops/argusops/internal/repository/password_reset_repository.go:66.2,66.12 1 1
github.com/argusops/argusops/internal/repository/password_reset_repository.go:69.78,72.16 3 5
github.com/argusops/argusops/internal/repository/password_reset_repository.go:72.16,74.3 1 3
github.com/argusops/argusops/internal/repository/password_reset_repository.go:75.2,75.16 1 2
github.com/argusops/argusops/internal/repository/playbook_repository.go:16.50,18.2 1 1
github.com/argusops/argusops/internal/repository/playbook_repository.go:20.106,26.29 3 4
github.com/argusops/argusops/internal/repository/playbook_repository.go:26.29,28.3 1 2
github.com/argusops/argusops/internal/repository/playbook_repository.go:30.2,31.16 2 2
github.com/argusops/argusops/internal/repository/playbook_repository.go:31.16,33.3 1 0
github.com/argusops/argusops/internal/repository/playbook_repository.go:34.2,35.16 2 2
github.com/argusops/argusops/internal/repository/playbook_repository.go:38.94,42.16 2 1
github.com/argusops/argusops/internal/repository/playbook_repository.go:42.16,44.3 1 0
github.com/argusops/argusops/internal/repository/playbook_repository.go:45.2,48.18 3 1
github.com/argusops/argusops/internal/repository/playbook_repository.go:48.18,50.17 2 1
github.com/argusops/argusops/internal/repository/playbook_repository.go:50.17,52.4 1 0
github.com/argusops/argusops/internal/repository/playbook_repository.go:53.3,53.37 1 1
github.com/argusops/argusops/internal/repository/playbook_repository.go:55.2,55.35 1 1
github.com/argusops/argusops/internal/repository/playbook_repository.go:55.35,57.3 1 0
github.com/argusops/argusops/internal/repository/playbook_repository.go:62.2,62.27 1 1
github.com/argusops/argusops/internal/repository/playbook_repository.go:62.27,64.17 2 1
github.com/argusops/argusops/internal/repository/playbook_repository.go:64.17,66.4 1 0
github.com/argusops/argusops/internal/repository/playbook_repository.go:67.3,67.29 1 1
github.com/argusops/argusops/internal/repository/playbook_repository.go:70.2,70.23 1 1
github.com/argusops/argusops/internal/repository/playbook_repository.go:73.96,80.71 2 1
github.com/argusops/argusops/internal/repository/playbook_repository.go:80.71,82.3 1 0
github.com/argusops/argusops/internal/repository/playbook_repository.go:83.2,83.62 1 1
github.com/argusops/argusops/internal/repository/playbook_repository.go:86.96,93.16 2 1
github.com/argusops/argusops/internal/repository/playbook_repository.go:93.16,95.3 1 0
github.com/argusops/argusops/internal/repository/playbook_repository.go:96.2,96.62 1 1
github.com/argusops/argusops/internal/repository/playbook_repository.go:99.89,102.2 2 1
github.com/argusops/argusops/internal/repository/playbook_repository.go:107.154,108.111 1 2
github.com/argusops/argusops/internal/repository/playbook_repository.go:108.111,110.3 1 0
github.com/argusops/argusops/internal/repository/playbook_repository.go:111.2,111.36 1 2
github.com/argusops/argusops/internal/repository/playbook_repository.go:111.36,112.34 1 3
github.com/argusops/argusops/internal/repository/playbook_repository.go:112.34,117.18 1 4
github.com/argusops/argusops/internal/repository/playbook_repository.go:117.18,119.5 1 0
github.com/argusops/argusops/internal/repository/playbook_repository.go:122.2,122.12 1 2
github.com/argusops/argusops/internal/repository/playbook_repository.go:125.136,131.16 2 3
github.com/argusops/argusops/internal/repository/playbook_repository.go:131.16,133.3 1 0
github.com/argusops/argusops/internal/repository/playbook_repository.go:134.2,137.18 3 3
github.com/argusops/argusops/internal/repository/playbook_repository.go:137.18,140.52 3 7
github.com/argusops/argusops/internal/repository/playbook_repository.go:140.52,142.4 1 0
github.com/argusops/argusops/internal/repository/playbook_repository.go:143.3,143.46 1 7
github.com/argusops/argusops/internal/repository/playbook_repository.go:145.2,145.26 1 3
github.com/argusops/argusops/internal/repository/playbook_repository.go:148.58,151.16 3 5
github.com/argusops/argusops/internal/repository/playbook_repository.go:151.16,152.36 1 2
github.com/argusops/argusops/internal/repository/playbook_repository.go:152.36,154.4 1 2
github.com/argusops/argusops/internal/repository/playbook_repository.go:155.3,155.51 1 0
github.com/argusops/argusops/internal/repository/playbook_repository.go:157.2,157.17 1 3
github.com/argusops/argusops/internal/repository/refresh_token_repository.go:15.58,17.2 1 3
github.com/argusops/argusops/internal/repository/refresh_token_repository.go:21.103,28.54 2 5
github.com/argusops/argusops/internal/repository/refresh_token_repository.go:28.54,30.3 1 0
github.com/argusops/argusops/internal/repository/refresh_token_repository.go:31.2,31.12 1 5
github.com/argusops/argusops/internal/repository/refresh_token_repository.go:37.119,40.16 3 7
github.com/argusops/argusops/internal/repository/refresh_token_repository.go:40.16,41.27 1 2
github.com/argusops/argusops/internal/repository/refresh_token_repository.go:41.27,43.4 1 2
github.com/argusops/argusops/internal/repository/refresh_token_repository.go:44.3,44.18 1 0
github.com/argusops/argusops/internal/repository/refresh_token_repository.go:46.2,46.15 1 5
github.com/argusops/argusops/internal/repository/refresh_token_repository.go:51.93,53.16 2 1
github.com/argusops/argusops/internal/repository/refresh_token_repository.go:53.16,55.3 1 0
github.com/argusops/argusops/internal/repository/refresh_token_repository.go:56.2,56.12 1 1
github.com/argusops/argusops/internal/repository/refresh_token_repository.go:63.107,65.16 2 1
github.com/argusops/argusops/internal/repository/refresh_token_repository.go:65.16,67.3 1 0
github.com/argusops/argusops/internal/repository/refresh_token_repository.go:68.2,68.12 1 1
github.com/argusops/argusops/internal/repository/refresh_token_repository.go:71.66,74.16 3 7
github.com/argusops/argusops/internal/repository/refresh_token_repository.go:74.16,76.3 1 2
github.com/argusops/argusops/internal/repository/refresh_token_repository.go:77.2,77.16 1 5
github.com/argusops/argusops/internal/repository/role_repository.go:16.42,18.2 1 4
github.com/argusops/argusops/internal/repository/role_repository.go:22.86,24.16 2 1
github.com/argusops/argusops/internal/repository/role_repository.go:24.16,26.3 1 0
github.com/argusops/argusops/internal/repository/role_repository.go:27.2,30.18 3 1
github.com/argusops/argusops/internal/repository/role_repository.go:30.18,32.17 2 1
github.com/argusops/argusops/internal/repository/role_repository.go:32.17,34.4 1 0
github.com/argusops/argusops/internal/repository/role_repository.go:35.3,35.31 1 1
github.com/argusops/argusops/internal/repository/role_repository.go:37.2,37.26 1 1
github.com/argusops/argusops/internal/repository/role_repository.go:40.98,43.16 3 4
github.com/argusops/argusops/internal/repository/role_repository.go:43.16,44.36 1 2
github.com/argusops/argusops/internal/repository/role_repository.go:44.36,46.4 1 2
github.com/argusops/argusops/internal/repository/role_repository.go:47.3,47.18 1 0
github.com/argusops/argusops/internal/repository/role_repository.go:49.2,49.18 1 2
github.com/argusops/argusops/internal/repository/role_repository.go:55.103,58.16 3 2
github.com/argusops/argusops/internal/repository/role_repository.go:58.16,59.36 1 1
github.com/argusops/argusops/internal/repository/role_repository.go:59.36,61.4 1 1
github.com/argusops/argusops/internal/repository/role_repository.go:62.3,62.18 1 0
github.com/argusops/argusops/internal/repository/role_repository.go:64.2,64.18 1 1
github.com/argusops/argusops/internal/repository/role_repository.go:67.90,74.77 2 3
github.com/argusops/argusops/internal/repository/role_repository.go:74.77,76.3 1 0
github.com/argusops/argusops/internal/repository/role_repository.go:77.2,77.12 1 3
github.com/argusops/argusops/internal/repository/role_repository.go:80.90,87.50 2 1
github.com/argusops/argusops/internal/repository/role_repository.go:87.50,89.3 1 0
github.com/argusops/argusops/internal/repository/role_repository.go:90.2,90.12 1 1
github.com/argusops/argusops/internal/repository/role_repository.go:93.85,95.16 2 1
github.com/argusops/argusops/internal/repository/role_repository.go:95.16,97.3 1 0
github.com/argusops/argusops/internal/repository/role_repository.go:98.2,98.12 1 1
github.com/argusops/argusops/internal/repository/role_repository.go:105.100,108.16 3 2
github.com/argusops/argusops/internal/repository/role_repository.go:108.16,110.3 1 0
github.com/argusops/argusops/internal/repository/role_repository.go:111.2,111.19 1 2
github.com/argusops/argusops/internal/repository/role_repository.go:114.50,120.16 3 7
github.com/argusops/argusops/internal/repository/role_repository.go:120.16,122.3 1 3
github.com/argusops/argusops/internal/repository/role_repository.go:123.2,123.19 1 4
github.com/argusops/argusops/internal/repository/smtp_config_repository.go:18.54,20.2 1 2
github.com/argusops/argusops/internal/repository/smtp_config_repository.go:22.96,32.16 3 5
github.com/argusops/argusops/internal/repository/smtp_config_repository.go:32.16,33.36 1 3
github.com/argusops/argusops/internal/repository/smtp_config_repository.go:33.36,35.4 1 3
github.com/argusops/argusops/internal/repository/smtp_config_repository.go:36.3,36.53 1 0
github.com/argusops/argusops/internal/repository/smtp_config_repository.go:38.2,38.16 1 2
github.com/argusops/argusops/internal/repository/smtp_config_repository.go:45.99,57.16 2 3
github.com/argusops/argusops/internal/repository/smtp_config_repository.go:57.16,59.3 1 0
github.com/argusops/argusops/internal/repository/smtp_config_repository.go:60.2,60.12 1 3
github.com/argusops/argusops/internal/repository/smtp_config_repository.go:64.77,66.16 2 1
github.com/argusops/argusops/internal/repository/smtp_config_repository.go:66.16,68.3 1 0
github.com/argusops/argusops/internal/repository/smtp_config_repository.go:69.2,69.12 1 1
github.com/argusops/argusops/internal/repository/storage_config_repository.go:19.60,21.2 1 2
github.com/argusops/argusops/internal/repository/storage_config_repository.go:23.102,37.16 3 5
github.com/argusops/argusops/internal/repository/storage_config_repository.go:37.16,38.36 1 3
github.com/argusops/argusops/internal/repository/storage_config_repository.go:38.36,40.4 1 3
github.com/argusops/argusops/internal/repository/storage_config_repository.go:41.3,41.56 1 0
github.com/argusops/argusops/internal/repository/storage_config_repository.go:43.2,43.16 1 2
github.com/argusops/argusops/internal/repository/storage_config_repository.go:50.105,69.16 2 3
github.com/argusops/argusops/internal/repository/storage_config_repository.go:69.16,71.3 1 0
github.com/argusops/argusops/internal/repository/storage_config_repository.go:72.2,72.12 1 3
github.com/argusops/argusops/internal/repository/storage_config_repository.go:77.80,79.16 2 1
github.com/argusops/argusops/internal/repository/storage_config_repository.go:79.16,81.3 1 0
github.com/argusops/argusops/internal/repository/storage_config_repository.go:82.2,82.12 1 1
github.com/argusops/argusops/internal/repository/tag_repository.go:15.40,17.2 1 3
github.com/argusops/argusops/internal/repository/tag_repository.go:21.84,23.16 2 3
github.com/argusops/argusops/internal/repository/tag_repository.go:23.16,25.3 1 0
github.com/argusops/argusops/internal/repository/tag_repository.go:26.2,29.18 3 3
github.com/argusops/argusops/internal/repository/tag_repository.go:29.18,31.17 2 3
github.com/argusops/argusops/internal/repository/tag_repository.go:31.17,33.4 1 0
github.com/argusops/argusops/internal/repository/tag_repository.go:34.3,34.26 1 3
github.com/argusops/argusops/internal/repository/tag_repository.go:36.2,36.25 1 3
github.com/argusops/argusops/internal/repository/tag_repository.go:39.85,46.54 2 5
github.com/argusops/argusops/internal/repository/tag_repository.go:46.54,48.3 1 0
github.com/argusops/argusops/internal/repository/tag_repository.go:49.2,49.12 1 5
github.com/argusops/argusops/internal/repository/tag_repository.go:52.84,55.2 2 1
github.com/argusops/argusops/internal/repository/tag_repository.go:62.103,63.21 1 3
github.com/argusops/argusops/internal/repository/tag_repository.go:63.21,65.3 1 1
github.com/argusops/argusops/internal/repository/tag_repository.go:66.2,70.16 2 2
github.com/argusops/argusops/internal/repository/tag_repository.go:70.16,72.3 1 0
github.com/argusops/argusops/internal/repository/tag_repository.go:73.2,76.18 3 2
github.com/argusops/argusops/internal/repository/tag_repository.go:76.18,78.42 2 2
github.com/argusops/argusops/internal/repository/tag_repository.go:78.42,80.4 1 0
github.com/argusops/argusops/internal/repository/tag_repository.go:81.3,81.30 1 2
github.com/argusops/argusops/internal/repository/tag_repository.go:83.2,83.26 1 2
github.com/argusops/argusops/internal/repository/tag_repository.go:86.48,89.16 3 3
github.com/argusops/argusops/internal/repository/tag_repository.go:89.16,91.3 1 0
github.com/argusops/argusops/internal/repository/tag_repository.go:92.2,92.16 1 3
github.com/argusops/argusops/internal/repository/tenant_repository.go:21.46,23.2 1 2
github.com/argusops/argusops/internal/repository/tenant_repository.go:34.99,38.16 3 1
github.com/argusops/argusops/internal/repository/tenant_repository.go:38.16,39.27 1 0
github.com/argusops/argusops/internal/repository/tenant_repository.go:39.27,41.4 1 0
github.com/argusops/argusops/internal/repository/tenant_repository.go:42.3,42.56 1 0
github.com/argusops/argusops/internal/repository/tenant_repository.go:44.2,44.16 1 1
github.com/argusops/argusops/internal/repository/tenant_repository.go:50.112,53.16 3 2
github.com/argusops/argusops/internal/repository/tenant_repository.go:53.16,55.3 1 0
github.com/argusops/argusops/internal/repository/tenant_repository.go:56.2,56.16 1 2
github.com/argusops/argusops/internal/repository/tenant_repository.go:59.119,62.2 2 1
github.com/argusops/argusops/internal/repository/upload_key_repository.go:17.52,19.2 1 2
github.com/argusops/argusops/internal/repository/upload_key_repository.go:21.142,27.16 2 2
github.com/argusops/argusops/internal/repository/upload_key_repository.go:27.16,29.3 1 0
github.com/argusops/argusops/internal/repository/upload_key_repository.go:30.2,30.12 1 2
github.com/argusops/argusops/internal/repository/upload_key_repository.go:37.167,40.35 3 3
github.com/argusops/argusops/internal/repository/upload_key_repository.go:40.35,42.3 1 2
github.com/argusops/argusops/internal/repository/upload_key_repository.go:43.2,43.16 1 1
github.com/argusops/argusops/internal/repository/upload_key_repository.go:43.16,45.3 1 0
github.com/argusops/argusops/internal/repository/upload_key_repository.go:46.2,46.42 1 1
github.com/argusops/argusops/internal/repository/user_api_token_repository.go:16.58,18.2 1 2
github.com/argusops/argusops/internal/repository/user_api_token_repository.go:26.131,28.16 2 2
github.com/argusops/argusops/internal/repository/user_api_token_repository.go:28.16,30.3 1 0
github.com/argusops/argusops/internal/repository/user_api_token_repository.go:31.2,33.99 2 2
github.com/argusops/argusops/internal/repository/user_api_token_repository.go:33.99,35.3 1 0
github.com/argusops/argusops/internal/repository/user_api_token_repository.go:37.2,44.16 3 2
github.com/argusops/argusops/internal/repository/user_api_token_repository.go:44.16,45.27 1 1
github.com/argusops/argusops/internal/repository/user_api_token_repository.go:45.27,47.4 1 1
github.com/argusops/argusops/internal/repository/user_api_token_repository.go:48.3,48.55 1 0
github.com/argusops/argusops/internal/repository/user_api_token_repository.go:51.2,51.39 1 1
github.com/argusops/argusops/internal/repository/user_api_token_repository.go:51.39,53.3 1 0
github.com/argusops/argusops/internal/repository/user_api_token_repository.go:55.2,55.16 1 1
github.com/argusops/argusops/internal/repository/user_api_token_repository.go:63.103,70.54 2 3
github.com/argusops/argusops/internal/repository/user_api_token_repository.go:70.54,72.3 1 0
github.com/argusops/argusops/internal/repository/user_api_token_repository.go:73.2,73.12 1 3
github.com/argusops/argusops/internal/repository/user_api_token_repository.go:79.126,81.16 2 5
github.com/argusops/argusops/internal/repository/user_api_token_repository.go:81.16,83.3 1 0
github.com/argusops/argusops/internal/repository/user_api_token_repository.go:84.2,87.18 3 5
github.com/argusops/argusops/internal/repository/user_api_token_repository.go:87.18,89.17 2 5
github.com/argusops/argusops/internal/repository/user_api_token_repository.go:89.17,91.4 1 0
github.com/argusops/argusops/internal/repository/user_api_token_repository.go:92.3,92.30 1 5
github.com/argusops/argusops/internal/repository/user_api_token_repository.go:94.2,94.27 1 5
github.com/argusops/argusops/internal/repository/user_api_token_repository.go:101.101,108.2 2 3
github.com/argusops/argusops/internal/repository/user_api_token_repository.go:110.66,113.16 3 5
github.com/argusops/argusops/internal/repository/user_api_token_repository.go:113.16,115.3 1 0
github.com/argusops/argusops/internal/repository/user_api_token_repository.go:116.2,116.16 1 5
github.com/argusops/argusops/internal/repository/user_repository.go:16.42,18.2 1 12
github.com/argusops/argusops/internal/repository/user_repository.go:31.86,33.16 2 1
github.com/argusops/argusops/internal/repository/user_repository.go:33.16,35.3 1 0
github.com/argusops/argusops/internal/repository/user_repository.go:36.2,39.18 3 1
github.com/argusops/argusops/internal/repository/user_repository.go:39.18,41.17 2 1
github.com/argusops/argusops/internal/repository/user_repository.go:41.17,43.4 1 0
github.com/argusops/argusops/internal/repository/user_repository.go:44.3,44.28 1 1
github.com/argusops/argusops/internal/repository/user_repository.go:46.2,46.26 1 1
github.com/argusops/argusops/internal/repository/user_repository.go:53.102,55.16 2 1
github.com/argusops/argusops/internal/repository/user_repository.go:55.16,57.3 1 0
github.com/argusops/argusops/internal/repository/user_repository.go:58.2,61.18 3 1
github.com/argusops/argusops/internal/repository/user_repository.go:61.18,63.51 2 1
github.com/argusops/argusops/internal/repository/user_repository.go:63.51,65.4 1 0
github.com/argusops/argusops/internal/repository/user_repository.go:66.3,66.35 1 1
github.com/argusops/argusops/internal/repository/user_repository.go:68.2,68.30 1 1
github.com/argusops/argusops/internal/repository/user_repository.go:71.98,74.16 3 13
github.com/argusops/argusops/internal/repository/user_repository.go:74.16,75.36 1 1
github.com/argusops/argusops/internal/repository/user_repository.go:75.36,77.4 1 1
github.com/argusops/argusops/internal/repository/user_repository.go:78.3,78.18 1 0
github.com/argusops/argusops/internal/repository/user_repository.go:80.2,80.15 1 12
github.com/argusops/argusops/internal/repository/user_repository.go:87.105,90.16 3 2
github.com/argusops/argusops/internal/repository/user_repository.go:90.16,91.36 1 1
github.com/argusops/argusops/internal/repository/user_repository.go:91.36,93.4 1 1
github.com/argusops/argusops/internal/repository/user_repository.go:94.3,94.18 1 0
github.com/argusops/argusops/internal/repository/user_repository.go:96.2,96.15 1 1
github.com/argusops/argusops/internal/repository/user_repository.go:105.96,117.81 2 2
github.com/argusops/argusops/internal/repository/user_repository.go:117.81,119.3 1 0
github.com/argusops/argusops/internal/repository/user_repository.go:120.2,120.12 1 2
github.com/argusops/argusops/internal/repository/user_repository.go:128.113,135.104 2 2
github.com/argusops/argusops/internal/repository/user_repository.go:135.104,137.3 1 1
github.com/argusops/argusops/internal/repository/user_repository.go:138.2,138.12 1 1
github.com/argusops/argusops/internal/repository/user_repository.go:141.93,144.2 2 1
github.com/argusops/argusops/internal/repository/user_repository.go:146.99,149.2 2 1
github.com/argusops/argusops/internal/repository/user_repository.go:155.111,162.2 2 1
github.com/argusops/argusops/internal/repository/user_repository.go:168.125,175.2 2 1
github.com/argusops/argusops/internal/repository/user_repository.go:181.112,187.16 2 1
github.com/argusops/argusops/internal/repository/user_repository.go:187.16,189.3 1 0
github.com/argusops/argusops/internal/repository/user_repository.go:190.2,190.12 1 1
github.com/argusops/argusops/internal/repository/user_repository.go:193.101,196.2 2 3
github.com/argusops/argusops/internal/repository/user_repository.go:206.111,208.16 2 3
github.com/argusops/argusops/internal/repository/user_repository.go:208.16,210.3 1 0
github.com/argusops/argusops/internal/repository/user_repository.go:211.2,214.18 3 3
github.com/argusops/argusops/internal/repository/user_repository.go:214.18,216.17 2 2
github.com/argusops/argusops/internal/repository/user_repository.go:216.17,218.4 1 0
github.com/argusops/argusops/internal/repository/user_repository.go:219.3,219.34 1 2
github.com/argusops/argusops/internal/repository/user_repository.go:221.2,221.29 1 3
github.com/argusops/argusops/internal/repository/user_repository.go:224.111,233.54 2 2
github.com/argusops/argusops/internal/repository/user_repository.go:233.54,235.3 1 0
github.com/argusops/argusops/internal/repository/user_repository.go:236.2,236.12 1 2
github.com/argusops/argusops/internal/repository/user_repository.go:239.97,242.2 2 1
github.com/argusops/argusops/internal/repository/user_repository.go:244.50,253.16 4 16
github.com/argusops/argusops/internal/repository/user_repository.go:253.16,255.3 1 2
github.com/argusops/argusops/internal/repository/user_repository.go:256.2,257.16 2 14
github.com/argusops/argusops/internal/repository/user_repository.go:260.74,267.16 4 2
github.com/argusops/argusops/internal/repository/user_repository.go:267.16,269.3 1 0
github.com/argusops/argusops/internal/repository/user_repository.go:270.2,271.16 2 2
github.com/argusops/argusops/internal/repository/webhook_repository.go:17.48,19.2 1 2
github.com/argusops/argusops/internal/repository/webhook_repository.go:27.129,29.16 2 2
github.com/argusops/argusops/internal/repository/webhook_repository.go:29.16,31.3 1 0
github.com/argusops/argusops/internal/repository/webhook_repository.go:32.2,34.97 2 2
github.com/argusops/argusops/internal/repository/webhook_repository.go:34.97,36.3 1 0
github.com/argusops/argusops/internal/repository/webhook_repository.go:38.2,49.16 3 2
github.com/argusops/argusops/internal/repository/webhook_repository.go:49.16,50.27 1 1
github.com/argusops/argusops/internal/repository/webhook_repository.go:50.27,52.4 1 1
github.com/argusops/argusops/internal/repository/webhook_repository.go:53.3,53.59 1 0
github.com/argusops/argusops/internal/repository/webhook_repository.go:56.2,56.39 1 1
github.com/argusops/argusops/internal/repository/webhook_repository.go:56.39,58.3 1 0
github.com/argusops/argusops/internal/repository/webhook_repository.go:60.2,60.17 1 1
github.com/argusops/argusops/internal/repository/webhook_repository.go:65.100,67.16 2 1
github.com/argusops/argusops/internal/repository/webhook_repository.go:67.16,69.3 1 0
github.com/argusops/argusops/internal/repository/webhook_repository.go:70.2,73.18 3 1
github.com/argusops/argusops/internal/repository/webhook_repository.go:73.18,75.17 2 1
github.com/argusops/argusops/internal/repository/webhook_repository.go:75.17,77.4 1 0
github.com/argusops/argusops/internal/repository/webhook_repository.go:78.3,78.37 1 1
github.com/argusops/argusops/internal/repository/webhook_repository.go:80.2,80.30 1 1
github.com/argusops/argusops/internal/repository/webhook_repository.go:83.112,86.2 2 8
github.com/argusops/argusops/internal/repository/webhook_repository.go:93.102,102.29 1 2
github.com/argusops/argusops/internal/repository/webhook_repository.go:102.29,104.3 1 2
github.com/argusops/argusops/internal/repository/webhook_repository.go:105.2,115.68 2 2
github.com/argusops/argusops/internal/repository/webhook_repository.go:115.68,117.3 1 0
github.com/argusops/argusops/internal/repository/webhook_repository.go:118.2,118.12 1 2
github.com/argusops/argusops/internal/repository/webhook_repository.go:127.134,133.2 2 2
github.com/argusops/argusops/internal/repository/webhook_repository.go:139.128,142.2 2 2
github.com/argusops/argusops/internal/repository/webhook_repository.go:148.145,155.2 2 1
github.com/argusops/argusops/internal/repository/webhook_repository.go:157.106,160.2 2 1
github.com/argusops/argusops/internal/repository/webhook_repository.go:162.72,169.16 3 9
github.com/argusops/argusops/internal/repository/webhook_repository.go:169.16,171.3 1 0
github.com/argusops/argusops/internal/repository/webhook_repository.go:172.2,172.17 1 9
github.com/argusops/argusops/internal/httpserver/handlers/account.go:22.109,24.2 1 3
github.com/argusops/argusops/internal/httpserver/handlers/account.go:31.48,37.2 5 3
github.com/argusops/argusops/internal/httpserver/handlers/account.go:49.82,54.61 4 3
github.com/argusops/argusops/internal/httpserver/handlers/account.go:54.61,57.3 2 1
github.com/argusops/argusops/internal/httpserver/handlers/account.go:59.2,60.16 2 2
github.com/argusops/argusops/internal/httpserver/handlers/account.go:60.16,63.3 2 1
github.com/argusops/argusops/internal/httpserver/handlers/account.go:65.2,65.64 1 1
github.com/argusops/argusops/internal/httpserver/handlers/account.go:77.81,82.61 4 4
github.com/argusops/argusops/internal/httpserver/handlers/account.go:82.61,85.3 2 1
github.com/argusops/argusops/internal/httpserver/handlers/account.go:87.2,88.16 2 3
github.com/argusops/argusops/internal/httpserver/handlers/account.go:88.16,91.3 2 2
github.com/argusops/argusops/internal/httpserver/handlers/account.go:92.2,92.35 1 1
github.com/argusops/argusops/internal/httpserver/handlers/account.go:95.81,100.16 4 2
github.com/argusops/argusops/internal/httpserver/handlers/account.go:100.16,103.3 2 0
github.com/argusops/argusops/internal/httpserver/handlers/account.go:104.2,104.37 1 2
github.com/argusops/argusops/internal/httpserver/handlers/account.go:114.82,119.61 4 2
github.com/argusops/argusops/internal/httpserver/handlers/account.go:119.61,122.3 2 0
github.com/argusops/argusops/internal/httpserver/handlers/account.go:123.2,123.20 1 2
github.com/argusops/argusops/internal/httpserver/handlers/account.go:123.20,126.3 2 1
github.com/argusops/argusops/internal/httpserver/handlers/account.go:128.2,129.16 2 1
github.com/argusops/argusops/internal/httpserver/handlers/account.go:129.16,132.3 2 0
github.com/argusops/argusops/internal/httpserver/handlers/account.go:135.2,138.4 1 1
github.com/argusops/argusops/internal/httpserver/handlers/account.go:141.82,145.16 4 2
github.com/argusops/argusops/internal/httpserver/handlers/account.go:145.16,148.3 2 1
github.com/argusops/argusops/internal/httpserver/handlers/account.go:150.2,150.78 1 1
github.com/argusops/argusops/internal/httpserver/handlers/account.go:150.78,153.3 2 0
github.com/argusops/argusops/internal/httpserver/handlers/account.go:154.2,154.37 1 1
github.com/argusops/argusops/internal/httpserver/handlers/alerts.go:38.194,40.2 1 29
github.com/argusops/argusops/internal/httpserver/handlers/alerts.go:42.46,61.2 18 27
github.com/argusops/argusops/internal/httpserver/handlers/alerts.go:63.70,65.9 2 14
github.com/argusops/argusops/internal/httpserver/handlers/alerts.go:65.9,68.3 2 1
github.com/argusops/argusops/internal/httpserver/handlers/alerts.go:70.2,71.49 2 13
github.com/argusops/argusops/internal/httpserver/handlers/alerts.go:71.49,74.3 2 2
github.com/argusops/argusops/internal/httpserver/handlers/alerts.go:75.2,75.47 1 13
github.com/argusops/argusops/internal/httpserver/handlers/alerts.go:75.47,78.3 2 1
github.com/argusops/argusops/internal/httpserver/handlers/alerts.go:79.2,79.47 1 13
github.com/argusops/argusops/internal/httpserver/handlers/alerts.go:79.47,81.3 1 1
github.com/argusops/argusops/internal/httpserver/handlers/alerts.go:82.2,82.44 1 13
github.com/argusops/argusops/internal/httpserver/handlers/alerts.go:82.44,84.3 1 1
github.com/argusops/argusops/internal/httpserver/handlers/alerts.go:85.2,85.51 1 13
github.com/argusops/argusops/internal/httpserver/handlers/alerts.go:85.51,88.3 2 3
github.com/argusops/argusops/internal/httpserver/handlers/alerts.go:89.2,95.16 6 13
github.com/argusops/argusops/internal/httpserver/handlers/alerts.go:95.16,98.3 2 0
github.com/argusops/argusops/internal/httpserver/handlers/alerts.go:100.2,101.16 2 13
github.com/argusops/argusops/internal/httpserver/handlers/alerts.go:101.16,104.3 2 0
github.com/argusops/argusops/internal/httpserver/handlers/alerts.go:105.2,106.37 2 13
github.com/argusops/argusops/internal/httpserver/handlers/alerts.go:109.69,111.9 2 8
github.com/argusops/argusops/internal/httpserver/handlers/alerts.go:111.9,114.3 2 1
github.com/argusops/argusops/internal/httpserver/handlers/alerts.go:115.2,116.16 2 7
github.com/argusops/argusops/internal/httpserver/handlers/alerts.go:116.16,119.3 2 1
github.com/argusops/argusops/internal/httpserver/handlers/alerts.go:121.2,122.16 2 6
github.com/argusops/argusops/internal/httpserver/handlers/alerts.go:122.16,125.3 2 0
github.com/argusops/argusops/internal/httpserver/handlers/alerts.go:126.2,126.18 1 6
github.com/argusops/argusops/internal/httpserver/handlers/alerts.go:126.18,129.3 2 2
github.com/argusops/argusops/internal/httpserver/handlers/alerts.go:130.2,130.36 1 4
github.com/argusops/argusops/internal/httpserver/handlers/alerts.go:137.78,141.16 4 4
github.com/argusops/argusops/internal/httpserver/handlers/alerts.go:141.16,144.3 2 1
github.com/argusops/argusops/internal/httpserver/handlers/alerts.go:146.2,147.61 2 3
github.com/argusops/argusops/internal/httpserver/handlers/alerts.go:147.61,150.3 2 1
github.com/argusops/argusops/internal/httpserver/handlers/alerts.go:152.2,152.127 1 2
github.com/argusops/argusops/internal/httpserver/handlers/alerts.go:152.127,155.3 2 1
github.com/argusops/argusops/internal/httpserver/handlers/alerts.go:156.2,156.37 1 1
github.com/argusops/argusops/internal/httpserver/handlers/alerts.go:165.71,169.16 4 4
github.com/argusops/argusops/internal/httpserver/handlers/alerts.go:169.16,172.3 2 1
github.com/argusops/argusops/internal/httpserver/handlers/alerts.go:174.2,175.61 2 3
github.com/argusops/argusops/internal/httpserver/handlers/alerts.go:175.61,178.3 2 1
github.com/argusops/argusops/internal/httpserver/handlers/alerts.go:180.2,185.112 2 2
github.com/argusops/argusops/internal/httpserver/handlers/alerts.go:185.112,188.3 2 1
github.com/argusops/argusops/internal/httpserver/handlers/alerts.go:189.2,189.37 1 1
github.com/argusops/argusops/internal/httpserver/handlers/alerts.go:196.76,200.16 4 3
github.com/argusops/argusops/internal/httpserver/handlers/alerts.go:200.16,203.3 2 1
github.com/argusops/argusops/internal/httpserver/handlers/alerts.go:205.2,206.61 2 2
github.com/argusops/argusops/internal/httpserver/handlers/alerts.go:206.61,209.3 2 1
github.com/argusops/argusops/internal/httpserver/handlers/alerts.go:211.2,211.123 1 1
github.com/argusops/argusops/internal/httpserver/handlers/alerts.go:211.123,214.3 2 0
github.com/argusops/argusops/internal/httpserver/handlers/alerts.go:215.2,215.37 1 1
github.com/argusops/argusops/internal/httpserver/handlers/alerts.go:222.82,226.16 4 3
github.com/argusops/argusops/internal/httpserver/handlers/alerts.go:226.16,229.3 2 1
github.com/argusops/argusops/internal/httpserver/handlers/alerts.go:231.2,232.61 2 2
github.com/argusops/argusops/internal/httpserver/handlers/alerts.go:232.61,235.3 2 1
github.com/argusops/argusops/internal/httpserver/handlers/alerts.go:237.2,237.133 1 1
github.com/argusops/argusops/internal/httpserver/handlers/alerts.go:237.133,240.3 2 0
github.com/argusops/argusops/internal/httpserver/handlers/alerts.go:241.2,241.37 1 1
github.com/argusops/argusops/internal/httpserver/handlers/alerts.go:248.74,252.16 4 4
github.com/argusops/argusops/internal/httpserver/handlers/alerts.go:252.16,255.3 2 1
github.com/argusops/argusops/internal/httpserver/handlers/alerts.go:257.2,258.61 2 3
github.com/argusops/argusops/internal/httpserver/handlers/alerts.go:258.61,261.3 2 1
github.com/argusops/argusops/internal/httpserver/handlers/alerts.go:263.2,263.126 1 2
github.com/argusops/argusops/internal/httpserver/handlers/alerts.go:263.126,266.3 2 0
github.com/argusops/argusops/internal/httpserver/handlers/alerts.go:267.2,267.37 1 2
github.com/argusops/argusops/internal/httpserver/handlers/alerts.go:270.82,273.16 3 3
github.com/argusops/argusops/internal/httpserver/handlers/alerts.go:273.16,276.3 2 1
github.com/argusops/argusops/internal/httpserver/handlers/alerts.go:278.2,279.16 2 2
github.com/argusops/argusops/internal/httpserver/handlers/alerts.go:279.16,282.3 2 0
github.com/argusops/argusops/internal/httpserver/handlers/alerts.go:283.2,283.37 1 2
github.com/argusops/argusops/internal/httpserver/handlers/alerts.go:286.75,290.16 4 4
github.com/argusops/argusops/internal/httpserver/handlers/alerts.go:290.16,293.3 2 1
github.com/argusops/argusops/internal/httpserver/handlers/alerts.go:294.2,295.16 2 3
github.com/argusops/argusops/internal/httpserver/handlers/alerts.go:295.16,298.3 2 1
github.com/argusops/argusops/internal/httpserver/handlers/alerts.go:300.2,300.121 1 2
github.com/argusops/argusops/internal/httpserver/handlers/alerts.go:300.121,303.3 2 1
github.com/argusops/argusops/internal/httpserver/handlers/alerts.go:304.2,304.37 1 1
github.com/argusops/argusops/internal/httpserver/handlers/alerts.go:307.77,310.16 3 3
github.com/argusops/argusops/internal/httpserver/handlers/alerts.go:310.16,313.3 2 1
github.com/argusops/argusops/internal/httpserver/handlers/alerts.go:314.2,315.16 2 2
github.com/argusops/argusops/internal/httpserver/handlers/alerts.go:315.16,318.3 2 1
github.com/argusops/argusops/internal/httpserver/handlers/alerts.go:320.2,320.115 1 1
github.com/argusops/argusops/internal/httpserver/handlers/alerts.go:320.115,323.3 2 0
github.com/argusops/argusops/internal/httpserver/handlers/alerts.go:324.2,324.37 1 1
github.com/argusops/argusops/internal/httpserver/handlers/alerts.go:337.74,342.16 5 4
github.com/argusops/argusops/internal/httpserver/handlers/alerts.go:342.16,345.3 2 1
github.com/argusops/argusops/internal/httpserver/handlers/alerts.go:347.2,348.16 2 3
github.com/argusops/argusops/internal/httpserver/handlers/alerts.go:348.16,351.3 2 0
github.com/argusops/argusops/internal/httpserver/handlers/alerts.go:352.2,352.18 1 3
github.com/argusops/argusops/internal/httpserver/handlers/alerts.go:352.18,355.3 2 1
github.com/argusops/argusops/internal/httpserver/handlers/alerts.go:357.2,363.16 2 2
github.com/argusops/argusops/internal/httpserver/handlers/alerts.go:363.16,366.3 2 0
github.com/argusops/argusops/internal/httpserver/handlers/alerts.go:368.2,368.100 1 2
github.com/argusops/argusops/internal/httpserver/handlers/alerts.go:368.100,371.3 2 0
github.com/argusops/argusops/internal/httpserver/handlers/alerts.go:373.2,373.120 1 2
github.com/argusops/argusops/internal/httpserver/handlers/alerts.go:373.120,376.3 2 0
github.com/argusops/argusops/internal/httpserver/handlers/alerts.go:378.2,378.72 1 2
github.com/argusops/argusops/internal/httpserver/handlers/alerts.go:390.73,394.16 4 5
github.com/argusops/argusops/internal/httpserver/handlers/alerts.go:394.16,397.3 2 1
github.com/argusops/argusops/internal/httpserver/handlers/alerts.go:399.2,400.16 2 4
github.com/argusops/argusops/internal/httpserver/handlers/alerts.go:400.16,401.52 1 2
github.com/argusops/argusops/internal/httpserver/handlers/alerts.go:401.52,404.4 2 1
github.com/argusops/argusops/internal/httpserver/handlers/alerts.go:405.3,406.9 2 1
github.com/argusops/argusops/internal/httpserver/handlers/alerts.go:408.2,408.78 1 2
github.com/argusops/argusops/internal/httpserver/handlers/alerts.go:420.81,423.16 3 2
github.com/argusops/argusops/internal/httpserver/handlers/alerts.go:423.16,426.3 2 0
github.com/argusops/argusops/internal/httpserver/handlers/alerts.go:427.2,428.16 2 2
github.com/argusops/argusops/internal/httpserver/handlers/alerts.go:428.16,431.3 2 0
github.com/argusops/argusops/internal/httpserver/handlers/alerts.go:432.2,432.41 1 2
github.com/argusops/argusops/internal/httpserver/handlers/alerts.go:440.86,444.16 4 2
github.com/argusops/argusops/internal/httpserver/handlers/alerts.go:444.16,447.3 2 0
github.com/argusops/argusops/internal/httpserver/handlers/alerts.go:449.2,450.61 2 2
github.com/argusops/argusops/internal/httpserver/handlers/alerts.go:450.61,453.3 2 0
github.com/argusops/argusops/internal/httpserver/handlers/alerts.go:454.2,454.39 1 2
github.com/argusops/argusops/internal/httpserver/handlers/alerts.go:454.39,457.3 2 1
github.com/argusops/argusops/internal/httpserver/handlers/alerts.go:459.2,460.16 2 1
github.com/argusops/argusops/internal/httpserver/handlers/alerts.go:460.16,461.52 1 0
github.com/argusops/argusops/internal/httpserver/handlers/alerts.go:461.52,464.4 2 0
github.com/argusops/argusops/internal/httpserver/handlers/alerts.go:465.3,466.9 2 0
github.com/argusops/argusops/internal/httpserver/handlers/alerts.go:468.2,468.78 1 1
github.com/argusops/argusops/internal/httpserver/handlers/alerts.go:476.89,478.2 1 2
github.com/argusops/argusops/internal/httpserver/handlers/alerts.go:480.88,482.2 1 1
github.com/argusops/argusops/internal/httpserver/handlers/alerts.go:484.103,488.16 4 3
github.com/argusops/argusops/internal/httpserver/handlers/alerts.go:488.16,491.3 2 0
github.com/argusops/argusops/internal/httpserver/handlers/alerts.go:492.2,493.16 2 3
github.com/argusops/argusops/internal/httpserver/handlers/alerts.go:493.16,496.3 2 0
github.com/argusops/argusops/internal/httpserver/handlers/alerts.go:498.2,499.16 2 3
github.com/argusops/argusops/internal/httpserver/handlers/alerts.go:499.16,502.3 2 0
github.com/argusops/argusops/internal/httpserver/handlers/alerts.go:503.2,503.72 1 3
github.com/argusops/argusops/internal/httpserver/handlers/alerts.go:503.72,506.3 2 1
github.com/argusops/argusops/internal/httpserver/handlers/alerts.go:508.2,508.13 1 2
github.com/argusops/argusops/internal/httpserver/handlers/alerts.go:508.13,510.3 1 1
github.com/argusops/argusops/internal/httpserver/handlers/alerts.go:510.8,512.3 1 1
github.com/argusops/argusops/internal/httpserver/handlers/alerts.go:513.2,513.16 1 2
github.com/argusops/argusops/internal/httpserver/handlers/alerts.go:513.16,516.3 2 0
github.com/argusops/argusops/internal/httpserver/handlers/alerts.go:517.2,517.37 1 2
github.com/argusops/argusops/internal/httpserver/handlers/alerts.go:520.78,523.16 3 3
github.com/argusops/argusops/internal/httpserver/handlers/alerts.go:523.16,526.3 2 1
github.com/argusops/argusops/internal/httpserver/handlers/alerts.go:528.2,529.16 2 2
github.com/argusops/argusops/internal/httpserver/handlers/alerts.go:529.16,532.3 2 0
github.com/argusops/argusops/internal/httpserver/handlers/alerts.go:533.2,533.39 1 2
github.com/argusops/argusops/internal/httpserver/handlers/alerts.go:541.76,545.16 4 5
github.com/argusops/argusops/internal/httpserver/handlers/alerts.go:545.16,548.3 2 1
github.com/argusops/argusops/internal/httpserver/handlers/alerts.go:550.2,551.61 2 4
github.com/argusops/argusops/internal/httpserver/handlers/alerts.go:551.61,554.3 2 1
github.com/argusops/argusops/internal/httpserver/handlers/alerts.go:555.2,555.20 1 3
github.com/argusops/argusops/internal/httpserver/handlers/alerts.go:555.20,558.3 2 1
github.com/argusops/argusops/internal/httpserver/handlers/alerts.go:563.2,564.16 2 2
github.com/argusops/argusops/internal/httpserver/handlers/alerts.go:564.16,567.3 2 0
github.com/argusops/argusops/internal/httpserver/handlers/alerts.go:568.2,568.18 1 2
github.com/argusops/argusops/internal/httpserver/handlers/alerts.go:568.18,571.3 2 1
github.com/argusops/argusops/internal/httpserver/handlers/alerts.go:573.2,574.16 2 1
github.com/argusops/argusops/internal/httpserver/handlers/alerts.go:574.16,577.3 2 0
github.com/argusops/argusops/internal/httpserver/handlers/alerts.go:578.2,578.43 1 1
github.com/argusops/argusops/internal/httpserver/handlers/audit_export.go:26.83,28.2 1 2
github.com/argusops/argusops/internal/httpserver/handlers/audit_export.go:30.52,32.2 1 2
github.com/argusops/argusops/internal/httpserver/handlers/audit_export.go:41.81,43.9 2 5
github.com/argusops/argusops/internal/httpserver/handlers/audit_export.go:43.9,46.3 2 1
github.com/argusops/argusops/internal/httpserver/handlers/audit_export.go:48.2,49.46 2 4
github.com/argusops/argusops/internal/httpserver/handlers/audit_export.go:49.46,50.81 1 1
github.com/argusops/argusops/internal/httpserver/handlers/audit_export.go:50.81,52.4 1 1
github.com/argusops/argusops/internal/httpserver/handlers/audit_export.go:55.2,56.63 2 4
github.com/argusops/argusops/internal/httpserver/handlers/audit_export.go:56.63,58.17 2 1
github.com/argusops/argusops/internal/httpserver/handlers/audit_export.go:58.17,61.4 2 1
github.com/argusops/argusops/internal/httpserver/handlers/audit_export.go:62.3,62.91 1 0
github.com/argusops/argusops/internal/httpserver/handlers/audit_export.go:65.2,66.16 2 3
github.com/argusops/argusops/internal/httpserver/handlers/audit_export.go:66.16,69.3 2 0
github.com/argusops/argusops/internal/httpserver/handlers/audit_export.go:71.2,71.17 1 3
github.com/argusops/argusops/internal/httpserver/handlers/audit_export.go:71.17,74.3 2 1
github.com/argusops/argusops/internal/httpserver/handlers/audit_export.go:75.2,79.29 5 3
github.com/argusops/argusops/internal/httpserver/handlers/audit_export.go:79.29,81.3 1 2
github.com/argusops/argusops/internal/httpserver/handlers/auth.go:39.190,44.2 1 10
github.com/argusops/argusops/internal/httpserver/handlers/auth.go:46.45,55.2 8 10
github.com/argusops/argusops/internal/httpserver/handlers/auth.go:62.101,64.16 2 65
github.com/argusops/argusops/internal/httpserver/handlers/auth.go:64.16,67.3 2 0
github.com/argusops/argusops/internal/httpserver/handlers/auth.go:68.2,68.19 1 65
github.com/argusops/argusops/internal/httpserver/handlers/auth.go:68.19,71.3 2 0
github.com/argusops/argusops/internal/httpserver/handlers/auth.go:72.2,72.21 1 65
github.com/argusops/argusops/internal/httpserver/handlers/auth.go:78.45,80.2 1 52
github.com/argusops/argusops/internal/httpserver/handlers/auth.go:101.75,103.9 2 17
github.com/argusops/argusops/internal/httpserver/handlers/auth.go:103.9,105.3 1 0
github.com/argusops/argusops/internal/httpserver/handlers/auth.go:107.2,108.61 2 17
github.com/argusops/argusops/internal/httpserver/handlers/auth.go:108.61,111.3 2 1
github.com/argusops/argusops/internal/httpserver/handlers/auth.go:112.2,112.58 1 16
github.com/argusops/argusops/internal/httpserver/handlers/auth.go:112.58,115.3 2 2
github.com/argusops/argusops/internal/httpserver/handlers/auth.go:117.2,118.16 2 14
github.com/argusops/argusops/internal/httpserver/handlers/auth.go:118.16,121.3 2 0
github.com/argusops/argusops/internal/httpserver/handlers/auth.go:122.2,122.17 1 14
github.com/argusops/argusops/internal/httpserver/handlers/auth.go:122.17,125.3 2 12
github.com/argusops/argusops/internal/httpserver/handlers/auth.go:127.2,134.4 1 2
github.com/argusops/argusops/internal/httpserver/handlers/auth.go:137.74,139.9 2 13
github.com/argusops/argusops/internal/httpserver/handlers/auth.go:139.9,141.3 1 0
github.com/argusops/argusops/internal/httpserver/handlers/auth.go:143.2,144.61 2 13
github.com/argusops/argusops/internal/httpserver/handlers/auth.go:144.61,147.3 2 1
github.com/argusops/argusops/internal/httpserver/handlers/auth.go:148.2,148.58 1 12
github.com/argusops/argusops/internal/httpserver/handlers/auth.go:148.58,151.3 2 1
github.com/argusops/argusops/internal/httpserver/handlers/auth.go:153.2,154.16 2 11
github.com/argusops/argusops/internal/httpserver/handlers/auth.go:154.16,157.3 2 11
github.com/argusops/argusops/internal/httpserver/handlers/auth.go:159.2,166.4 1 0
github.com/argusops/argusops/internal/httpserver/handlers/auth.go:183.72,185.9 2 6
github.com/argusops/argusops/internal/httpserver/handlers/auth.go:185.9,187.3 1 0
github.com/argusops/argusops/internal/httpserver/handlers/auth.go:189.2,190.61 2 6
github.com/argusops/argusops/internal/httpserver/handlers/auth.go:190.61,193.3 2 1
github.com/argusops/argusops/internal/httpserver/handlers/auth.go:194.2,194.28 1 5
github.com/argusops/argusops/internal/httpserver/handlers/auth.go:194.28,197.3 2 1
github.com/argusops/argusops/internal/httpserver/handlers/auth.go:199.2,200.16 2 4
github.com/argusops/argusops/internal/httpserver/handlers/auth.go:200.16,203.3 2 0
github.com/argusops/argusops/internal/httpserver/handlers/auth.go:204.2,204.17 1 4
github.com/argusops/argusops/internal/httpserver/handlers/auth.go:204.17,207.3 2 2
github.com/argusops/argusops/internal/httpserver/handlers/auth.go:209.2,209.91 1 2
github.com/argusops/argusops/internal/httpserver/handlers/auth.go:220.85,222.9 2 13
github.com/argusops/argusops/internal/httpserver/handlers/auth.go:222.9,224.3 1 0
github.com/argusops/argusops/internal/httpserver/handlers/auth.go:226.2,227.61 2 13
github.com/argusops/argusops/internal/httpserver/handlers/auth.go:227.61,230.3 2 1
github.com/argusops/argusops/internal/httpserver/handlers/auth.go:231.2,231.58 1 12
github.com/argusops/argusops/internal/httpserver/handlers/auth.go:231.58,234.3 2 1
github.com/argusops/argusops/internal/httpserver/handlers/auth.go:236.2,236.88 1 11
github.com/argusops/argusops/internal/httpserver/handlers/auth.go:236.88,239.3 2 0
github.com/argusops/argusops/internal/httpserver/handlers/auth.go:240.2,240.37 1 11
github.com/argusops/argusops/internal/httpserver/handlers/auth.go:248.85,250.9 2 13
github.com/argusops/argusops/internal/httpserver/handlers/auth.go:250.9,252.3 1 0
github.com/argusops/argusops/internal/httpserver/handlers/auth.go:254.2,255.61 2 13
github.com/argusops/argusops/internal/httpserver/handlers/auth.go:255.61,258.3 2 1
github.com/argusops/argusops/internal/httpserver/handlers/auth.go:259.2,259.58 1 12
github.com/argusops/argusops/internal/httpserver/handlers/auth.go:259.58,262.3 2 1
github.com/argusops/argusops/internal/httpserver/handlers/auth.go:264.2,264.105 1 11
github.com/argusops/argusops/internal/httpserver/handlers/auth.go:264.105,267.3 2 11
github.com/argusops/argusops/internal/httpserver/handlers/auth.go:268.2,268.37 1 0
github.com/argusops/argusops/internal/httpserver/handlers/auth.go:271.77,273.9 2 1
github.com/argusops/argusops/internal/httpserver/handlers/auth.go:273.9,275.3 1 0
github.com/argusops/argusops/internal/httpserver/handlers/auth.go:276.2,276.52 1 1
github.com/argusops/argusops/internal/httpserver/handlers/auth.go:279.74,281.9 2 1
github.com/argusops/argusops/internal/httpserver/handlers/auth.go:281.9,283.3 1 0
github.com/argusops/argusops/internal/httpserver/handlers/auth.go:284.2,284.49 1 1
github.com/argusops/argusops/internal/httpserver/handlers/auth.go:287.72,289.9 2 1
github.com/argusops/argusops/internal/httpserver/handlers/auth.go:289.9,291.3 1 0
github.com/argusops/argusops/internal/httpserver/handlers/auth.go:292.2,292.47 1 1
github.com/argusops/argusops/internal/httpserver/handlers/dashboard.go:24.45,26.2 1 42
github.com/argusops/argusops/internal/httpserver/handlers/dashboard.go:31.45,33.2 1 42
github.com/argusops/argusops/internal/httpserver/handlers/dashboard.go:35.67,37.13 2 84
github.com/argusops/argusops/internal/httpserver/handlers/dashboard.go:37.13,39.3 1 69
github.com/argusops/argusops/internal/httpserver/handlers/dashboard.go:40.2,41.16 2 15
github.com/argusops/argusops/internal/httpserver/handlers/dashboard.go:41.16,43.3 1 3
github.com/argusops/argusops/internal/httpserver/handlers/dashboard.go:44.2,44.11 1 12
github.com/argusops/argusops/internal/httpserver/handlers/dashboard.go:49.67,51.13 2 11
github.com/argusops/argusops/internal/httpserver/handlers/dashboard.go:51.13,53.3 1 10
github.com/argusops/argusops/internal/httpserver/handlers/dashboard.go:54.2,55.16 2 1
github.com/argusops/argusops/internal/httpserver/handlers/dashboard.go:55.16,57.3 1 0
github.com/argusops/argusops/internal/httpserver/handlers/dashboard.go:58.2,58.12 1 1
github.com/argusops/argusops/internal/httpserver/handlers/dashboard.go:69.72,71.13 2 24
github.com/argusops/argusops/internal/httpserver/handlers/dashboard.go:71.13,73.3 1 21
github.com/argusops/argusops/internal/httpserver/handlers/dashboard.go:74.2,75.45 2 3
github.com/argusops/argusops/internal/httpserver/handlers/dashboard.go:75.45,76.46 1 3
github.com/argusops/argusops/internal/httpserver/handlers/dashboard.go:76.46,78.4 1 2
github.com/argusops/argusops/internal/httpserver/handlers/dashboard.go:80.2,80.12 1 3
github.com/argusops/argusops/internal/httpserver/handlers/dashboard.go:87.77,89.13 2 60
github.com/argusops/argusops/internal/httpserver/handlers/dashboard.go:89.13,91.3 1 55
github.com/argusops/argusops/internal/httpserver/handlers/dashboard.go:92.2,93.45 2 5
github.com/argusops/argusops/internal/httpserver/handlers/dashboard.go:93.45,94.17 1 6
github.com/argusops/argusops/internal/httpserver/handlers/dashboard.go:94.17,96.4 1 6
github.com/argusops/argusops/internal/httpserver/handlers/dashboard.go:98.2,98.12 1 5
github.com/argusops/argusops/internal/httpserver/handlers/dashboard.go:105.77,107.2 1 5
github.com/argusops/argusops/internal/httpserver/handlers/dashboard.go:109.50,112.2 2 11
github.com/argusops/argusops/internal/httpserver/handlers/dashboard.go:117.58,119.2 1 3
github.com/argusops/argusops/internal/httpserver/handlers/dashboard.go:128.75,130.9 2 14
github.com/argusops/argusops/internal/httpserver/handlers/dashboard.go:130.9,133.3 2 2
github.com/argusops/argusops/internal/httpserver/handlers/dashboard.go:135.2,139.40 5 12
github.com/argusops/argusops/internal/httpserver/handlers/dashboard.go:139.40,141.3 1 1
github.com/argusops/argusops/internal/httpserver/handlers/dashboard.go:142.2,152.16 10 12
github.com/argusops/argusops/internal/httpserver/handlers/dashboard.go:152.16,155.3 2 0
github.com/argusops/argusops/internal/httpserver/handlers/dashboard.go:156.2,156.36 1 12
github.com/argusops/argusops/internal/httpserver/handlers/dashboard.go:159.78,161.9 2 6
github.com/argusops/argusops/internal/httpserver/handlers/dashboard.go:161.9,164.3 2 2
github.com/argusops/argusops/internal/httpserver/handlers/dashboard.go:165.2,169.16 4 4
github.com/argusops/argusops/internal/httpserver/handlers/dashboard.go:169.16,172.3 2 0
github.com/argusops/argusops/internal/httpserver/handlers/dashboard.go:173.2,173.37 1 4
github.com/argusops/argusops/internal/httpserver/handlers/dashboard.go:176.78,178.9 2 3
github.com/argusops/argusops/internal/httpserver/handlers/dashboard.go:178.9,181.3 2 1
github.com/argusops/argusops/internal/httpserver/handlers/dashboard.go:182.2,183.16 2 2
github.com/argusops/argusops/internal/httpserver/handlers/dashboard.go:183.16,186.3 2 0
github.com/argusops/argusops/internal/httpserver/handlers/dashboard.go:187.2,187.35 1 2
github.com/argusops/argusops/internal/httpserver/handlers/db_migration.go:25.107,27.2 1 1
github.com/argusops/argusops/internal/httpserver/handlers/db_migration.go:29.58,32.2 2 1
github.com/argusops/argusops/internal/httpserver/handlers/db_migration.go:43.66,48.2 1 2
github.com/argusops/argusops/internal/httpserver/handlers/db_migration.go:50.92,52.61 2 2
github.com/argusops/argusops/internal/httpserver/handlers/db_migration.go:52.61,55.3 2 1
github.com/argusops/argusops/internal/httpserver/handlers/db_migration.go:57.2,57.74 1 1
github.com/argusops/argusops/internal/httpserver/handlers/db_migration.go:57.74,60.3 2 1
github.com/argusops/argusops/internal/httpserver/handlers/db_migration.go:61.2,61.37 1 0
github.com/argusops/argusops/internal/httpserver/handlers/db_migration.go:69.85,71.61 2 2
github.com/argusops/argusops/internal/httpserver/handlers/db_migration.go:71.61,74.3 2 1
github.com/argusops/argusops/internal/httpserver/handlers/db_migration.go:76.2,77.16 2 1
github.com/argusops/argusops/internal/httpserver/handlers/db_migration.go:77.16,80.3 2 1
github.com/argusops/argusops/internal/httpserver/handlers/db_migration.go:81.2,81.37 1 0
github.com/argusops/argusops/internal/httpserver/handlers/escalation_policies.go:20.98,22.2 1 2
github.com/argusops/argusops/internal/httpserver/handlers/escalation_policies.go:24.57,29.2 4 2
github.com/argusops/argusops/internal/httpserver/handlers/escalation_policies.go:31.81,33.9 2 4
github.com/argusops/argusops/internal/httpserver/handlers/escalation_policies.go:33.9,36.3 2 1
github.com/argusops/argusops/internal/httpserver/handlers/escalation_policies.go:37.2,38.16 2 3
github.com/argusops/argusops/internal/httpserver/handlers/escalation_policies.go:38.16,41.3 2 0
github.com/argusops/argusops/internal/httpserver/handlers/escalation_policies.go:42.2,42.39 1 3
github.com/argusops/argusops/internal/httpserver/handlers/escalation_policies.go:57.81,61.61 3 4
github.com/argusops/argusops/internal/httpserver/handlers/escalation_policies.go:61.61,64.3 2 1
github.com/argusops/argusops/internal/httpserver/handlers/escalation_policies.go:66.2,67.16 2 3
github.com/argusops/argusops/internal/httpserver/handlers/escalation_policies.go:67.16,70.3 2 2
github.com/argusops/argusops/internal/httpserver/handlers/escalation_policies.go:71.2,71.37 1 1
github.com/argusops/argusops/internal/httpserver/handlers/escalation_policies.go:83.81,87.61 3 0
github.com/argusops/argusops/internal/httpserver/handlers/escalation_policies.go:87.61,90.3 2 0
github.com/argusops/argusops/internal/httpserver/handlers/escalation_policies.go:92.2,92.72 1 0
github.com/argusops/argusops/internal/httpserver/handlers/escalation_policies.go:92.72,95.3 2 0
github.com/argusops/argusops/internal/httpserver/handlers/escalation_policies.go:96.2,96.58 1 0
github.com/argusops/argusops/internal/httpserver/handlers/escalation_policies.go:99.83,102.16 3 2
github.com/argusops/argusops/internal/httpserver/handlers/escalation_policies.go:102.16,105.3 2 1
github.com/argusops/argusops/internal/httpserver/handlers/escalation_policies.go:106.2,106.64 1 1
github.com/argusops/argusops/internal/httpserver/handlers/escalation_policies.go:106.64,109.3 2 0
github.com/argusops/argusops/internal/httpserver/handlers/escalation_policies.go:110.2,110.37 1 1
github.com/argusops/argusops/internal/httpserver/handlers/events.go:23.63,25.2 1 3
github.com/argusops/argusops/internal/httpserver/handlers/events.go:34.73,36.9 2 3
github.com/argusops/argusops/internal/httpserver/handlers/events.go:36.9,39.3 2 1
github.com/argusops/argusops/internal/httpserver/handlers/events.go:40.2,41.9 2 2
github.com/argusops/argusops/internal/httpserver/handlers/events.go:41.9,44.3 2 0
github.com/argusops/argusops/internal/httpserver/handlers/events.go:46.2,63.6 11 2
github.com/argusops/argusops/internal/httpserver/handlers/events.go:63.6,64.10 1 3
github.com/argusops/argusops/internal/httpserver/handlers/events.go:65.29,66.10 1 2
github.com/argusops/argusops/internal/httpserver/handlers/events.go:67.25,68.13 1 1
github.com/argusops/argusops/internal/httpserver/handlers/events.go:68.13,70.5 1 0
github.com/argusops/argusops/internal/httpserver/handlers/events.go:71.4,72.18 2 1
github.com/argusops/argusops/internal/httpserver/handlers/events.go:72.18,73.13 1 0
github.com/argusops/argusops/internal/httpserver/handlers/events.go:75.4,76.19 2 1
github.com/argusops/argusops/internal/httpserver/handlers/events.go:77.19,79.19 2 0
github.com/argusops/argusops/internal/httpserver/handlers/field_mapping_templates.go:19.110,21.2 1 2
github.com/argusops/argusops/internal/httpserver/handlers/field_mapping_templates.go:27.61,32.2 4 2
github.com/argusops/argusops/internal/httpserver/handlers/field_mapping_templates.go:34.85,36.9 2 2
github.com/argusops/argusops/internal/httpserver/handlers/field_mapping_templates.go:36.9,39.3 2 1
github.com/argusops/argusops/internal/httpserver/handlers/field_mapping_templates.go:40.2,41.16 2 1
github.com/argusops/argusops/internal/httpserver/handlers/field_mapping_templates.go:41.16,44.3 2 0
github.com/argusops/argusops/internal/httpserver/handlers/field_mapping_templates.go:45.2,45.40 1 1
github.com/argusops/argusops/internal/httpserver/handlers/field_mapping_templates.go:53.87,58.61 4 3
github.com/argusops/argusops/internal/httpserver/handlers/field_mapping_templates.go:58.61,61.3 2 1
github.com/argusops/argusops/internal/httpserver/handlers/field_mapping_templates.go:63.2,64.16 2 2
github.com/argusops/argusops/internal/httpserver/handlers/field_mapping_templates.go:64.16,67.3 2 1
github.com/argusops/argusops/internal/httpserver/handlers/field_mapping_templates.go:68.2,68.44 1 1
github.com/argusops/argusops/internal/httpserver/handlers/field_mapping_templates.go:71.87,74.16 3 2
github.com/argusops/argusops/internal/httpserver/handlers/field_mapping_templates.go:74.16,77.3 2 1
github.com/argusops/argusops/internal/httpserver/handlers/field_mapping_templates.go:79.2,80.61 2 1
github.com/argusops/argusops/internal/httpserver/handlers/field_mapping_templates.go:80.61,83.3 2 0
github.com/argusops/argusops/internal/httpserver/handlers/field_mapping_templates.go:85.2,86.16 2 1
github.com/argusops/argusops/internal/httpserver/handlers/field_mapping_templates.go:86.16,89.3 2 0
github.com/argusops/argusops/internal/httpserver/handlers/field_mapping_templates.go:90.2,90.39 1 1
github.com/argusops/argusops/internal/httpserver/handlers/field_mapping_templates.go:93.87,96.16 3 2
github.com/argusops/argusops/internal/httpserver/handlers/field_mapping_templates.go:96.16,99.3 2 1
github.com/argusops/argusops/internal/httpserver/handlers/field_mapping_templates.go:100.2,100.64 1 1
github.com/argusops/argusops/internal/httpserver/handlers/field_mapping_templates.go:100.64,103.3 2 0
github.com/argusops/argusops/internal/httpserver/handlers/field_mapping_templates.go:104.2,104.37 1 1
github.com/argusops/argusops/internal/httpserver/handlers/identity_config.go:21.92,23.2 1 3
github.com/argusops/argusops/internal/httpserver/handlers/identity_config.go:25.55,32.2 6 3
github.com/argusops/argusops/internal/httpserver/handlers/identity_config.go:34.82,36.9 2 4
github.com/argusops/argusops/internal/httpserver/handlers/identity_config.go:36.9,39.3 2 1
github.com/argusops/argusops/internal/httpserver/handlers/identity_config.go:40.2,41.16 2 3
github.com/argusops/argusops/internal/httpserver/handlers/identity_config.go:41.16,44.3 2 0
github.com/argusops/argusops/internal/httpserver/handlers/identity_config.go:45.2,45.34 1 3
github.com/argusops/argusops/internal/httpserver/handlers/identity_config.go:60.83,64.61 3 3
github.com/argusops/argusops/internal/httpserver/handlers/identity_config.go:64.61,67.3 2 1
github.com/argusops/argusops/internal/httpserver/handlers/identity_config.go:69.2,74.16 2 2
github.com/argusops/argusops/internal/httpserver/handlers/identity_config.go:74.16,77.3 2 1
github.com/argusops/argusops/internal/httpserver/handlers/identity_config.go:78.2,78.37 1 1
github.com/argusops/argusops/internal/httpserver/handlers/identity_config.go:81.85,83.9 2 2
github.com/argusops/argusops/internal/httpserver/handlers/identity_config.go:83.9,86.3 2 1
github.com/argusops/argusops/internal/httpserver/handlers/identity_config.go:87.2,87.70 1 1
github.com/argusops/argusops/internal/httpserver/handlers/identity_config.go:87.70,90.3 2 0
github.com/argusops/argusops/internal/httpserver/handlers/identity_config.go:91.2,91.37 1 1
github.com/argusops/argusops/internal/httpserver/handlers/identity_config.go:94.82,96.9 2 4
github.com/argusops/argusops/internal/httpserver/handlers/identity_config.go:96.9,99.3 2 1
github.com/argusops/argusops/internal/httpserver/handlers/identity_config.go:100.2,101.16 2 3
github.com/argusops/argusops/internal/httpserver/handlers/identity_config.go:101.16,104.3 2 0
github.com/argusops/argusops/internal/httpserver/handlers/identity_config.go:105.2,105.34 1 3
github.com/argusops/argusops/internal/httpserver/handlers/identity_config.go:116.83,120.61 3 2
github.com/argusops/argusops/internal/httpserver/handlers/identity_config.go:120.61,123.3 2 1
github.com/argusops/argusops/internal/httpserver/handlers/identity_config.go:125.2,129.16 2 1
github.com/argusops/argusops/internal/httpserver/handlers/identity_config.go:129.16,132.3 2 0
github.com/argusops/argusops/internal/httpserver/handlers/identity_config.go:133.2,133.37 1 1
github.com/argusops/argusops/internal/httpserver/handlers/identity_config.go:136.85,138.9 2 2
github.com/argusops/argusops/internal/httpserver/handlers/identity_config.go:138.9,141.3 2 1
github.com/argusops/argusops/internal/httpserver/handlers/identity_config.go:142.2,142.70 1 1
github.com/argusops/argusops/internal/httpserver/handlers/identity_config.go:142.70,145.3 2 0
github.com/argusops/argusops/internal/httpserver/handlers/identity_config.go:146.2,146.37 1 1
github.com/argusops/argusops/internal/httpserver/handlers/incident_sla.go:20.83,22.2 1 2
github.com/argusops/argusops/internal/httpserver/handlers/incident_sla.go:24.52,28.2 3 2
github.com/argusops/argusops/internal/httpserver/handlers/incident_sla.go:30.76,32.9 2 4
github.com/argusops/argusops/internal/httpserver/handlers/incident_sla.go:32.9,35.3 2 1
github.com/argusops/argusops/internal/httpserver/handlers/incident_sla.go:36.2,37.16 2 3
github.com/argusops/argusops/internal/httpserver/handlers/incident_sla.go:37.16,40.3 2 0
github.com/argusops/argusops/internal/httpserver/handlers/incident_sla.go:41.2,41.39 1 3
github.com/argusops/argusops/internal/httpserver/handlers/incident_sla.go:50.76,54.61 3 3
github.com/argusops/argusops/internal/httpserver/handlers/incident_sla.go:54.61,57.3 2 1
github.com/argusops/argusops/internal/httpserver/handlers/incident_sla.go:59.2,60.16 2 2
github.com/argusops/argusops/internal/httpserver/handlers/incident_sla.go:60.16,63.3 2 1
github.com/argusops/argusops/internal/httpserver/handlers/incident_sla.go:64.2,64.37 1 1
github.com/argusops/argusops/internal/httpserver/handlers/incident_sla.go:67.78,70.16 3 2
github.com/argusops/argusops/internal/httpserver/handlers/incident_sla.go:70.16,73.3 2 1
github.com/argusops/argusops/internal/httpserver/handlers/incident_sla.go:74.2,74.64 1 1
github.com/argusops/argusops/internal/httpserver/handlers/incident_sla.go:74.64,77.3 2 0
github.com/argusops/argusops/internal/httpserver/handlers/incident_sla.go:78.2,78.37 1 1
github.com/argusops/argusops/internal/httpserver/handlers/incidents.go:33.206,35.2 1 23
github.com/argusops/argusops/internal/httpserver/handlers/incidents.go:37.49,62.2 24 19
github.com/argusops/argusops/internal/httpserver/handlers/incidents.go:64.73,66.9 2 12
github.com/argusops/argusops/internal/httpserver/handlers/incidents.go:66.9,69.3 2 1
github.com/argusops/argusops/internal/httpserver/handlers/incidents.go:71.2,72.49 2 11
github.com/argusops/argusops/internal/httpserver/handlers/incidents.go:72.49,75.3 2 1
github.com/argusops/argusops/internal/httpserver/handlers/incidents.go:76.2,76.49 1 11
github.com/argusops/argusops/internal/httpserver/handlers/incidents.go:76.49,79.3 2 1
github.com/argusops/argusops/internal/httpserver/handlers/incidents.go:80.2,80.46 1 11
github.com/argusops/argusops/internal/httpserver/handlers/incidents.go:80.46,83.3 2 1
github.com/argusops/argusops/internal/httpserver/handlers/incidents.go:84.2,84.44 1 11
github.com/argusops/argusops/internal/httpserver/handlers/incidents.go:84.44,86.3 1 1
github.com/argusops/argusops/internal/httpserver/handlers/incidents.go:87.2,87.65 1 11
github.com/argusops/argusops/internal/httpserver/handlers/incidents.go:87.65,90.3 2 2
github.com/argusops/argusops/internal/httpserver/handlers/incidents.go:91.2,98.16 7 11
github.com/argusops/argusops/internal/httpserver/handlers/incidents.go:98.16,101.3 2 0
github.com/argusops/argusops/internal/httpserver/handlers/incidents.go:103.2,104.16 2 11
github.com/argusops/argusops/internal/httpserver/handlers/incidents.go:104.16,107.3 2 0
github.com/argusops/argusops/internal/httpserver/handlers/incidents.go:108.2,109.40 2 11
github.com/argusops/argusops/internal/httpserver/handlers/incidents.go:121.75,126.61 4 4
github.com/argusops/argusops/internal/httpserver/handlers/incidents.go:126.61,129.3 2 0
github.com/argusops/argusops/internal/httpserver/handlers/incidents.go:130.2,130.21 1 4
github.com/argusops/argusops/internal/httpserver/handlers/incidents.go:130.21,133.3 2 1
github.com/argusops/argusops/internal/httpserver/handlers/incidents.go:135.2,143.16 2 3
github.com/argusops/argusops/internal/httpserver/handlers/incidents.go:143.16,146.3 2 1
github.com/argusops/argusops/internal/httpserver/handlers/incidents.go:147.2,147.39 1 2
github.com/argusops/argusops/internal/httpserver/handlers/incidents.go:150.72,153.16 3 6
github.com/argusops/argusops/internal/httpserver/handlers/incidents.go:153.16,156.3 2 1
github.com/argusops/argusops/internal/httpserver/handlers/incidents.go:158.2,159.16 2 5
github.com/argusops/argusops/internal/httpserver/handlers/incidents.go:159.16,162.3 2 0
github.com/argusops/argusops/internal/httpserver/handlers/incidents.go:163.2,163.16 1 5
github.com/argusops/argusops/internal/httpserver/handlers/incidents.go:163.16,166.3 2 1
github.com/argusops/argusops/internal/httpserver/handlers/incidents.go:167.2,167.34 1 4
github.com/argusops/argusops/internal/httpserver/handlers/incidents.go:174.80,178.16 4 3
github.com/argusops/argusops/internal/httpserver/handlers/incidents.go:178.16,181.3 2 1
github.com/argusops/argusops/internal/httpserver/handlers/incidents.go:183.2,184.61 2 2
github.com/argusops/argusops/internal/httpserver/handlers/incidents.go:184.61,187.3 2 1
github.com/argusops/argusops/internal/httpserver/handlers/incidents.go:189.2,189.125 1 1
github.com/argusops/argusops/internal/httpserver/handlers/incidents.go:189.125,192.3 2 0
github.com/argusops/argusops/internal/httpserver/handlers/incidents.go:193.2,193.37 1 1
github.com/argusops/argusops/internal/httpserver/handlers/incidents.go:196.74,200.16 4 4
github.com/argusops/argusops/internal/httpserver/handlers/incidents.go:200.16,203.3 2 1
github.com/argusops/argusops/internal/httpserver/handlers/incidents.go:205.2,205.108 1 3
github.com/argusops/argusops/internal/httpserver/handlers/incidents.go:205.108,208.3 2 0
github.com/argusops/argusops/internal/httpserver/handlers/incidents.go:209.2,209.37 1 3
github.com/argusops/argusops/internal/httpserver/handlers/incidents.go:217.88,221.16 4 3
github.com/argusops/argusops/internal/httpserver/handlers/incidents.go:221.16,224.3 2 1
github.com/argusops/argusops/internal/httpserver/handlers/incidents.go:226.2,227.61 2 2
github.com/argusops/argusops/internal/httpserver/handlers/incidents.go:227.61,230.3 2 1
github.com/argusops/argusops/internal/httpserver/handlers/incidents.go:232.2,232.153 1 1
github.com/argusops/argusops/internal/httpserver/handlers/incidents.go:232.153,235.3 2 0
github.com/argusops/argusops/internal/httpserver/handlers/incidents.go:236.2,236.37 1 1
github.com/argusops/argusops/internal/httpserver/handlers/incidents.go:243.86,247.16 4 3
github.com/argusops/argusops/internal/httpserver/handlers/incidents.go:247.16,250.3 2 1
github.com/argusops/argusops/internal/httpserver/handlers/incidents.go:252.2,253.61 2 2
github.com/argusops/argusops/internal/httpserver/handlers/incidents.go:253.61,256.3 2 1
github.com/argusops/argusops/internal/httpserver/handlers/incidents.go:258.2,258.137 1 1
github.com/argusops/argusops/internal/httpserver/handlers/incidents.go:258.137,261.3 2 0
github.com/argusops/argusops/internal/httpserver/handlers/incidents.go:262.2,262.37 1 1
github.com/argusops/argusops/internal/httpserver/handlers/incidents.go:269.79,273.16 4 3
github.com/argusops/argusops/internal/httpserver/handlers/incidents.go:273.16,276.3 2 1
github.com/argusops/argusops/internal/httpserver/handlers/incidents.go:278.2,279.61 2 2
github.com/argusops/argusops/internal/httpserver/handlers/incidents.go:279.61,282.3 2 1
github.com/argusops/argusops/internal/httpserver/handlers/incidents.go:284.2,284.123 1 1
github.com/argusops/argusops/internal/httpserver/handlers/incidents.go:284.123,287.3 2 0
github.com/argusops/argusops/internal/httpserver/handlers/incidents.go:288.2,288.37 1 1
github.com/argusops/argusops/internal/httpserver/handlers/incidents.go:295.81,299.16 4 4
github.com/argusops/argusops/internal/httpserver/handlers/incidents.go:299.16,302.3 2 1
github.com/argusops/argusops/internal/httpserver/handlers/incidents.go:304.2,305.61 2 3
github.com/argusops/argusops/internal/httpserver/handlers/incidents.go:305.61,308.3 2 1
github.com/argusops/argusops/internal/httpserver/handlers/incidents.go:310.2,310.132 1 2
github.com/argusops/argusops/internal/httpserver/handlers/incidents.go:310.132,313.3 2 1
github.com/argusops/argusops/internal/httpserver/handlers/incidents.go:314.2,314.37 1 1
github.com/argusops/argusops/internal/httpserver/handlers/incidents.go:326.76,330.16 4 6
github.com/argusops/argusops/internal/httpserver/handlers/incidents.go:330.16,333.3 2 1
github.com/argusops/argusops/internal/httpserver/handlers/incidents.go:334.2,337.61 3 5
github.com/argusops/argusops/internal/httpserver/handlers/incidents.go:337.61,340.3 2 1
github.com/argusops/argusops/internal/httpserver/handlers/incidents.go:342.2,342.130 1 4
github.com/argusops/argusops/internal/httpserver/handlers/incidents.go:342.130,345.3 2 2
github.com/argusops/argusops/internal/httpserver/handlers/incidents.go:346.2,346.37 1 2
github.com/argusops/argusops/internal/httpserver/handlers/incidents.go:349.82,352.16 3 2
github.com/argusops/argusops/internal/httpserver/handlers/incidents.go:352.16,355.3 2 1
github.com/argusops/argusops/internal/httpserver/handlers/incidents.go:357.2,358.16 2 1
github.com/argusops/argusops/internal/httpserver/handlers/incidents.go:358.16,361.3 2 0
github.com/argusops/argusops/internal/httpserver/handlers/incidents.go:362.2,362.38 1 1
github.com/argusops/argusops/internal/httpserver/handlers/incidents.go:370.90,374.16 4 4
github.com/argusops/argusops/internal/httpserver/handlers/incidents.go:374.16,377.3 2 1
github.com/argusops/argusops/internal/httpserver/handlers/incidents.go:378.2,381.61 3 3
github.com/argusops/argusops/internal/httpserver/handlers/incidents.go:381.61,384.3 2 1
github.com/argusops/argusops/internal/httpserver/handlers/incidents.go:386.2,386.121 1 2
github.com/argusops/argusops/internal/httpserver/handlers/incidents.go:386.121,389.3 2 1
github.com/argusops/argusops/internal/httpserver/handlers/incidents.go:390.2,390.37 1 1
github.com/argusops/argusops/internal/httpserver/handlers/incidents.go:393.77,396.16 3 2
github.com/argusops/argusops/internal/httpserver/handlers/incidents.go:396.16,399.3 2 1
github.com/argusops/argusops/internal/httpserver/handlers/incidents.go:401.2,402.16 2 1
github.com/argusops/argusops/internal/httpserver/handlers/incidents.go:402.16,405.3 2 0
github.com/argusops/argusops/internal/httpserver/handlers/incidents.go:406.2,406.37 1 1
github.com/argusops/argusops/internal/httpserver/handlers/incidents.go:409.81,412.16 3 2
github.com/argusops/argusops/internal/httpserver/handlers/incidents.go:412.16,415.3 2 1
github.com/argusops/argusops/internal/httpserver/handlers/incidents.go:417.2,418.16 2 1
github.com/argusops/argusops/internal/httpserver/handlers/incidents.go:418.16,421.3 2 0
github.com/argusops/argusops/internal/httpserver/handlers/incidents.go:422.2,422.39 1 1
github.com/argusops/argusops/internal/httpserver/handlers/incidents.go:430.79,434.16 4 5
github.com/argusops/argusops/internal/httpserver/handlers/incidents.go:434.16,437.3 2 1
github.com/argusops/argusops/internal/httpserver/handlers/incidents.go:439.2,440.61 2 4
github.com/argusops/argusops/internal/httpserver/handlers/incidents.go:440.61,443.3 2 1
github.com/argusops/argusops/internal/httpserver/handlers/incidents.go:444.2,444.20 1 3
github.com/argusops/argusops/internal/httpserver/handlers/incidents.go:444.20,447.3 2 1
github.com/argusops/argusops/internal/httpserver/handlers/incidents.go:452.2,453.16 2 2
github.com/argusops/argusops/internal/httpserver/handlers/incidents.go:453.16,456.3 2 0
github.com/argusops/argusops/internal/httpserver/handlers/incidents.go:457.2,457.18 1 2
github.com/argusops/argusops/internal/httpserver/handlers/incidents.go:457.18,460.3 2 1
github.com/argusops/argusops/internal/httpserver/handlers/incidents.go:462.2,463.16 2 1
github.com/argusops/argusops/internal/httpserver/handlers/incidents.go:463.16,466.3 2 0
github.com/argusops/argusops/internal/httpserver/handlers/incidents.go:467.2,467.43 1 1
github.com/argusops/argusops/internal/httpserver/handlers/incidents.go:470.81,473.16 3 2
github.com/argusops/argusops/internal/httpserver/handlers/incidents.go:473.16,476.3 2 1
github.com/argusops/argusops/internal/httpserver/handlers/incidents.go:478.2,479.16 2 1
github.com/argusops/argusops/internal/httpserver/handlers/incidents.go:479.16,482.3 2 0
github.com/argusops/argusops/internal/httpserver/handlers/incidents.go:483.2,483.37 1 1
github.com/argusops/argusops/internal/httpserver/handlers/incidents.go:486.78,490.16 4 3
github.com/argusops/argusops/internal/httpserver/handlers/incidents.go:490.16,493.3 2 1
github.com/argusops/argusops/internal/httpserver/handlers/incidents.go:494.2,495.16 2 2
github.com/argusops/argusops/internal/httpserver/handlers/incidents.go:495.16,498.3 2 1
github.com/argusops/argusops/internal/httpserver/handlers/incidents.go:500.2,500.84 1 1
github.com/argusops/argusops/internal/httpserver/handlers/incidents.go:500.84,503.3 2 0
github.com/argusops/argusops/internal/httpserver/handlers/incidents.go:504.2,504.37 1 1
github.com/argusops/argusops/internal/httpserver/handlers/incidents.go:507.80,511.16 4 3
github.com/argusops/argusops/internal/httpserver/handlers/incidents.go:511.16,514.3 2 1
github.com/argusops/argusops/internal/httpserver/handlers/incidents.go:515.2,516.16 2 2
github.com/argusops/argusops/internal/httpserver/handlers/incidents.go:516.16,519.3 2 1
github.com/argusops/argusops/internal/httpserver/handlers/incidents.go:521.2,521.86 1 1
github.com/argusops/argusops/internal/httpserver/handlers/incidents.go:521.86,524.3 2 0
github.com/argusops/argusops/internal/httpserver/handlers/incidents.go:525.2,525.37 1 1
github.com/argusops/argusops/internal/httpserver/handlers/incidents.go:530.76,534.16 4 3
github.com/argusops/argusops/internal/httpserver/handlers/incidents.go:534.16,537.3 2 1
github.com/argusops/argusops/internal/httpserver/handlers/incidents.go:539.2,540.16 2 2
github.com/argusops/argusops/internal/httpserver/handlers/incidents.go:540.16,541.52 1 1
github.com/argusops/argusops/internal/httpserver/handlers/incidents.go:541.52,544.4 2 0
github.com/argusops/argusops/internal/httpserver/handlers/incidents.go:545.3,546.9 2 1
github.com/argusops/argusops/internal/httpserver/handlers/incidents.go:548.2,548.78 1 1
github.com/argusops/argusops/internal/httpserver/handlers/incidents.go:554.84,557.16 3 1
github.com/argusops/argusops/internal/httpserver/handlers/incidents.go:557.16,560.3 2 0
github.com/argusops/argusops/internal/httpserver/handlers/incidents.go:561.2,562.16 2 1
github.com/argusops/argusops/internal/httpserver/handlers/incidents.go:562.16,565.3 2 0
github.com/argusops/argusops/internal/httpserver/handlers/incidents.go:566.2,566.41 1 1
github.com/argusops/argusops/internal/httpserver/handlers/incidents.go:569.89,573.16 4 1
github.com/argusops/argusops/internal/httpserver/handlers/incidents.go:573.16,576.3 2 0
github.com/argusops/argusops/internal/httpserver/handlers/incidents.go:578.2,579.61 2 1
github.com/argusops/argusops/internal/httpserver/handlers/incidents.go:579.61,582.3 2 0
github.com/argusops/argusops/internal/httpserver/handlers/incidents.go:583.2,583.39 1 1
github.com/argusops/argusops/internal/httpserver/handlers/incidents.go:583.39,586.3 2 0
github.com/argusops/argusops/internal/httpserver/handlers/incidents.go:588.2,589.16 2 1
github.com/argusops/argusops/internal/httpserver/handlers/incidents.go:589.16,590.52 1 0
github.com/argusops/argusops/internal/httpserver/handlers/incidents.go:590.52,593.4 2 0
github.com/argusops/argusops/internal/httpserver/handlers/incidents.go:594.3,595.9 2 0
github.com/argusops/argusops/internal/httpserver/handlers/incidents.go:597.2,597.78 1 1
github.com/argusops/argusops/internal/httpserver/handlers/incidents.go:600.92,602.2 1 2
github.com/argusops/argusops/internal/httpserver/handlers/incidents.go:604.91,606.2 1 1
github.com/argusops/argusops/internal/httpserver/handlers/incidents.go:608.106,612.16 4 3
github.com/argusops/argusops/internal/httpserver/handlers/incidents.go:612.16,615.3 2 0
github.com/argusops/argusops/internal/httpserver/handlers/incidents.go:616.2,617.16 2 3
github.com/argusops/argusops/internal/httpserver/handlers/incidents.go:617.16,620.3 2 0
github.com/argusops/argusops/internal/httpserver/handlers/incidents.go:622.2,623.16 2 3
github.com/argusops/argusops/internal/httpserver/handlers/incidents.go:623.16,626.3 2 0
github.com/argusops/argusops/internal/httpserver/handlers/incidents.go:627.2,627.75 1 3
github.com/argusops/argusops/internal/httpserver/handlers/incidents.go:627.75,630.3 2 1
github.com/argusops/argusops/internal/httpserver/handlers/incidents.go:632.2,632.13 1 2
github.com/argusops/argusops/internal/httpserver/handlers/incidents.go:632.13,634.3 1 1
github.com/argusops/argusops/internal/httpserver/handlers/incidents.go:634.8,636.3 1 1
github.com/argusops/argusops/internal/httpserver/handlers/incidents.go:637.2,637.16 1 2
github.com/argusops/argusops/internal/httpserver/handlers/incidents.go:637.16,640.3 2 0
github.com/argusops/argusops/internal/httpserver/handlers/incidents.go:641.2,641.37 1 2
github.com/argusops/argusops/internal/httpserver/handlers/incidents.go:648.82,651.16 3 3
github.com/argusops/argusops/internal/httpserver/handlers/incidents.go:651.16,654.3 2 1
github.com/argusops/argusops/internal/httpserver/handlers/incidents.go:656.2,657.16 2 2
github.com/argusops/argusops/internal/httpserver/handlers/incidents.go:657.16,660.3 2 0
github.com/argusops/argusops/internal/httpserver/handlers/incidents.go:661.2,661.12 1 2
github.com/argusops/argusops/internal/httpserver/handlers/incidents.go:661.12,664.3 2 1
github.com/argusops/argusops/internal/httpserver/handlers/incidents.go:666.2,670.29 5 1
github.com/argusops/argusops/internal/httpserver/handlers/llm_providers.go:18.83,20.2 1 3
github.com/argusops/argusops/internal/httpserver/handlers/llm_providers.go:22.52,28.2 5 3
github.com/argusops/argusops/internal/httpserver/handlers/llm_providers.go:30.76,32.9 2 2
github.com/argusops/argusops/internal/httpserver/handlers/llm_providers.go:32.9,35.3 2 1
github.com/argusops/argusops/internal/httpserver/handlers/llm_providers.go:36.2,37.16 2 1
github.com/argusops/argusops/internal/httpserver/handlers/llm_providers.go:37.16,40.3 2 0
github.com/argusops/argusops/internal/httpserver/handlers/llm_providers.go:41.2,41.40 1 1
github.com/argusops/argusops/internal/httpserver/handlers/llm_providers.go:54.78,59.61 4 4
github.com/argusops/argusops/internal/httpserver/handlers/llm_providers.go:59.61,62.3 2 1
github.com/argusops/argusops/internal/httpserver/handlers/llm_providers.go:63.2,63.59 1 3
github.com/argusops/argusops/internal/httpserver/handlers/llm_providers.go:63.59,66.3 2 1
github.com/argusops/argusops/internal/httpserver/handlers/llm_providers.go:68.2,71.16 2 2
github.com/argusops/argusops/internal/httpserver/handlers/llm_providers.go:71.16,74.3 2 1
github.com/argusops/argusops/internal/httpserver/handlers/llm_providers.go:75.2,75.37 1 1
github.com/argusops/argusops/internal/httpserver/handlers/llm_providers.go:78.78,81.16 3 4
github.com/argusops/argusops/internal/httpserver/handlers/llm_providers.go:81.16,84.3 2 1
github.com/argusops/argusops/internal/httpserver/handlers/llm_providers.go:86.2,87.61 2 3
github.com/argusops/argusops/internal/httpserver/handlers/llm_providers.go:87.61,90.3 2 1
github.com/argusops/argusops/internal/httpserver/handlers/llm_providers.go:92.2,95.16 2 2
github.com/argusops/argusops/internal/httpserver/handlers/llm_providers.go:95.16,98.3 2 1
github.com/argusops/argusops/internal/httpserver/handlers/llm_providers.go:99.2,99.32 1 1
github.com/argusops/argusops/internal/httpserver/handlers/llm_providers.go:102.82,105.16 3 2
github.com/argusops/argusops/internal/httpserver/handlers/llm_providers.go:105.16,108.3 2 1
github.com/argusops/argusops/internal/httpserver/handlers/llm_providers.go:109.2,109.68 1 1
github.com/argusops/argusops/internal/httpserver/handlers/llm_providers.go:109.68,112.3 2 0
github.com/argusops/argusops/internal/httpserver/handlers/llm_providers.go:113.2,113.37 1 1
github.com/argusops/argusops/internal/httpserver/handlers/llm_providers.go:116.78,119.16 3 2
github.com/argusops/argusops/internal/httpserver/handlers/llm_providers.go:119.16,122.3 2 1
github.com/argusops/argusops/internal/httpserver/handlers/llm_providers.go:123.2,123.64 1 1
github.com/argusops/argusops/internal/httpserver/handlers/llm_providers.go:123.64,126.3 2 0
github.com/argusops/argusops/internal/httpserver/handlers/llm_providers.go:127.2,127.37 1 1
github.com/argusops/argusops/internal/httpserver/handlers/mcp_servers.go:20.110,22.2 1 4
github.com/argusops/argusops/internal/httpserver/handlers/mcp_servers.go:24.50,36.2 10 4
github.com/argusops/argusops/internal/httpserver/handlers/mcp_servers.go:38.74,40.9 2 2
github.com/argusops/argusops/internal/httpserver/handlers/mcp_servers.go:40.9,43.3 2 1
github.com/argusops/argusops/internal/httpserver/handlers/mcp_servers.go:44.2,45.16 2 1
github.com/argusops/argusops/internal/httpserver/handlers/mcp_servers.go:45.16,48.3 2 0
github.com/argusops/argusops/internal/httpserver/handlers/mcp_servers.go:49.2,49.38 1 1
github.com/argusops/argusops/internal/httpserver/handlers/mcp_servers.go:62.76,67.61 4 4
github.com/argusops/argusops/internal/httpserver/handlers/mcp_servers.go:67.61,70.3 2 1
github.com/argusops/argusops/internal/httpserver/handlers/mcp_servers.go:71.2,71.51 1 3
github.com/argusops/argusops/internal/httpserver/handlers/mcp_servers.go:71.51,74.3 2 1
github.com/argusops/argusops/internal/httpserver/handlers/mcp_servers.go:76.2,81.16 2 2
github.com/argusops/argusops/internal/httpserver/handlers/mcp_servers.go:81.16,84.3 2 1
github.com/argusops/argusops/internal/httpserver/handlers/mcp_servers.go:85.2,85.39 1 1
github.com/argusops/argusops/internal/httpserver/handlers/mcp_servers.go:88.76,91.16 3 4
github.com/argusops/argusops/internal/httpserver/handlers/mcp_servers.go:91.16,94.3 2 1
github.com/argusops/argusops/internal/httpserver/handlers/mcp_servers.go:96.2,97.61 2 3
github.com/argusops/argusops/internal/httpserver/handlers/mcp_servers.go:97.61,100.3 2 1
github.com/argusops/argusops/internal/httpserver/handlers/mcp_servers.go:102.2,107.16 2 2
github.com/argusops/argusops/internal/httpserver/handlers/mcp_servers.go:107.16,110.3 2 1
github.com/argusops/argusops/internal/httpserver/handlers/mcp_servers.go:111.2,111.34 1 1
github.com/argusops/argusops/internal/httpserver/handlers/mcp_servers.go:114.76,116.2 1 2
github.com/argusops/argusops/internal/httpserver/handlers/mcp_servers.go:118.77,120.2 1 2
github.com/argusops/argusops/internal/httpserver/handlers/mcp_servers.go:122.94,125.16 3 4
github.com/argusops/argusops/internal/httpserver/handlers/mcp_servers.go:125.16,128.3 2 2
github.com/argusops/argusops/internal/httpserver/handlers/mcp_servers.go:129.2,129.77 1 2
github.com/argusops/argusops/internal/httpserver/handlers/mcp_servers.go:129.77,132.3 2 0
github.com/argusops/argusops/internal/httpserver/handlers/mcp_servers.go:133.2,133.37 1 2
github.com/argusops/argusops/internal/httpserver/handlers/mcp_servers.go:136.76,139.16 3 2
github.com/argusops/argusops/internal/httpserver/handlers/mcp_servers.go:139.16,142.3 2 1
github.com/argusops/argusops/internal/httpserver/handlers/mcp_servers.go:143.2,143.64 1 1
github.com/argusops/argusops/internal/httpserver/handlers/mcp_servers.go:143.64,146.3 2 0
github.com/argusops/argusops/internal/httpserver/handlers/mcp_servers.go:147.2,147.37 1 1
github.com/argusops/argusops/internal/httpserver/handlers/mcp_servers.go:155.83,158.16 3 2
github.com/argusops/argusops/internal/httpserver/handlers/mcp_servers.go:158.16,161.3 2 1
github.com/argusops/argusops/internal/httpserver/handlers/mcp_servers.go:163.2,164.16 2 1
github.com/argusops/argusops/internal/httpserver/handlers/mcp_servers.go:164.16,167.3 2 1
github.com/argusops/argusops/internal/httpserver/handlers/mcp_servers.go:168.2,168.36 1 0
github.com/argusops/argusops/internal/httpserver/handlers/mcp_servers.go:171.90,173.9 2 2
github.com/argusops/argusops/internal/httpserver/handlers/mcp_servers.go:173.9,176.3 2 1
github.com/argusops/argusops/internal/httpserver/handlers/mcp_servers.go:177.2,178.16 2 1
github.com/argusops/argusops/internal/httpserver/handlers/mcp_servers.go:178.16,181.3 2 0
github.com/argusops/argusops/internal/httpserver/handlers/mcp_servers.go:182.2,182.36 1 1
github.com/argusops/argusops/internal/httpserver/handlers/mcp_servers.go:185.85,189.16 4 2
github.com/argusops/argusops/internal/httpserver/handlers/mcp_servers.go:189.16,192.3 2 1
github.com/argusops/argusops/internal/httpserver/handlers/mcp_servers.go:193.2,193.89 1 1
github.com/argusops/argusops/internal/httpserver/handlers/mcp_servers.go:193.89,196.3 2 1
github.com/argusops/argusops/internal/httpserver/handlers/mcp_servers.go:197.2,197.37 1 0
github.com/argusops/argusops/internal/httpserver/handlers/mcp_servers.go:200.84,204.16 4 2
github.com/argusops/argusops/internal/httpserver/handlers/mcp_servers.go:204.16,207.3 2 1
github.com/argusops/argusops/internal/httpserver/handlers/mcp_servers.go:208.2,208.88 1 1
github.com/argusops/argusops/internal/httpserver/handlers/mcp_servers.go:208.88,211.3 2 1
github.com/argusops/argusops/internal/httpserver/handlers/mcp_servers.go:212.2,212.37 1 0
github.com/argusops/argusops/internal/httpserver/handlers/on_call_shifts.go:22.83,24.2 1 5
github.com/argusops/argusops/internal/httpserver/handlers/on_call_shifts.go:26.52,31.2 4 5
github.com/argusops/argusops/internal/httpserver/handlers/on_call_shifts.go:38.76,40.9 2 4
github.com/argusops/argusops/internal/httpserver/handlers/on_call_shifts.go:40.9,43.3 2 1
github.com/argusops/argusops/internal/httpserver/handlers/on_call_shifts.go:44.2,45.16 2 3
github.com/argusops/argusops/internal/httpserver/handlers/on_call_shifts.go:45.16,48.3 2 0
github.com/argusops/argusops/internal/httpserver/handlers/on_call_shifts.go:49.2,50.16 2 3
github.com/argusops/argusops/internal/httpserver/handlers/on_call_shifts.go:50.16,53.3 2 0
github.com/argusops/argusops/internal/httpserver/handlers/on_call_shifts.go:54.2,54.83 1 3
github.com/argusops/argusops/internal/httpserver/handlers/on_call_shifts.go:64.78,68.61 3 3
github.com/argusops/argusops/internal/httpserver/handlers/on_call_shifts.go:68.61,71.3 2 1
github.com/argusops/argusops/internal/httpserver/handlers/on_call_shifts.go:73.2,74.16 2 2
github.com/argusops/argusops/internal/httpserver/handlers/on_call_shifts.go:74.16,77.3 2 1
github.com/argusops/argusops/internal/httpserver/handlers/on_call_shifts.go:78.2,78.41 1 1
github.com/argusops/argusops/internal/httpserver/handlers/on_call_shifts.go:81.78,84.16 3 2
github.com/argusops/argusops/internal/httpserver/handlers/on_call_shifts.go:84.16,87.3 2 1
github.com/argusops/argusops/internal/httpserver/handlers/on_call_shifts.go:88.2,88.64 1 1
github.com/argusops/argusops/internal/httpserver/handlers/on_call_shifts.go:88.64,91.3 2 0
github.com/argusops/argusops/internal/httpserver/handlers/on_call_shifts.go:92.2,92.37 1 1
github.com/argusops/argusops/internal/httpserver/handlers/on_call_shifts.go:99.83,103.61 3 3
github.com/argusops/argusops/internal/httpserver/handlers/on_call_shifts.go:103.61,106.3 2 1
github.com/argusops/argusops/internal/httpserver/handlers/on_call_shifts.go:108.2,108.79 1 2
github.com/argusops/argusops/internal/httpserver/handlers/on_call_shifts.go:108.79,111.3 2 1
github.com/argusops/argusops/internal/httpserver/handlers/on_call_shifts.go:112.2,112.37 1 1
github.com/argusops/argusops/internal/httpserver/handlers/playbooks.go:19.74,21.2 1 5
github.com/argusops/argusops/internal/httpserver/handlers/playbooks.go:23.49,30.2 6 5
github.com/argusops/argusops/internal/httpserver/handlers/playbooks.go:32.73,34.9 2 3
github.com/argusops/argusops/internal/httpserver/handlers/playbooks.go:34.9,37.3 2 1
github.com/argusops/argusops/internal/httpserver/handlers/playbooks.go:38.2,39.16 2 2
github.com/argusops/argusops/internal/httpserver/handlers/playbooks.go:39.16,42.3 2 0
github.com/argusops/argusops/internal/httpserver/handlers/playbooks.go:43.2,43.40 1 2
github.com/argusops/argusops/internal/httpserver/handlers/playbooks.go:46.72,49.16 3 3
github.com/argusops/argusops/internal/httpserver/handlers/playbooks.go:49.16,52.3 2 1
github.com/argusops/argusops/internal/httpserver/handlers/playbooks.go:53.2,54.16 2 2
github.com/argusops/argusops/internal/httpserver/handlers/playbooks.go:54.16,57.3 2 0
github.com/argusops/argusops/internal/httpserver/handlers/playbooks.go:58.2,58.15 1 2
github.com/argusops/argusops/internal/httpserver/handlers/playbooks.go:58.15,61.3 2 1
github.com/argusops/argusops/internal/httpserver/handlers/playbooks.go:62.2,62.33 1 1
github.com/argusops/argusops/internal/httpserver/handlers/playbooks.go:67.74,70.17 3 2
github.com/argusops/argusops/internal/httpserver/handlers/playbooks.go:70.17,73.3 2 1
github.com/argusops/argusops/internal/httpserver/handlers/playbooks.go:74.2,75.16 2 1
github.com/argusops/argusops/internal/httpserver/handlers/playbooks.go:75.16,78.3 2 0
github.com/argusops/argusops/internal/httpserver/handlers/playbooks.go:79.2,79.15 1 1
github.com/argusops/argusops/internal/httpserver/handlers/playbooks.go:79.15,82.3 2 1
github.com/argusops/argusops/internal/httpserver/handlers/playbooks.go:83.2,83.33 1 0
github.com/argusops/argusops/internal/httpserver/handlers/playbooks.go:94.75,99.61 4 4
github.com/argusops/argusops/internal/httpserver/handlers/playbooks.go:99.61,102.3 2 1
github.com/argusops/argusops/internal/httpserver/handlers/playbooks.go:103.2,103.21 1 3
github.com/argusops/argusops/internal/httpserver/handlers/playbooks.go:103.21,106.3 2 1
github.com/argusops/argusops/internal/httpserver/handlers/playbooks.go:108.2,115.16 2 2
github.com/argusops/argusops/internal/httpserver/handlers/playbooks.go:115.16,118.3 2 0
github.com/argusops/argusops/internal/httpserver/handlers/playbooks.go:119.2,119.38 1 2
github.com/argusops/argusops/internal/httpserver/handlers/playbooks.go:122.75,125.16 3 3
github.com/argusops/argusops/internal/httpserver/handlers/playbooks.go:125.16,128.3 2 1
github.com/argusops/argusops/internal/httpserver/handlers/playbooks.go:130.2,131.61 2 2
github.com/argusops/argusops/internal/httpserver/handlers/playbooks.go:131.61,134.3 2 1
github.com/argusops/argusops/internal/httpserver/handlers/playbooks.go:136.2,143.16 2 1
github.com/argusops/argusops/internal/httpserver/handlers/playbooks.go:143.16,146.3 2 0
github.com/argusops/argusops/internal/httpserver/handlers/playbooks.go:147.2,147.33 1 1
github.com/argusops/argusops/internal/httpserver/handlers/playbooks.go:150.75,153.16 3 2
github.com/argusops/argusops/internal/httpserver/handlers/playbooks.go:153.16,156.3 2 1
github.com/argusops/argusops/internal/httpserver/handlers/playbooks.go:157.2,157.64 1 1
github.com/argusops/argusops/internal/httpserver/handlers/playbooks.go:157.64,160.3 2 0
github.com/argusops/argusops/internal/httpserver/handlers/playbooks.go:161.2,161.37 1 1
github.com/argusops/argusops/internal/httpserver/handlers/respond.go:9.58,13.2 3 428
github.com/argusops/argusops/internal/httpserver/handlers/respond.go:15.68,17.2 1 274
github.com/argusops/argusops/internal/httpserver/handlers/respond.go:29.55,30.98 1 24
github.com/argusops/argusops/internal/httpserver/handlers/respond.go:30.98,32.3 1 1
github.com/argusops/argusops/internal/httpserver/handlers/respond.go:33.2,33.78 1 24
github.com/argusops/argusops/internal/httpserver/handlers/respond.go:33.78,35.3 1 0
github.com/argusops/argusops/internal/httpserver/handlers/respond.go:36.2,36.22 1 24
github.com/argusops/argusops/internal/httpserver/handlers/roles.go:22.62,24.2 1 4
github.com/argusops/argusops/internal/httpserver/handlers/roles.go:26.45,31.2 4 4
github.com/argusops/argusops/internal/httpserver/handlers/roles.go:33.69,35.9 2 2
github.com/argusops/argusops/internal/httpserver/handlers/roles.go:35.9,38.3 2 1
github.com/argusops/argusops/internal/httpserver/handlers/roles.go:39.2,40.16 2 1
github.com/argusops/argusops/internal/httpserver/handlers/roles.go:40.16,43.3 2 0
github.com/argusops/argusops/internal/httpserver/handlers/roles.go:44.2,44.36 1 1
github.com/argusops/argusops/internal/httpserver/handlers/roles.go:54.59,59.2 1 4
github.com/argusops/argusops/internal/httpserver/handlers/roles.go:61.71,63.9 2 5
github.com/argusops/argusops/internal/httpserver/handlers/roles.go:63.9,66.3 2 1
github.com/argusops/argusops/internal/httpserver/handlers/roles.go:68.2,69.61 2 4
github.com/argusops/argusops/internal/httpserver/handlers/roles.go:69.61,72.3 2 1
github.com/argusops/argusops/internal/httpserver/handlers/roles.go:74.2,75.16 2 3
github.com/argusops/argusops/internal/httpserver/handlers/roles.go:75.16,78.3 2 1
github.com/argusops/argusops/internal/httpserver/handlers/roles.go:79.2,79.40 1 2
github.com/argusops/argusops/internal/httpserver/handlers/roles.go:82.71,85.16 3 3
github.com/argusops/argusops/internal/httpserver/handlers/roles.go:85.16,88.3 2 1
github.com/argusops/argusops/internal/httpserver/handlers/roles.go:90.2,91.61 2 2
github.com/argusops/argusops/internal/httpserver/handlers/roles.go:91.61,94.3 2 1
github.com/argusops/argusops/internal/httpserver/handlers/roles.go:96.2,97.16 2 1
github.com/argusops/argusops/internal/httpserver/handlers/roles.go:97.16,100.3 2 0
github.com/argusops/argusops/internal/httpserver/handlers/roles.go:101.2,101.35 1 1
github.com/argusops/argusops/internal/httpserver/handlers/roles.go:104.71,107.16 3 3
github.com/argusops/argusops/internal/httpserver/handlers/roles.go:107.16,110.3 2 1
github.com/argusops/argusops/internal/httpserver/handlers/roles.go:111.2,111.64 1 2
github.com/argusops/argusops/internal/httpserver/handlers/roles.go:111.64,114.3 2 1
github.com/argusops/argusops/internal/httpserver/handlers/roles.go:115.2,115.37 1 1
github.com/argusops/argusops/internal/httpserver/handlers/smtp_config.go:19.80,21.2 1 2
github.com/argusops/argusops/internal/httpserver/handlers/smtp_config.go:23.51,28.2 4 2
github.com/argusops/argusops/internal/httpserver/handlers/smtp_config.go:30.74,32.9 2 4
github.com/argusops/argusops/internal/httpserver/handlers/smtp_config.go:32.9,35.3 2 1
github.com/argusops/argusops/internal/httpserver/handlers/smtp_config.go:36.2,37.16 2 3
github.com/argusops/argusops/internal/httpserver/handlers/smtp_config.go:37.16,40.3 2 0
github.com/argusops/argusops/internal/httpserver/handlers/smtp_config.go:41.2,41.34 1 3
github.com/argusops/argusops/internal/httpserver/handlers/smtp_config.go:54.75,58.61 3 3
github.com/argusops/argusops/internal/httpserver/handlers/smtp_config.go:58.61,61.3 2 1
github.com/argusops/argusops/internal/httpserver/handlers/smtp_config.go:63.2,68.16 2 2
github.com/argusops/argusops/internal/httpserver/handlers/smtp_config.go:68.16,71.3 2 1
github.com/argusops/argusops/internal/httpserver/handlers/smtp_config.go:72.2,72.37 1 1
github.com/argusops/argusops/internal/httpserver/handlers/smtp_config.go:75.77,77.9 2 2
github.com/argusops/argusops/internal/httpserver/handlers/smtp_config.go:77.9,80.3 2 1
github.com/argusops/argusops/internal/httpserver/handlers/smtp_config.go:81.2,81.60 1 1
github.com/argusops/argusops/internal/httpserver/handlers/smtp_config.go:81.60,84.3 2 0
github.com/argusops/argusops/internal/httpserver/handlers/smtp_config.go:85.2,85.37 1 1
github.com/argusops/argusops/internal/httpserver/handlers/smtp_config.go:92.79,94.9 2 5
github.com/argusops/argusops/internal/httpserver/handlers/smtp_config.go:94.9,97.3 2 1
github.com/argusops/argusops/internal/httpserver/handlers/smtp_config.go:99.2,100.61 2 4
github.com/argusops/argusops/internal/httpserver/handlers/smtp_config.go:100.61,103.3 2 1
github.com/argusops/argusops/internal/httpserver/handlers/smtp_config.go:104.2,104.18 1 3
github.com/argusops/argusops/internal/httpserver/handlers/smtp_config.go:104.18,107.3 2 1
github.com/argusops/argusops/internal/httpserver/handlers/smtp_config.go:109.2,109.75 1 2
github.com/argusops/argusops/internal/httpserver/handlers/smtp_config.go:109.75,112.3 2 1
github.com/argusops/argusops/internal/httpserver/handlers/smtp_config.go:113.2,113.37 1 1
github.com/argusops/argusops/internal/httpserver/handlers/storage_config.go:19.89,21.2 1 3
github.com/argusops/argusops/internal/httpserver/handlers/storage_config.go:23.54,28.2 4 3
github.com/argusops/argusops/internal/httpserver/handlers/storage_config.go:30.77,32.9 2 5
github.com/argusops/argusops/internal/httpserver/handlers/storage_config.go:32.9,35.3 2 1
github.com/argusops/argusops/internal/httpserver/handlers/storage_config.go:36.2,37.16 2 4
github.com/argusops/argusops/internal/httpserver/handlers/storage_config.go:37.16,40.3 2 0
github.com/argusops/argusops/internal/httpserver/handlers/storage_config.go:41.2,41.34 1 4
github.com/argusops/argusops/internal/httpserver/handlers/storage_config.go:51.80,55.61 3 3
github.com/argusops/argusops/internal/httpserver/handlers/storage_config.go:55.61,58.3 2 1
github.com/argusops/argusops/internal/httpserver/handlers/storage_config.go:60.2,63.16 2 2
github.com/argusops/argusops/internal/httpserver/handlers/storage_config.go:63.16,66.3 2 1
github.com/argusops/argusops/internal/httpserver/handlers/storage_config.go:67.2,67.37 1 1
github.com/argusops/argusops/internal/httpserver/handlers/storage_config.go:76.81,80.61 3 4
github.com/argusops/argusops/internal/httpserver/handlers/storage_config.go:80.61,83.3 2 1
github.com/argusops/argusops/internal/httpserver/handlers/storage_config.go:85.2,88.16 2 3
github.com/argusops/argusops/internal/httpserver/handlers/storage_config.go:88.16,91.3 2 2
github.com/argusops/argusops/internal/httpserver/handlers/storage_config.go:92.2,92.37 1 1
github.com/argusops/argusops/internal/httpserver/handlers/storage_config.go:95.80,97.9 2 2
github.com/argusops/argusops/internal/httpserver/handlers/storage_config.go:97.9,100.3 2 1
github.com/argusops/argusops/internal/httpserver/handlers/storage_config.go:101.2,101.60 1 1
github.com/argusops/argusops/internal/httpserver/handlers/storage_config.go:101.60,104.3 2 0
github.com/argusops/argusops/internal/httpserver/handlers/storage_config.go:105.2,105.37 1 1
github.com/argusops/argusops/internal/httpserver/handlers/tags.go:18.59,20.2 1 3
github.com/argusops/argusops/internal/httpserver/handlers/tags.go:26.44,28.2 1 2
github.com/argusops/argusops/internal/httpserver/handlers/tags.go:30.52,33.2 2 1
github.com/argusops/argusops/internal/httpserver/handlers/tags.go:35.68,37.9 2 2
github.com/argusops/argusops/internal/httpserver/handlers/tags.go:37.9,40.3 2 1
github.com/argusops/argusops/internal/httpserver/handlers/tags.go:41.2,42.16 2 1
github.com/argusops/argusops/internal/httpserver/handlers/tags.go:42.16,45.3 2 0
github.com/argusops/argusops/internal/httpserver/handlers/tags.go:46.2,46.35 1 1
github.com/argusops/argusops/internal/httpserver/handlers/tags.go:54.70,59.61 4 3
github.com/argusops/argusops/internal/httpserver/handlers/tags.go:59.61,62.3 2 1
github.com/argusops/argusops/internal/httpserver/handlers/tags.go:64.2,65.16 2 2
github.com/argusops/argusops/internal/httpserver/handlers/tags.go:65.16,68.3 2 1
github.com/argusops/argusops/internal/httpserver/handlers/tags.go:69.2,69.39 1 1
github.com/argusops/argusops/internal/httpserver/handlers/tags.go:72.70,75.16 3 2
github.com/argusops/argusops/internal/httpserver/handlers/tags.go:75.16,78.3 2 1
github.com/argusops/argusops/internal/httpserver/handlers/tags.go:79.2,79.64 1 1
github.com/argusops/argusops/internal/httpserver/handlers/tags.go:79.64,82.3 2 0
github.com/argusops/argusops/internal/httpserver/handlers/tags.go:83.2,83.37 1 1
github.com/argusops/argusops/internal/httpserver/handlers/uploads.go:130.189,132.2 1 13
github.com/argusops/argusops/internal/httpserver/handlers/uploads.go:137.47,140.2 2 13
github.com/argusops/argusops/internal/httpserver/handlers/uploads.go:142.73,144.9 2 20
github.com/argusops/argusops/internal/httpserver/handlers/uploads.go:144.9,147.3 2 1
github.com/argusops/argusops/internal/httpserver/handlers/uploads.go:148.2,151.57 3 19
github.com/argusops/argusops/internal/httpserver/handlers/uploads.go:151.57,154.3 2 0
github.com/argusops/argusops/internal/httpserver/handlers/uploads.go:156.2,158.16 3 19
github.com/argusops/argusops/internal/httpserver/handlers/uploads.go:158.16,161.3 2 1
github.com/argusops/argusops/internal/httpserver/handlers/uploads.go:163.2,164.16 2 18
github.com/argusops/argusops/internal/httpserver/handlers/uploads.go:164.16,167.3 2 1
github.com/argusops/argusops/internal/httpserver/handlers/uploads.go:169.2,170.16 2 17
github.com/argusops/argusops/internal/httpserver/handlers/uploads.go:170.16,173.3 2 0
github.com/argusops/argusops/internal/httpserver/handlers/uploads.go:174.2,182.63 4 17
github.com/argusops/argusops/internal/httpserver/handlers/uploads.go:182.63,185.3 2 0
github.com/argusops/argusops/internal/httpserver/handlers/uploads.go:186.2,190.14 4 17
github.com/argusops/argusops/internal/httpserver/handlers/uploads.go:190.14,193.3 2 7
github.com/argusops/argusops/internal/httpserver/handlers/uploads.go:194.2,194.54 1 10
github.com/argusops/argusops/internal/httpserver/handlers/uploads.go:194.54,197.3 2 0
github.com/argusops/argusops/internal/httpserver/handlers/uploads.go:199.2,205.16 4 10
github.com/argusops/argusops/internal/httpserver/handlers/uploads.go:205.16,208.3 2 0
github.com/argusops/argusops/internal/httpserver/handlers/uploads.go:210.2,210.88 1 10
github.com/argusops/argusops/internal/httpserver/handlers/uploads.go:210.88,214.3 3 1
github.com/argusops/argusops/internal/httpserver/handlers/uploads.go:216.2,216.82 1 9
github.com/argusops/argusops/internal/httpserver/handlers/uploads.go:216.82,219.3 2 0
github.com/argusops/argusops/internal/httpserver/handlers/uploads.go:221.2,221.93 1 9
github.com/argusops/argusops/internal/httpserver/handlers/uploads.go:235.91,237.16 2 1
github.com/argusops/argusops/internal/httpserver/handlers/uploads.go:237.16,239.3 1 0
github.com/argusops/argusops/internal/httpserver/handlers/uploads.go:240.2,240.35 1 1
github.com/argusops/argusops/internal/httpserver/handlers/uploads.go:246.62,247.16 1 5
github.com/argusops/argusops/internal/httpserver/handlers/uploads.go:247.16,249.3 1 2
github.com/argusops/argusops/internal/httpserver/handlers/uploads.go:250.2,250.22 1 3
github.com/argusops/argusops/internal/httpserver/handlers/uploads.go:251.59,252.138 1 2
github.com/argusops/argusops/internal/httpserver/handlers/uploads.go:253.10,254.71 1 1
github.com/argusops/argusops/internal/httpserver/handlers/uploads.go:268.92,269.64 1 17
github.com/argusops/argusops/internal/httpserver/handlers/uploads.go:269.64,271.3 1 4
github.com/argusops/argusops/internal/httpserver/handlers/uploads.go:272.2,273.30 2 13
github.com/argusops/argusops/internal/httpserver/handlers/uploads.go:273.30,275.3 1 2
github.com/argusops/argusops/internal/httpserver/handlers/uploads.go:276.2,277.43 2 11
github.com/argusops/argusops/internal/httpserver/handlers/uploads.go:277.43,279.3 1 0
github.com/argusops/argusops/internal/httpserver/handlers/uploads.go:280.2,280.46 1 11
github.com/argusops/argusops/internal/httpserver/handlers/uploads.go:285.51,288.2 2 4
github.com/argusops/argusops/internal/httpserver/handlers/uploads.go:295.160,296.14 1 22
github.com/argusops/argusops/internal/httpserver/handlers/uploads.go:297.15,299.17 2 21
github.com/argusops/argusops/internal/httpserver/handlers/uploads.go:299.17,301.4 1 0
github.com/argusops/argusops/internal/httpserver/handlers/uploads.go:302.3,302.15 1 21
github.com/argusops/argusops/internal/httpserver/handlers/uploads.go:302.15,304.4 1 1
github.com/argusops/argusops/internal/httpserver/handlers/uploads.go:305.3,305.31 1 20
github.com/argusops/argusops/internal/httpserver/handlers/uploads.go:306.18,308.17 2 0
github.com/argusops/argusops/internal/httpserver/handlers/uploads.go:308.17,310.4 1 0
github.com/argusops/argusops/internal/httpserver/handlers/uploads.go:311.3,311.17 1 0
github.com/argusops/argusops/internal/httpserver/handlers/uploads.go:311.17,313.4 1 0
github.com/argusops/argusops/internal/httpserver/handlers/uploads.go:314.3,314.36 1 0
github.com/argusops/argusops/internal/httpserver/handlers/uploads.go:315.10,316.66 1 1
github.com/argusops/argusops/internal/httpserver/handlers/uploads.go:327.96,329.16 2 5
github.com/argusops/argusops/internal/httpserver/handlers/uploads.go:329.16,331.3 1 0
github.com/argusops/argusops/internal/httpserver/handlers/uploads.go:332.2,332.12 1 5
github.com/argusops/argusops/internal/httpserver/handlers/uploads.go:332.12,334.3 1 1
github.com/argusops/argusops/internal/httpserver/handlers/uploads.go:335.2,337.12 3 4
github.com/argusops/argusops/internal/httpserver/handlers/uploads.go:340.35,343.20 3 20
github.com/argusops/argusops/internal/httpserver/handlers/uploads.go:343.20,345.3 1 0
github.com/argusops/argusops/internal/httpserver/handlers/uploads.go:346.2,346.16 1 20
github.com/argusops/argusops/internal/httpserver/handlers/uploads.go:346.16,348.3 1 0
github.com/argusops/argusops/internal/httpserver/handlers/uploads.go:349.2,349.13 1 20
github.com/argusops/argusops/internal/httpserver/handlers/uploads.go:356.51,359.2 2 10
github.com/argusops/argusops/internal/httpserver/handlers/uploads.go:361.72,363.9 2 9
github.com/argusops/argusops/internal/httpserver/handlers/uploads.go:363.9,366.3 2 1
github.com/argusops/argusops/internal/httpserver/handlers/uploads.go:368.2,369.29 2 8
github.com/argusops/argusops/internal/httpserver/handlers/uploads.go:369.29,372.3 2 3
github.com/argusops/argusops/internal/httpserver/handlers/uploads.go:374.2,374.59 1 5
github.com/argusops/argusops/internal/httpserver/handlers/uploads.go:374.59,377.3 2 1
github.com/argusops/argusops/internal/httpserver/handlers/uploads.go:379.2,380.16 2 4
github.com/argusops/argusops/internal/httpserver/handlers/uploads.go:380.16,383.3 2 0
github.com/argusops/argusops/internal/httpserver/handlers/uploads.go:385.2,386.16 2 4
github.com/argusops/argusops/internal/httpserver/handlers/uploads.go:386.16,389.3 2 0
github.com/argusops/argusops/internal/httpserver/handlers/uploads.go:390.2,393.39 3 4
github.com/argusops/argusops/internal/httpserver/handlers/uploads.go:393.39,400.3 2 1
github.com/argusops/argusops/internal/httpserver/handlers/uploads.go:401.2,401.23 1 4
github.com/argusops/argusops/internal/httpserver/handlers/uploads.go:407.44,409.69 2 1
github.com/argusops/argusops/internal/httpserver/handlers/uploads.go:409.69,411.3 1 1
github.com/argusops/argusops/internal/httpserver/handlers/uploads.go:412.2,412.13 1 0
github.com/argusops/argusops/internal/httpserver/handlers/users.go:25.89,27.2 1 12
github.com/argusops/argusops/internal/httpserver/handlers/users.go:29.45,40.2 10 10
github.com/argusops/argusops/internal/httpserver/handlers/users.go:47.74,49.9 2 2
github.com/argusops/argusops/internal/httpserver/handlers/users.go:49.9,52.3 2 1
github.com/argusops/argusops/internal/httpserver/handlers/users.go:53.2,54.16 2 1
github.com/argusops/argusops/internal/httpserver/handlers/users.go:54.16,57.3 2 0
github.com/argusops/argusops/internal/httpserver/handlers/users.go:58.2,58.40 1 1
github.com/argusops/argusops/internal/httpserver/handlers/users.go:61.69,63.9 2 3
github.com/argusops/argusops/internal/httpserver/handlers/users.go:63.9,66.3 2 1
github.com/argusops/argusops/internal/httpserver/handlers/users.go:67.2,68.16 2 2
github.com/argusops/argusops/internal/httpserver/handlers/users.go:68.16,71.3 2 0
github.com/argusops/argusops/internal/httpserver/handlers/users.go:72.2,72.36 1 2
github.com/argusops/argusops/internal/httpserver/handlers/users.go:89.71,91.9 2 5
github.com/argusops/argusops/internal/httpserver/handlers/users.go:91.9,94.3 2 1
github.com/argusops/argusops/internal/httpserver/handlers/users.go:96.2,97.61 2 4
github.com/argusops/argusops/internal/httpserver/handlers/users.go:97.61,100.3 2 1
github.com/argusops/argusops/internal/httpserver/handlers/users.go:102.2,103.16 2 3
github.com/argusops/argusops/internal/httpserver/handlers/users.go:103.16,106.3 2 2
github.com/argusops/argusops/internal/httpserver/handlers/users.go:107.2,107.100 1 1
github.com/argusops/argusops/internal/httpserver/handlers/users.go:114.77,117.16 3 4
github.com/argusops/argusops/internal/httpserver/handlers/users.go:117.16,120.3 2 1
github.com/argusops/argusops/internal/httpserver/handlers/users.go:122.2,123.61 2 3
github.com/argusops/argusops/internal/httpserver/handlers/users.go:123.61,126.3 2 1
github.com/argusops/argusops/internal/httpserver/handlers/users.go:128.2,128.82 1 2
github.com/argusops/argusops/internal/httpserver/handlers/users.go:128.82,131.3 2 1
github.com/argusops/argusops/internal/httpserver/handlers/users.go:132.2,132.37 1 1
github.com/argusops/argusops/internal/httpserver/handlers/users.go:135.75,137.2 1 3
github.com/argusops/argusops/internal/httpserver/handlers/users.go:139.73,141.2 1 2
github.com/argusops/argusops/internal/httpserver/handlers/users.go:143.87,146.16 3 5
github.com/argusops/argusops/internal/httpserver/handlers/users.go:146.16,149.3 2 2
github.com/argusops/argusops/internal/httpserver/handlers/users.go:150.2,150.75 1 3
github.com/argusops/argusops/internal/httpserver/handlers/users.go:150.75,153.3 2 0
github.com/argusops/argusops/internal/httpserver/handlers/users.go:159.2,159.13 1 3
github.com/argusops/argusops/internal/httpserver/handlers/users.go:159.13,161.3 1 2
github.com/argusops/argusops/internal/httpserver/handlers/users.go:162.2,162.37 1 3
github.com/argusops/argusops/internal/httpserver/handlers/users.go:169.79,172.16 3 2
github.com/argusops/argusops/internal/httpserver/handlers/users.go:172.16,175.3 2 1
github.com/argusops/argusops/internal/httpserver/handlers/users.go:176.2,176.73 1 1
github.com/argusops/argusops/internal/httpserver/handlers/users.go:176.73,179.3 2 0
github.com/argusops/argusops/internal/httpserver/handlers/users.go:180.2,180.37 1 1
github.com/argusops/argusops/internal/httpserver/handlers/users.go:189.78,192.16 3 3
github.com/argusops/argusops/internal/httpserver/handlers/users.go:192.16,195.3 2 1
github.com/argusops/argusops/internal/httpserver/handlers/users.go:197.2,198.16 2 2
github.com/argusops/argusops/internal/httpserver/handlers/users.go:198.16,201.3 2 1
github.com/argusops/argusops/internal/httpserver/handlers/users.go:202.2,202.85 1 1
github.com/argusops/argusops/internal/httpserver/handlers/users.go:205.82,207.9 2 2
github.com/argusops/argusops/internal/httpserver/handlers/users.go:207.9,210.3 2 1
github.com/argusops/argusops/internal/httpserver/handlers/users.go:211.2,212.16 2 1
github.com/argusops/argusops/internal/httpserver/handlers/users.go:212.16,215.3 2 0
github.com/argusops/argusops/internal/httpserver/handlers/users.go:216.2,216.39 1 1
github.com/argusops/argusops/internal/httpserver/handlers/users.go:219.81,225.61 5 2
github.com/argusops/argusops/internal/httpserver/handlers/users.go:225.61,228.3 2 1
github.com/argusops/argusops/internal/httpserver/handlers/users.go:230.2,231.16 2 1
github.com/argusops/argusops/internal/httpserver/handlers/users.go:231.16,234.3 2 0
github.com/argusops/argusops/internal/httpserver/handlers/users.go:235.2,235.32 1 1
github.com/argusops/argusops/internal/httpserver/handlers/users.go:238.83,241.16 3 2
github.com/argusops/argusops/internal/httpserver/handlers/users.go:241.16,244.3 2 1
github.com/argusops/argusops/internal/httpserver/handlers/users.go:245.2,245.76 1 1
github.com/argusops/argusops/internal/httpserver/handlers/users.go:245.76,248.3 2 0
github.com/argusops/argusops/internal/httpserver/handlers/users.go:249.2,249.37 1 1
github.com/argusops/argusops/internal/httpserver/handlers/webhooks.go:18.71,20.2 1 5
github.com/argusops/argusops/internal/httpserver/handlers/webhooks.go:22.48,30.2 7 5
github.com/argusops/argusops/internal/httpserver/handlers/webhooks.go:32.72,34.9 2 6
github.com/argusops/argusops/internal/httpserver/handlers/webhooks.go:34.9,37.3 2 1
github.com/argusops/argusops/internal/httpserver/handlers/webhooks.go:38.2,39.16 2 5
github.com/argusops/argusops/internal/httpserver/handlers/webhooks.go:39.16,42.3 2 0
github.com/argusops/argusops/internal/httpserver/handlers/webhooks.go:43.2,43.40 1 5
github.com/argusops/argusops/internal/httpserver/handlers/webhooks.go:64.74,69.61 4 5
github.com/argusops/argusops/internal/httpserver/handlers/webhooks.go:69.61,72.3 2 1
github.com/argusops/argusops/internal/httpserver/handlers/webhooks.go:73.2,73.40 1 4
github.com/argusops/argusops/internal/httpserver/handlers/webhooks.go:73.40,76.3 2 1
github.com/argusops/argusops/internal/httpserver/handlers/webhooks.go:78.2,79.16 2 3
github.com/argusops/argusops/internal/httpserver/handlers/webhooks.go:79.16,82.3 2 0
github.com/argusops/argusops/internal/httpserver/handlers/webhooks.go:85.2,88.4 1 3
github.com/argusops/argusops/internal/httpserver/handlers/webhooks.go:95.78,98.16 3 2
github.com/argusops/argusops/internal/httpserver/handlers/webhooks.go:98.16,101.3 2 1
github.com/argusops/argusops/internal/httpserver/handlers/webhooks.go:105.2,109.16 4 1
github.com/argusops/argusops/internal/httpserver/handlers/webhooks.go:109.16,112.3 2 0
github.com/argusops/argusops/internal/httpserver/handlers/webhooks.go:113.2,113.64 1 1
github.com/argusops/argusops/internal/httpserver/handlers/webhooks.go:116.75,118.2 1 2
github.com/argusops/argusops/internal/httpserver/handlers/webhooks.go:120.74,122.2 1 2
github.com/argusops/argusops/internal/httpserver/handlers/webhooks.go:130.91,133.16 3 4
github.com/argusops/argusops/internal/httpserver/handlers/webhooks.go:133.16,136.3 2 1
github.com/argusops/argusops/internal/httpserver/handlers/webhooks.go:138.2,139.61 2 3
github.com/argusops/argusops/internal/httpserver/handlers/webhooks.go:139.61,142.3 2 1
github.com/argusops/argusops/internal/httpserver/handlers/webhooks.go:144.2,144.97 1 2
github.com/argusops/argusops/internal/httpserver/handlers/webhooks.go:144.97,147.3 2 0
github.com/argusops/argusops/internal/httpserver/handlers/webhooks.go:148.2,148.37 1 2
github.com/argusops/argusops/internal/httpserver/handlers/webhooks.go:159.84,162.16 3 4
github.com/argusops/argusops/internal/httpserver/handlers/webhooks.go:162.16,165.3 2 1
github.com/argusops/argusops/internal/httpserver/handlers/webhooks.go:167.2,168.61 2 3
github.com/argusops/argusops/internal/httpserver/handlers/webhooks.go:168.61,171.3 2 1
github.com/argusops/argusops/internal/httpserver/handlers/webhooks.go:173.2,173.117 1 2
github.com/argusops/argusops/internal/httpserver/handlers/webhooks.go:173.117,176.3 2 0
github.com/argusops/argusops/internal/httpserver/handlers/webhooks.go:177.2,177.37 1 2
github.com/argusops/argusops/internal/httpserver/handlers/webhooks.go:180.92,183.16 3 4
github.com/argusops/argusops/internal/httpserver/handlers/webhooks.go:183.16,186.3 2 2
github.com/argusops/argusops/internal/httpserver/handlers/webhooks.go:187.2,187.75 1 2
github.com/argusops/argusops/internal/httpserver/handlers/webhooks.go:187.75,190.3 2 0
github.com/argusops/argusops/internal/httpserver/handlers/webhooks.go:191.2,191.37 1 2
github.com/argusops/argusops/internal/service/access.go:10.88,11.16 1 2
github.com/argusops/argusops/internal/service/access.go:11.16,13.3 1 1
github.com/argusops/argusops/internal/service/access.go:14.2,16.49 3 1
github.com/argusops/argusops/internal/service/access.go:16.49,18.3 1 1
github.com/argusops/argusops/internal/service/access.go:19.2,19.46 1 1
github.com/argusops/argusops/internal/service/access.go:19.46,21.3 1 0
github.com/argusops/argusops/internal/service/access.go:22.2,22.32 1 1
github.com/argusops/argusops/internal/service/access.go:32.57,33.27 1 109
github.com/argusops/argusops/internal/service/access.go:33.27,35.3 1 96
github.com/argusops/argusops/internal/service/access.go:36.2,37.32 2 13
github.com/argusops/argusops/internal/service/access.go:37.32,39.3 1 13
github.com/argusops/argusops/internal/service/access.go:40.2,40.31 1 13
github.com/argusops/argusops/internal/service/access.go:40.31,41.30 1 1
github.com/argusops/argusops/internal/service/access.go:41.30,43.4 1 0
github.com/argusops/argusops/internal/service/access.go:45.2,45.14 1 13
github.com/argusops/argusops/internal/service/access.go:57.40,58.14 1 142
github.com/argusops/argusops/internal/service/access.go:58.14,60.3 1 110
github.com/argusops/argusops/internal/service/access.go:61.2,61.10 1 32
github.com/argusops/argusops/internal/service/ai_analysis_service.go:71.22,76.2 1 15
github.com/argusops/argusops/internal/service/ai_analysis_service.go:84.116,86.2 1 15
github.com/argusops/argusops/internal/service/ai_analysis_service.go:94.105,95.22 1 15
github.com/argusops/argusops/internal/service/ai_analysis_service.go:95.22,97.3 1 15
github.com/argusops/argusops/internal/service/ai_analysis_service.go:109.91,110.22 1 11
github.com/argusops/argusops/internal/service/ai_analysis_service.go:110.22,112.3 1 0
github.com/argusops/argusops/internal/service/ai_analysis_service.go:113.2,118.4 1 11
github.com/argusops/argusops/internal/service/ai_analysis_service.go:151.53,153.33 2 18
github.com/argusops/argusops/internal/service/ai_analysis_service.go:153.33,155.3 1 4
github.com/argusops/argusops/internal/service/ai_analysis_service.go:156.2,156.11 1 18
github.com/argusops/argusops/internal/service/ai_analysis_service.go:169.74,170.16 1 4
github.com/argusops/argusops/internal/service/ai_analysis_service.go:170.16,172.3 1 1
github.com/argusops/argusops/internal/service/ai_analysis_service.go:173.2,174.64 2 3
github.com/argusops/argusops/internal/service/ai_analysis_service.go:174.64,176.3 1 0
github.com/argusops/argusops/internal/service/ai_analysis_service.go:177.2,177.23 1 3
github.com/argusops/argusops/internal/service/ai_analysis_service.go:177.23,179.3 1 3
github.com/argusops/argusops/internal/service/ai_analysis_service.go:180.2,181.29 2 3
github.com/argusops/argusops/internal/service/ai_analysis_service.go:181.29,183.3 1 7
github.com/argusops/argusops/internal/service/ai_analysis_service.go:184.2,187.8 1 3
github.com/argusops/argusops/internal/service/ai_analysis_service.go:193.145,195.64 2 3
github.com/argusops/argusops/internal/service/ai_analysis_service.go:195.64,197.17 2 3
github.com/argusops/argusops/internal/service/ai_analysis_service.go:197.17,199.4 1 0
github.com/argusops/argusops/internal/service/ai_analysis_service.go:200.3,200.52 1 3
github.com/argusops/argusops/internal/service/ai_analysis_service.go:200.52,202.4 1 0
github.com/argusops/argusops/internal/service/ai_analysis_service.go:203.3,204.17 2 3
github.com/argusops/argusops/internal/service/ai_analysis_service.go:204.17,206.4 1 0
github.com/argusops/argusops/internal/service/ai_analysis_service.go:207.3,208.13 2 3
github.com/argusops/argusops/internal/service/ai_analysis_service.go:210.2,210.24 1 3
github.com/argusops/argusops/internal/service/ai_analysis_service.go:215.151,217.64 2 1
github.com/argusops/argusops/internal/service/ai_analysis_service.go:217.64,219.17 2 1
github.com/argusops/argusops/internal/service/ai_analysis_service.go:219.17,221.4 1 0
github.com/argusops/argusops/internal/service/ai_analysis_service.go:222.3,222.56 1 1
github.com/argusops/argusops/internal/service/ai_analysis_service.go:222.56,224.4 1 0
github.com/argusops/argusops/internal/service/ai_analysis_service.go:225.3,226.17 2 1
github.com/argusops/argusops/internal/service/ai_analysis_service.go:226.17,228.4 1 0
github.com/argusops/argusops/internal/service/ai_analysis_service.go:229.3,230.13 2 1
github.com/argusops/argusops/internal/service/ai_analysis_service.go:232.2,232.24 1 1
github.com/argusops/argusops/internal/service/ai_analysis_service.go:264.146,267.64 3 11
github.com/argusops/argusops/internal/service/ai_analysis_service.go:267.64,269.17 2 11
github.com/argusops/argusops/internal/service/ai_analysis_service.go:269.17,271.4 1 0
github.com/argusops/argusops/internal/service/ai_analysis_service.go:272.3,272.52 1 11
github.com/argusops/argusops/internal/service/ai_analysis_service.go:272.52,274.4 1 1
github.com/argusops/argusops/internal/service/ai_analysis_service.go:275.3,277.77 2 10
github.com/argusops/argusops/internal/service/ai_analysis_service.go:277.77,279.4 1 1
github.com/argusops/argusops/internal/service/ai_analysis_service.go:281.3,282.17 2 9
github.com/argusops/argusops/internal/service/ai_analysis_service.go:282.17,284.4 1 1
github.com/argusops/argusops/internal/service/ai_analysis_service.go:285.3,286.13 2 8
github.com/argusops/argusops/internal/service/ai_analysis_service.go:288.2,288.16 1 11
github.com/argusops/argusops/internal/service/ai_analysis_service.go:288.16,290.3 1 3
github.com/argusops/argusops/internal/service/ai_analysis_service.go:292.2,293.16 2 8
github.com/argusops/argusops/internal/service/ai_analysis_service.go:293.16,295.3 1 0
github.com/argusops/argusops/internal/service/ai_analysis_service.go:297.2,299.16 3 8
github.com/argusops/argusops/internal/service/ai_analysis_service.go:299.16,301.3 1 0
github.com/argusops/argusops/internal/service/ai_analysis_service.go:303.2,303.12 1 8
github.com/argusops/argusops/internal/service/ai_analysis_service.go:303.12,305.22 2 8
github.com/argusops/argusops/internal/service/ai_analysis_service.go:305.22,307.4 1 4
github.com/argusops/argusops/internal/service/ai_analysis_service.go:307.9,309.4 1 4
github.com/argusops/argusops/internal/service/ai_analysis_service.go:310.3,310.47 1 8
github.com/argusops/argusops/internal/service/ai_analysis_service.go:312.2,312.12 1 8
github.com/argusops/argusops/internal/service/ai_analysis_service.go:318.152,321.64 3 2
github.com/argusops/argusops/internal/service/ai_analysis_service.go:321.64,323.17 2 2
github.com/argusops/argusops/internal/service/ai_analysis_service.go:323.17,325.4 1 0
github.com/argusops/argusops/internal/service/ai_analysis_service.go:326.3,326.56 1 2
github.com/argusops/argusops/internal/service/ai_analysis_service.go:326.56,328.4 1 1
github.com/argusops/argusops/internal/service/ai_analysis_service.go:329.3,331.83 2 1
github.com/argusops/argusops/internal/service/ai_analysis_service.go:331.83,333.4 1 0
github.com/argusops/argusops/internal/service/ai_analysis_service.go:335.3,336.17 2 1
github.com/argusops/argusops/internal/service/ai_analysis_service.go:336.17,338.4 1 0
github.com/argusops/argusops/internal/service/ai_analysis_service.go:339.3,340.13 2 1
github.com/argusops/argusops/internal/service/ai_analysis_service.go:342.2,342.16 1 2
github.com/argusops/argusops/internal/service/ai_analysis_service.go:342.16,344.3 1 1
github.com/argusops/argusops/internal/service/ai_analysis_service.go:346.2,347.16 2 1
github.com/argusops/argusops/internal/service/ai_analysis_service.go:347.16,349.3 1 0
github.com/argusops/argusops/internal/service/ai_analysis_service.go:351.2,353.16 3 1
github.com/argusops/argusops/internal/service/ai_analysis_service.go:353.16,355.3 1 0
github.com/argusops/argusops/internal/service/ai_analysis_service.go:357.2,357.12 1 1
github.com/argusops/argusops/internal/service/ai_analysis_service.go:357.12,359.22 2 1
github.com/argusops/argusops/internal/service/ai_analysis_service.go:359.22,361.4 1 1
github.com/argusops/argusops/internal/service/ai_analysis_service.go:361.9,363.4 1 0
github.com/argusops/argusops/internal/service/ai_analysis_service.go:364.3,364.53 1 1
github.com/argusops/argusops/internal/service/ai_analysis_service.go:366.2,366.12 1 1
github.com/argusops/argusops/internal/service/ai_analysis_service.go:375.151,379.64 4 4
github.com/argusops/argusops/internal/service/ai_analysis_service.go:379.64,381.17 2 4
github.com/argusops/argusops/internal/service/ai_analysis_service.go:381.17,383.4 1 0
github.com/argusops/argusops/internal/service/ai_analysis_service.go:384.3,384.52 1 4
github.com/argusops/argusops/internal/service/ai_analysis_service.go:384.52,386.4 1 0
github.com/argusops/argusops/internal/service/ai_analysis_service.go:387.3,390.17 3 4
github.com/argusops/argusops/internal/service/ai_analysis_service.go:390.17,392.4 1 0
github.com/argusops/argusops/internal/service/ai_analysis_service.go:393.3,393.43 1 4
github.com/argusops/argusops/internal/service/ai_analysis_service.go:393.43,395.4 1 1
github.com/argusops/argusops/internal/service/ai_analysis_service.go:396.3,399.17 3 3
github.com/argusops/argusops/internal/service/ai_analysis_service.go:399.17,401.4 1 0
github.com/argusops/argusops/internal/service/ai_analysis_service.go:402.3,403.13 2 3
github.com/argusops/argusops/internal/service/ai_analysis_service.go:405.2,405.16 1 4
github.com/argusops/argusops/internal/service/ai_analysis_service.go:405.16,407.3 1 1
github.com/argusops/argusops/internal/service/ai_analysis_service.go:409.2,410.16 2 3
github.com/argusops/argusops/internal/service/ai_analysis_service.go:410.16,412.3 1 0
github.com/argusops/argusops/internal/service/ai_analysis_service.go:414.2,414.12 1 3
github.com/argusops/argusops/internal/service/ai_analysis_service.go:414.12,418.3 3 3
github.com/argusops/argusops/internal/service/ai_analysis_service.go:419.2,419.12 1 3
github.com/argusops/argusops/internal/service/ai_analysis_service.go:425.157,429.64 4 1
github.com/argusops/argusops/internal/service/ai_analysis_service.go:429.64,431.17 2 1
github.com/argusops/argusops/internal/service/ai_analysis_service.go:431.17,433.4 1 0
github.com/argusops/argusops/internal/service/ai_analysis_service.go:434.3,434.56 1 1
github.com/argusops/argusops/internal/service/ai_analysis_service.go:434.56,436.4 1 0
github.com/argusops/argusops/internal/service/ai_analysis_service.go:437.3,440.17 3 1
github.com/argusops/argusops/internal/service/ai_analysis_service.go:440.17,442.4 1 0
github.com/argusops/argusops/internal/service/ai_analysis_service.go:443.3,443.43 1 1
github.com/argusops/argusops/internal/service/ai_analysis_service.go:443.43,445.4 1 0
github.com/argusops/argusops/internal/service/ai_analysis_service.go:446.3,449.17 3 1
github.com/argusops/argusops/internal/service/ai_analysis_service.go:449.17,451.4 1 0
github.com/argusops/argusops/internal/service/ai_analysis_service.go:452.3,453.13 2 1
github.com/argusops/argusops/internal/service/ai_analysis_service.go:455.2,455.16 1 1
github.com/argusops/argusops/internal/service/ai_analysis_service.go:455.16,457.3 1 0
github.com/argusops/argusops/internal/service/ai_analysis_service.go:459.2,460.16 2 1
github.com/argusops/argusops/internal/service/ai_analysis_service.go:460.16,462.3 1 0
github.com/argusops/argusops/internal/service/ai_analysis_service.go:464.2,464.12 1 1
github.com/argusops/argusops/internal/service/ai_analysis_service.go:464.12,468.3 3 1
github.com/argusops/argusops/internal/service/ai_analysis_service.go:469.2,469.12 1 1
github.com/argusops/argusops/internal/service/ai_analysis_service.go:480.280,481.69 1 4
github.com/argusops/argusops/internal/service/ai_analysis_service.go:481.69,485.68 4 1
github.com/argusops/argusops/internal/service/ai_analysis_service.go:485.68,487.4 1 0
github.com/argusops/argusops/internal/service/ai_analysis_service.go:488.3,488.62 1 1
github.com/argusops/argusops/internal/service/ai_analysis_service.go:488.62,490.4 1 0
github.com/argusops/argusops/internal/service/ai_analysis_service.go:491.3,491.68 1 1
github.com/argusops/argusops/internal/service/ai_analysis_service.go:491.68,493.4 1 0
github.com/argusops/argusops/internal/service/ai_analysis_service.go:494.3,496.17 3 1
github.com/argusops/argusops/internal/service/ai_analysis_service.go:496.17,498.4 1 0
github.com/argusops/argusops/internal/service/ai_analysis_service.go:499.3,499.68 1 1
github.com/argusops/argusops/internal/service/ai_analysis_service.go:499.68,501.4 1 1
github.com/argusops/argusops/internal/service/ai_analysis_service.go:501.18,503.4 1 0
github.com/argusops/argusops/internal/service/ai_analysis_service.go:504.3,506.46 3 1
github.com/argusops/argusops/internal/service/ai_analysis_service.go:509.2,510.16 2 3
github.com/argusops/argusops/internal/service/ai_analysis_service.go:510.16,512.3 1 0
github.com/argusops/argusops/internal/service/ai_analysis_service.go:514.2,516.16 3 3
github.com/argusops/argusops/internal/service/ai_analysis_service.go:516.16,518.3 1 0
github.com/argusops/argusops/internal/service/ai_analysis_service.go:519.2,520.16 2 3
github.com/argusops/argusops/internal/service/ai_analysis_service.go:520.16,522.3 1 0
github.com/argusops/argusops/internal/service/ai_analysis_service.go:523.2,524.16 2 3
github.com/argusops/argusops/internal/service/ai_analysis_service.go:524.16,526.3 1 0
github.com/argusops/argusops/internal/service/ai_analysis_service.go:527.2,531.67 2 3
github.com/argusops/argusops/internal/service/ai_analysis_service.go:531.67,533.3 1 3
github.com/argusops/argusops/internal/service/ai_analysis_service.go:533.17,535.3 1 0
github.com/argusops/argusops/internal/service/ai_analysis_service.go:536.2,536.42 1 3
github.com/argusops/argusops/internal/service/ai_analysis_service.go:546.269,550.16 3 9
github.com/argusops/argusops/internal/service/ai_analysis_service.go:550.16,552.3 1 0
github.com/argusops/argusops/internal/service/ai_analysis_service.go:553.2,554.16 2 9
github.com/argusops/argusops/internal/service/ai_analysis_service.go:554.16,556.3 1 0
github.com/argusops/argusops/internal/service/ai_analysis_service.go:557.2,558.16 2 9
github.com/argusops/argusops/internal/service/ai_analysis_service.go:558.16,560.3 1 0
github.com/argusops/argusops/internal/service/ai_analysis_service.go:562.2,566.67 2 9
github.com/argusops/argusops/internal/service/ai_analysis_service.go:566.67,568.3 1 9
github.com/argusops/argusops/internal/service/ai_analysis_service.go:568.17,570.3 1 0
github.com/argusops/argusops/internal/service/ai_analysis_service.go:571.2,571.27 1 9
github.com/argusops/argusops/internal/service/ai_analysis_service.go:579.131,581.16 2 11
github.com/argusops/argusops/internal/service/ai_analysis_service.go:581.16,583.3 1 0
github.com/argusops/argusops/internal/service/ai_analysis_service.go:584.2,584.28 1 11
github.com/argusops/argusops/internal/service/ai_analysis_service.go:591.54,592.107 1 16
github.com/argusops/argusops/internal/service/ai_analysis_service.go:592.107,594.3 1 2
github.com/argusops/argusops/internal/service/ai_analysis_service.go:595.2,595.12 1 14
github.com/argusops/argusops/internal/service/ai_analysis_service.go:605.137,607.16 2 5
github.com/argusops/argusops/internal/service/ai_analysis_service.go:607.16,610.3 2 0
github.com/argusops/argusops/internal/service/ai_analysis_service.go:612.2,616.71 2 5
github.com/argusops/argusops/internal/service/ai_analysis_service.go:616.71,618.3 1 5
github.com/argusops/argusops/internal/service/ai_analysis_service.go:618.17,620.3 1 0
github.com/argusops/argusops/internal/service/ai_analysis_service.go:622.2,622.89 1 5
github.com/argusops/argusops/internal/service/ai_analysis_service.go:644.162,646.64 2 12
github.com/argusops/argusops/internal/service/ai_analysis_service.go:646.64,650.3 3 12
github.com/argusops/argusops/internal/service/ai_analysis_service.go:651.2,651.16 1 12
github.com/argusops/argusops/internal/service/ai_analysis_service.go:651.16,653.3 1 0
github.com/argusops/argusops/internal/service/ai_analysis_service.go:655.2,657.33 3 12
github.com/argusops/argusops/internal/service/ai_analysis_service.go:657.33,658.77 1 4
github.com/argusops/argusops/internal/service/ai_analysis_service.go:658.77,659.12 1 0
github.com/argusops/argusops/internal/service/ai_analysis_service.go:661.3,662.17 2 4
github.com/argusops/argusops/internal/service/ai_analysis_service.go:662.17,663.12 1 0
github.com/argusops/argusops/internal/service/ai_analysis_service.go:665.3,665.33 1 4
github.com/argusops/argusops/internal/service/ai_analysis_service.go:665.33,666.54 1 4
github.com/argusops/argusops/internal/service/ai_analysis_service.go:666.54,667.13 1 0
github.com/argusops/argusops/internal/service/ai_analysis_service.go:669.4,669.44 1 4
github.com/argusops/argusops/internal/service/ai_analysis_service.go:669.44,670.13 1 0
github.com/argusops/argusops/internal/service/ai_analysis_service.go:672.4,676.5 2 4
github.com/argusops/argusops/internal/service/ai_analysis_service.go:679.2,679.27 1 12
github.com/argusops/argusops/internal/service/ai_analysis_service.go:694.102,697.64 3 2
github.com/argusops/argusops/internal/service/ai_analysis_service.go:697.64,699.17 2 2
github.com/argusops/argusops/internal/service/ai_analysis_service.go:699.17,701.4 1 0
github.com/argusops/argusops/internal/service/ai_analysis_service.go:702.3,703.17 2 2
github.com/argusops/argusops/internal/service/ai_analysis_service.go:703.17,705.4 1 0
github.com/argusops/argusops/internal/service/ai_analysis_service.go:706.3,708.13 3 2
github.com/argusops/argusops/internal/service/ai_analysis_service.go:710.2,710.30 1 2
github.com/argusops/argusops/internal/service/ai_analysis_service.go:710.30,712.3 1 0
github.com/argusops/argusops/internal/service/ai_analysis_service.go:718.2,721.64 3 2
github.com/argusops/argusops/internal/service/ai_analysis_service.go:721.64,724.3 2 0
github.com/argusops/argusops/internal/service/ai_analysis_service.go:725.2,726.58 2 2
github.com/argusops/argusops/internal/service/ai_analysis_service.go:726.58,729.3 2 0
github.com/argusops/argusops/internal/service/ai_analysis_service.go:730.2,731.64 2 2
github.com/argusops/argusops/internal/service/ai_analysis_service.go:731.64,734.3 2 0
github.com/argusops/argusops/internal/service/ai_analysis_service.go:742.2,743.23 2 2
github.com/argusops/argusops/internal/service/ai_analysis_service.go:743.23,745.70 2 2
github.com/argusops/argusops/internal/service/ai_analysis_service.go:745.70,747.4 1 2
github.com/argusops/argusops/internal/service/ai_analysis_service.go:749.2,752.16 3 2
github.com/argusops/argusops/internal/service/ai_analysis_service.go:752.16,755.3 2 0
github.com/argusops/argusops/internal/service/ai_analysis_service.go:761.2,762.16 2 2
github.com/argusops/argusops/internal/service/ai_analysis_service.go:762.16,764.3 1 0
github.com/argusops/argusops/internal/service/ai_analysis_service.go:766.2,766.87 1 2
github.com/argusops/argusops/internal/service/ai_analysis_service.go:769.86,770.17 1 2
github.com/argusops/argusops/internal/service/ai_analysis_service.go:770.17,772.3 1 0
github.com/argusops/argusops/internal/service/ai_analysis_service.go:773.2,773.21 1 2
github.com/argusops/argusops/internal/service/ai_analysis_service.go:774.31,775.155 1 1
github.com/argusops/argusops/internal/service/ai_analysis_service.go:776.31,777.107 1 1
github.com/argusops/argusops/internal/service/ai_analysis_service.go:778.10,780.27 2 0
github.com/argusops/argusops/internal/service/ai_analysis_service.go:780.27,782.4 1 0
github.com/argusops/argusops/internal/service/ai_analysis_service.go:783.3,783.95 1 0
github.com/argusops/argusops/internal/service/ai_analysis_service.go:791.236,792.56 1 10
github.com/argusops/argusops/internal/service/ai_analysis_service.go:792.56,793.62 1 12
github.com/argusops/argusops/internal/service/ai_analysis_service.go:793.62,794.67 1 12
github.com/argusops/argusops/internal/service/ai_analysis_service.go:794.67,796.5 1 12
github.com/argusops/argusops/internal/service/ai_analysis_service.go:799.3,800.17 2 12
github.com/argusops/argusops/internal/service/ai_analysis_service.go:800.17,803.4 2 1
github.com/argusops/argusops/internal/service/ai_analysis_service.go:805.3,808.33 3 11
github.com/argusops/argusops/internal/service/ai_analysis_service.go:808.33,810.73 2 7
github.com/argusops/argusops/internal/service/ai_analysis_service.go:810.73,812.5 1 7
github.com/argusops/argusops/internal/service/ai_analysis_service.go:812.19,814.5 1 0
github.com/argusops/argusops/internal/service/ai_analysis_service.go:815.4,815.27 1 7
github.com/argusops/argusops/internal/service/ai_analysis_service.go:823.3,825.10 3 4
github.com/argusops/argusops/internal/service/ai_analysis_service.go:825.10,827.12 2 0
github.com/argusops/argusops/internal/service/ai_analysis_service.go:830.3,831.17 2 4
github.com/argusops/argusops/internal/service/ai_analysis_service.go:831.17,833.12 2 0
github.com/argusops/argusops/internal/service/ai_analysis_service.go:836.3,836.29 1 4
github.com/argusops/argusops/internal/service/ai_analysis_service.go:836.29,838.73 2 2
github.com/argusops/argusops/internal/service/ai_analysis_service.go:838.73,840.5 1 2
github.com/argusops/argusops/internal/service/ai_analysis_service.go:840.19,842.5 1 0
github.com/argusops/argusops/internal/service/ai_analysis_service.go:843.4,843.70 1 2
github.com/argusops/argusops/internal/service/ai_analysis_service.go:848.3,849.43 2 2
github.com/argusops/argusops/internal/service/ai_analysis_service.go:849.43,851.4 1 0
github.com/argusops/argusops/internal/service/ai_analysis_service.go:852.3,852.112 1 2
github.com/argusops/argusops/internal/service/ai_analysis_service.go:855.2,857.16 3 0
github.com/argusops/argusops/internal/service/ai_analysis_service.go:860.104,861.61 1 1
github.com/argusops/argusops/internal/service/ai_analysis_service.go:861.61,863.3 1 1
github.com/argusops/argusops/internal/service/ai_analysis_service.go:869.162,871.64 2 7
github.com/argusops/argusops/internal/service/ai_analysis_service.go:871.64,872.29 1 7
github.com/argusops/argusops/internal/service/ai_analysis_service.go:872.29,877.4 1 6
github.com/argusops/argusops/internal/service/ai_analysis_service.go:878.3,881.5 1 1
github.com/argusops/argusops/internal/service/ai_analysis_service.go:888.99,890.16 2 18
github.com/argusops/argusops/internal/service/ai_analysis_service.go:890.16,892.3 1 0
github.com/argusops/argusops/internal/service/ai_analysis_service.go:893.2,893.21 1 18
github.com/argusops/argusops/internal/service/ai_analysis_service.go:893.21,895.3 1 2
github.com/argusops/argusops/internal/service/ai_analysis_service.go:897.2,898.16 2 16
github.com/argusops/argusops/internal/service/ai_analysis_service.go:898.16,900.3 1 0
github.com/argusops/argusops/internal/service/ai_analysis_service.go:902.2,903.16 2 16
github.com/argusops/argusops/internal/service/ai_analysis_service.go:903.16,905.3 1 0
github.com/argusops/argusops/internal/service/ai_analysis_service.go:906.2,906.20 1 16
github.com/argusops/argusops/internal/service/ai_analysis_service.go:912.117,914.64 2 4
github.com/argusops/argusops/internal/service/ai_analysis_service.go:914.64,918.3 3 4
github.com/argusops/argusops/internal/service/ai_analysis_service.go:919.2,919.20 1 4
github.com/argusops/argusops/internal/service/ai_analysis_service.go:922.42,928.20 6 11
github.com/argusops/argusops/internal/service/ai_analysis_service.go:928.20,930.3 1 0
github.com/argusops/argusops/internal/service/ai_analysis_service.go:931.2,931.20 1 11
github.com/argusops/argusops/internal/service/ai_analysis_service.go:931.20,933.3 1 0
github.com/argusops/argusops/internal/service/ai_analysis_service.go:934.2,934.21 1 11
github.com/argusops/argusops/internal/service/ai_analysis_service.go:934.21,936.3 1 0
github.com/argusops/argusops/internal/service/ai_analysis_service.go:937.2,937.24 1 11
github.com/argusops/argusops/internal/service/ai_analysis_service.go:937.24,939.3 1 11
github.com/argusops/argusops/internal/service/ai_analysis_service.go:940.2,940.19 1 11
github.com/argusops/argusops/internal/service/ai_analysis_service.go:943.50,946.27 3 2
github.com/argusops/argusops/internal/service/ai_analysis_service.go:946.27,948.3 1 0
github.com/argusops/argusops/internal/service/ai_analysis_service.go:949.2,952.23 4 2
github.com/argusops/argusops/internal/service/ai_analysis_service.go:952.23,954.3 1 0
github.com/argusops/argusops/internal/service/ai_analysis_service.go:955.2,955.19 1 2
github.com/argusops/argusops/internal/service/alert_service.go:41.103,43.2 1 39
github.com/argusops/argusops/internal/service/alert_service.go:49.72,51.2 1 2
github.com/argusops/argusops/internal/service/alert_service.go:60.111,62.2 1 2
github.com/argusops/argusops/internal/service/alert_service.go:73.86,75.2 1 1
github.com/argusops/argusops/internal/service/alert_service.go:82.87,84.2 1 1
github.com/argusops/argusops/internal/service/alert_service.go:86.91,87.22 1 81
github.com/argusops/argusops/internal/service/alert_service.go:87.22,89.3 1 4
github.com/argusops/argusops/internal/service/alert_service.go:98.118,100.64 2 13
github.com/argusops/argusops/internal/service/alert_service.go:100.64,102.29 2 13
github.com/argusops/argusops/internal/service/alert_service.go:102.29,104.4 1 1
github.com/argusops/argusops/internal/service/alert_service.go:105.3,105.40 1 12
github.com/argusops/argusops/internal/service/alert_service.go:105.40,107.4 1 1
github.com/argusops/argusops/internal/service/alert_service.go:108.3,108.20 1 11
github.com/argusops/argusops/internal/service/alert_service.go:108.20,110.18 2 2
github.com/argusops/argusops/internal/service/alert_service.go:110.18,112.5 1 0
github.com/argusops/argusops/internal/service/alert_service.go:113.4,113.95 1 2
github.com/argusops/argusops/internal/service/alert_service.go:115.3,116.13 2 11
github.com/argusops/argusops/internal/service/alert_service.go:118.2,118.19 1 13
github.com/argusops/argusops/internal/service/alert_service.go:121.125,123.64 2 2
github.com/argusops/argusops/internal/service/alert_service.go:123.64,127.3 3 2
github.com/argusops/argusops/internal/service/alert_service.go:128.2,128.20 1 2
github.com/argusops/argusops/internal/service/alert_service.go:133.115,135.64 2 0
github.com/argusops/argusops/internal/service/alert_service.go:135.64,139.3 3 0
github.com/argusops/argusops/internal/service/alert_service.go:140.2,140.19 1 0
github.com/argusops/argusops/internal/service/alert_service.go:147.154,148.43 1 7
github.com/argusops/argusops/internal/service/alert_service.go:148.43,150.3 1 1
github.com/argusops/argusops/internal/service/alert_service.go:152.2,152.64 1 6
github.com/argusops/argusops/internal/service/alert_service.go:152.64,154.17 2 6
github.com/argusops/argusops/internal/service/alert_service.go:154.17,156.4 1 0
github.com/argusops/argusops/internal/service/alert_service.go:157.3,157.64 1 6
github.com/argusops/argusops/internal/service/alert_service.go:157.64,159.4 1 1
github.com/argusops/argusops/internal/service/alert_service.go:160.3,160.49 1 5
github.com/argusops/argusops/internal/service/alert_service.go:160.49,162.4 1 1
github.com/argusops/argusops/internal/service/alert_service.go:166.3,168.93 2 4
github.com/argusops/argusops/internal/service/alert_service.go:168.93,170.4 1 0
github.com/argusops/argusops/internal/service/alert_service.go:172.3,183.5 2 4
github.com/argusops/argusops/internal/service/alert_service.go:185.2,185.16 1 6
github.com/argusops/argusops/internal/service/alert_service.go:185.16,187.3 1 4
github.com/argusops/argusops/internal/service/alert_service.go:188.2,188.12 1 6
github.com/argusops/argusops/internal/service/alert_service.go:195.137,197.16 2 2
github.com/argusops/argusops/internal/service/alert_service.go:197.16,199.3 1 0
github.com/argusops/argusops/internal/service/alert_service.go:200.2,202.64 2 2
github.com/argusops/argusops/internal/service/alert_service.go:202.64,204.17 2 2
github.com/argusops/argusops/internal/service/alert_service.go:204.17,206.4 1 0
github.com/argusops/argusops/internal/service/alert_service.go:207.3,207.64 1 2
github.com/argusops/argusops/internal/service/alert_service.go:207.64,209.4 1 1
github.com/argusops/argusops/internal/service/alert_service.go:210.3,210.68 1 1
github.com/argusops/argusops/internal/service/alert_service.go:210.68,212.4 1 0
github.com/argusops/argusops/internal/service/alert_service.go:213.3,221.5 2 1
github.com/argusops/argusops/internal/service/alert_service.go:244.71,245.22 1 86
github.com/argusops/argusops/internal/service/alert_service.go:245.22,247.3 1 60
github.com/argusops/argusops/internal/service/alert_service.go:248.2,249.55 2 26
github.com/argusops/argusops/internal/service/alert_service.go:249.55,251.3 1 1
github.com/argusops/argusops/internal/service/alert_service.go:252.2,253.27 2 25
github.com/argusops/argusops/internal/service/alert_service.go:253.27,255.10 2 33
github.com/argusops/argusops/internal/service/alert_service.go:255.10,257.4 1 3
github.com/argusops/argusops/internal/service/alert_service.go:258.3,258.16 1 30
github.com/argusops/argusops/internal/service/alert_service.go:260.2,261.16 2 22
github.com/argusops/argusops/internal/service/alert_service.go:261.16,263.3 1 0
github.com/argusops/argusops/internal/service/alert_service.go:264.2,264.20 1 22
github.com/argusops/argusops/internal/service/alert_service.go:272.213,294.39 8 75
github.com/argusops/argusops/internal/service/alert_service.go:294.39,296.24 2 2
github.com/argusops/argusops/internal/service/alert_service.go:296.24,298.4 1 0
github.com/argusops/argusops/internal/service/alert_service.go:299.3,299.35 1 2
github.com/argusops/argusops/internal/service/alert_service.go:302.2,302.63 1 75
github.com/argusops/argusops/internal/service/alert_service.go:302.63,303.21 1 75
github.com/argusops/argusops/internal/service/alert_service.go:303.21,312.137 1 15
github.com/argusops/argusops/internal/service/alert_service.go:312.137,314.5 1 0
github.com/argusops/argusops/internal/service/alert_service.go:316.4,317.22 2 15
github.com/argusops/argusops/internal/service/alert_service.go:317.22,319.5 1 0
github.com/argusops/argusops/internal/service/alert_service.go:320.4,320.13 1 15
github.com/argusops/argusops/internal/service/alert_service.go:320.13,327.20 1 9
github.com/argusops/argusops/internal/service/alert_service.go:327.20,329.6 1 0
github.com/argusops/argusops/internal/service/alert_service.go:330.5,332.15 3 9
github.com/argusops/argusops/internal/service/alert_service.go:334.4,335.22 2 6
github.com/argusops/argusops/internal/service/alert_service.go:338.3,338.53 1 66
github.com/argusops/argusops/internal/service/alert_service.go:338.53,340.4 1 0
github.com/argusops/argusops/internal/service/alert_service.go:341.3,348.5 2 66
github.com/argusops/argusops/internal/service/alert_service.go:350.2,350.16 1 75
github.com/argusops/argusops/internal/service/alert_service.go:350.16,352.3 1 0
github.com/argusops/argusops/internal/service/alert_service.go:354.2,354.13 1 75
github.com/argusops/argusops/internal/service/alert_service.go:354.13,357.3 2 9
github.com/argusops/argusops/internal/service/alert_service.go:359.2,368.26 2 66
github.com/argusops/argusops/internal/service/alert_service.go:368.26,371.3 2 1
github.com/argusops/argusops/internal/service/alert_service.go:373.2,373.26 1 66
github.com/argusops/argusops/internal/service/alert_service.go:381.157,383.64 2 5
github.com/argusops/argusops/internal/service/alert_service.go:383.64,385.17 2 5
github.com/argusops/argusops/internal/service/alert_service.go:385.17,387.4 1 0
github.com/argusops/argusops/internal/service/alert_service.go:388.3,388.64 1 5
github.com/argusops/argusops/internal/service/alert_service.go:388.64,390.4 1 1
github.com/argusops/argusops/internal/service/alert_service.go:391.3,391.49 1 4
github.com/argusops/argusops/internal/service/alert_service.go:391.49,393.4 1 1
github.com/argusops/argusops/internal/service/alert_service.go:394.3,394.38 1 3
github.com/argusops/argusops/internal/service/alert_service.go:394.38,396.4 1 1
github.com/argusops/argusops/internal/service/alert_service.go:398.3,398.78 1 2
github.com/argusops/argusops/internal/service/alert_service.go:398.78,400.4 1 0
github.com/argusops/argusops/internal/service/alert_service.go:402.3,413.18 2 2
github.com/argusops/argusops/internal/service/alert_service.go:413.18,415.4 1 0
github.com/argusops/argusops/internal/service/alert_service.go:416.3,417.13 2 2
github.com/argusops/argusops/internal/service/alert_service.go:419.2,419.27 1 5
github.com/argusops/argusops/internal/service/alert_service.go:419.27,421.3 1 2
github.com/argusops/argusops/internal/service/alert_service.go:422.2,422.12 1 5
github.com/argusops/argusops/internal/service/alert_service.go:429.142,430.64 1 3
github.com/argusops/argusops/internal/service/alert_service.go:430.64,432.17 2 3
github.com/argusops/argusops/internal/service/alert_service.go:432.17,434.4 1 0
github.com/argusops/argusops/internal/service/alert_service.go:435.3,435.64 1 3
github.com/argusops/argusops/internal/service/alert_service.go:435.64,437.4 1 1
github.com/argusops/argusops/internal/service/alert_service.go:438.3,438.54 1 2
github.com/argusops/argusops/internal/service/alert_service.go:438.54,440.4 1 0
github.com/argusops/argusops/internal/service/alert_service.go:442.3,442.76 1 2
github.com/argusops/argusops/internal/service/alert_service.go:442.76,444.4 1 0
github.com/argusops/argusops/internal/service/alert_service.go:446.3,457.5 2 2
github.com/argusops/argusops/internal/service/alert_service.go:462.38,463.26 1 2
github.com/argusops/argusops/internal/service/alert_service.go:463.26,465.3 1 2
github.com/argusops/argusops/internal/service/alert_service.go:466.2,466.17 1 0
github.com/argusops/argusops/internal/service/alert_service.go:474.130,475.24 1 4
github.com/argusops/argusops/internal/service/alert_service.go:475.24,477.3 1 1
github.com/argusops/argusops/internal/service/alert_service.go:478.2,478.64 1 3
github.com/argusops/argusops/internal/service/alert_service.go:478.64,480.17 2 3
github.com/argusops/argusops/internal/service/alert_service.go:480.17,482.4 1 0
github.com/argusops/argusops/internal/service/alert_service.go:483.3,483.64 1 3
github.com/argusops/argusops/internal/service/alert_service.go:483.64,485.4 1 1
github.com/argusops/argusops/internal/service/alert_service.go:486.3,487.17 2 2
github.com/argusops/argusops/internal/service/alert_service.go:487.17,489.4 1 0
github.com/argusops/argusops/internal/service/alert_service.go:490.3,490.60 1 2
github.com/argusops/argusops/internal/service/alert_service.go:490.60,492.4 1 0
github.com/argusops/argusops/internal/service/alert_service.go:494.3,494.88 1 2
github.com/argusops/argusops/internal/service/alert_service.go:494.88,496.4 1 0
github.com/argusops/argusops/internal/service/alert_service.go:498.3,506.5 2 2
github.com/argusops/argusops/internal/service/alert_service.go:510.123,511.64 1 1
github.com/argusops/argusops/internal/service/alert_service.go:511.64,513.17 2 1
github.com/argusops/argusops/internal/service/alert_service.go:513.17,515.4 1 0
github.com/argusops/argusops/internal/service/alert_service.go:516.3,516.64 1 1
github.com/argusops/argusops/internal/service/alert_service.go:516.64,518.4 1 0
github.com/argusops/argusops/internal/service/alert_service.go:519.3,519.55 1 1
github.com/argusops/argusops/internal/service/alert_service.go:523.133,525.64 2 4
github.com/argusops/argusops/internal/service/alert_service.go:525.64,527.17 2 4
github.com/argusops/argusops/internal/service/alert_service.go:527.17,529.4 1 0
github.com/argusops/argusops/internal/service/alert_service.go:530.3,530.64 1 4
github.com/argusops/argusops/internal/service/alert_service.go:530.64,532.4 1 0
github.com/argusops/argusops/internal/service/alert_service.go:533.3,534.17 2 4
github.com/argusops/argusops/internal/service/alert_service.go:534.17,536.4 1 0
github.com/argusops/argusops/internal/service/alert_service.go:537.3,537.25 1 4
github.com/argusops/argusops/internal/service/alert_service.go:537.25,538.40 1 2
github.com/argusops/argusops/internal/service/alert_service.go:538.40,540.5 1 2
github.com/argusops/argusops/internal/service/alert_service.go:542.3,542.13 1 4
github.com/argusops/argusops/internal/service/alert_service.go:544.2,544.20 1 4
github.com/argusops/argusops/internal/service/alert_service.go:552.144,553.64 1 4
github.com/argusops/argusops/internal/service/alert_service.go:553.64,555.17 2 4
github.com/argusops/argusops/internal/service/alert_service.go:555.17,557.4 1 0
github.com/argusops/argusops/internal/service/alert_service.go:558.3,558.64 1 4
github.com/argusops/argusops/internal/service/alert_service.go:558.64,560.4 1 0
github.com/argusops/argusops/internal/service/alert_service.go:561.3,561.49 1 4
github.com/argusops/argusops/internal/service/alert_service.go:561.49,563.4 1 1
github.com/argusops/argusops/internal/service/alert_service.go:565.3,565.60 1 3
github.com/argusops/argusops/internal/service/alert_service.go:565.60,567.4 1 0
github.com/argusops/argusops/internal/service/alert_service.go:569.3,581.5 2 3
github.com/argusops/argusops/internal/service/alert_service.go:589.173,598.64 2 1
github.com/argusops/argusops/internal/service/alert_service.go:598.64,600.3 1 1
github.com/argusops/argusops/internal/service/alert_service.go:601.2,601.16 1 1
github.com/argusops/argusops/internal/service/alert_service.go:601.16,603.3 1 0
github.com/argusops/argusops/internal/service/alert_service.go:604.2,604.15 1 1
github.com/argusops/argusops/internal/service/alert_service.go:607.114,609.64 2 2
github.com/argusops/argusops/internal/service/alert_service.go:609.64,613.3 3 2
github.com/argusops/argusops/internal/service/alert_service.go:614.2,614.22 1 2
github.com/argusops/argusops/internal/service/audit_export_service.go:27.97,29.2 1 2
github.com/argusops/argusops/internal/service/audit_export_service.go:43.147,45.64 2 5
github.com/argusops/argusops/internal/service/audit_export_service.go:45.64,48.20 3 5
github.com/argusops/argusops/internal/service/audit_export_service.go:48.20,51.4 2 1
github.com/argusops/argusops/internal/service/audit_export_service.go:52.3,54.13 3 5
github.com/argusops/argusops/internal/service/audit_export_service.go:56.2,56.16 1 5
github.com/argusops/argusops/internal/service/audit_export_service.go:56.16,58.3 1 0
github.com/argusops/argusops/internal/service/audit_export_service.go:60.2,61.27 2 5
github.com/argusops/argusops/internal/service/audit_export_service.go:61.27,63.3 1 2
github.com/argusops/argusops/internal/service/audit_export_service.go:65.2,66.26 2 5
github.com/argusops/argusops/internal/service/audit_export_service.go:66.26,69.3 2 1
github.com/argusops/argusops/internal/service/audit_export_service.go:70.2,70.25 1 5
github.com/argusops/argusops/internal/service/auth_service.go:34.213,36.2 1 13
github.com/argusops/argusops/internal/service/auth_service.go:47.45,49.42 2 11
github.com/argusops/argusops/internal/service/auth_service.go:49.42,51.3 1 0
github.com/argusops/argusops/internal/service/auth_service.go:52.2,52.76 1 11
github.com/argusops/argusops/internal/service/auth_service.go:55.44,58.2 2 15
github.com/argusops/argusops/internal/service/auth_service.go:64.117,66.16 2 11
github.com/argusops/argusops/internal/service/auth_service.go:66.16,68.3 1 0
github.com/argusops/argusops/internal/service/auth_service.go:69.2,75.60 2 11
github.com/argusops/argusops/internal/service/auth_service.go:75.60,77.3 1 0
github.com/argusops/argusops/internal/service/auth_service.go:78.2,78.23 1 11
github.com/argusops/argusops/internal/service/auth_service.go:84.89,86.2 1 1
github.com/argusops/argusops/internal/service/auth_service.go:93.137,96.64 3 6
github.com/argusops/argusops/internal/service/auth_service.go:96.64,98.17 2 6
github.com/argusops/argusops/internal/service/auth_service.go:98.17,100.4 1 0
github.com/argusops/argusops/internal/service/auth_service.go:101.3,101.101 1 6
github.com/argusops/argusops/internal/service/auth_service.go:101.101,103.4 1 2
github.com/argusops/argusops/internal/service/auth_service.go:105.3,106.24 2 4
github.com/argusops/argusops/internal/service/auth_service.go:106.24,108.4 1 1
github.com/argusops/argusops/internal/service/auth_service.go:110.3,110.63 1 3
github.com/argusops/argusops/internal/service/auth_service.go:110.63,112.4 1 0
github.com/argusops/argusops/internal/service/auth_service.go:113.3,114.17 2 3
github.com/argusops/argusops/internal/service/auth_service.go:114.17,116.4 1 0
github.com/argusops/argusops/internal/service/auth_service.go:117.3,119.13 3 3
github.com/argusops/argusops/internal/service/auth_service.go:121.2,121.16 1 6
github.com/argusops/argusops/internal/service/auth_service.go:121.16,123.3 1 0
github.com/argusops/argusops/internal/service/auth_service.go:124.2,124.17 1 6
github.com/argusops/argusops/internal/service/auth_service.go:124.17,126.3 1 3
github.com/argusops/argusops/internal/service/auth_service.go:128.2,129.16 2 3
github.com/argusops/argusops/internal/service/auth_service.go:129.16,131.3 1 0
github.com/argusops/argusops/internal/service/auth_service.go:132.2,132.39 1 3
github.com/argusops/argusops/internal/service/auth_service.go:140.117,143.64 3 4
github.com/argusops/argusops/internal/service/auth_service.go:143.64,145.17 2 4
github.com/argusops/argusops/internal/service/auth_service.go:145.17,147.4 1 0
github.com/argusops/argusops/internal/service/auth_service.go:148.3,148.74 1 4
github.com/argusops/argusops/internal/service/auth_service.go:148.74,150.4 1 3
github.com/argusops/argusops/internal/service/auth_service.go:152.3,153.17 2 1
github.com/argusops/argusops/internal/service/auth_service.go:153.17,155.4 1 0
github.com/argusops/argusops/internal/service/auth_service.go:156.3,156.30 1 1
github.com/argusops/argusops/internal/service/auth_service.go:156.30,158.4 1 0
github.com/argusops/argusops/internal/service/auth_service.go:160.3,160.64 1 1
github.com/argusops/argusops/internal/service/auth_service.go:160.64,162.4 1 0
github.com/argusops/argusops/internal/service/auth_service.go:163.3,164.17 2 1
github.com/argusops/argusops/internal/service/auth_service.go:164.17,166.4 1 0
github.com/argusops/argusops/internal/service/auth_service.go:167.3,169.13 3 1
github.com/argusops/argusops/internal/service/auth_service.go:171.2,171.16 1 4
github.com/argusops/argusops/internal/service/auth_service.go:171.16,173.3 1 0
github.com/argusops/argusops/internal/service/auth_service.go:174.2,174.17 1 4
github.com/argusops/argusops/internal/service/auth_service.go:174.17,176.3 1 3
github.com/argusops/argusops/internal/service/auth_service.go:178.2,179.16 2 1
github.com/argusops/argusops/internal/service/auth_service.go:179.16,181.3 1 0
github.com/argusops/argusops/internal/service/auth_service.go:182.2,182.36 1 1
github.com/argusops/argusops/internal/service/auth_service.go:189.93,190.64 1 1
github.com/argusops/argusops/internal/service/auth_service.go:190.64,192.3 1 1
github.com/argusops/argusops/internal/service/auth_service.go:201.140,202.26 1 3
github.com/argusops/argusops/internal/service/auth_service.go:202.26,204.3 1 1
github.com/argusops/argusops/internal/service/auth_service.go:206.2,207.64 2 2
github.com/argusops/argusops/internal/service/auth_service.go:207.64,209.17 2 2
github.com/argusops/argusops/internal/service/auth_service.go:209.17,211.4 1 0
github.com/argusops/argusops/internal/service/auth_service.go:212.3,212.86 1 2
github.com/argusops/argusops/internal/service/auth_service.go:212.86,214.4 1 0
github.com/argusops/argusops/internal/service/auth_service.go:215.3,216.24 2 2
github.com/argusops/argusops/internal/service/auth_service.go:216.24,218.4 1 1
github.com/argusops/argusops/internal/service/auth_service.go:220.3,221.17 2 1
github.com/argusops/argusops/internal/service/auth_service.go:221.17,223.4 1 0
github.com/argusops/argusops/internal/service/auth_service.go:224.3,224.71 1 1
github.com/argusops/argusops/internal/service/auth_service.go:224.71,226.4 1 0
github.com/argusops/argusops/internal/service/auth_service.go:227.3,229.13 3 1
github.com/argusops/argusops/internal/service/auth_service.go:231.2,231.16 1 2
github.com/argusops/argusops/internal/service/auth_service.go:231.16,233.3 1 1
github.com/argusops/argusops/internal/service/auth_service.go:235.2,236.16 2 1
github.com/argusops/argusops/internal/service/auth_service.go:236.16,238.3 1 0
github.com/argusops/argusops/internal/service/auth_service.go:239.2,239.19 1 1
github.com/argusops/argusops/internal/service/auth_service.go:249.145,252.16 3 5
github.com/argusops/argusops/internal/service/auth_service.go:252.16,254.3 1 1
github.com/argusops/argusops/internal/service/auth_service.go:255.2,255.17 1 4
github.com/argusops/argusops/internal/service/auth_service.go:255.17,257.3 1 0
github.com/argusops/argusops/internal/service/auth_service.go:259.2,260.64 2 4
github.com/argusops/argusops/internal/service/auth_service.go:260.64,262.17 2 4
github.com/argusops/argusops/internal/service/auth_service.go:262.17,264.4 1 0
github.com/argusops/argusops/internal/service/auth_service.go:265.3,265.61 1 4
github.com/argusops/argusops/internal/service/auth_service.go:265.61,267.4 1 1
github.com/argusops/argusops/internal/service/auth_service.go:269.3,269.23 1 3
github.com/argusops/argusops/internal/service/auth_service.go:269.23,270.29 1 2
github.com/argusops/argusops/internal/service/auth_service.go:270.29,272.5 1 0
github.com/argusops/argusops/internal/service/auth_service.go:273.4,274.25 2 2
github.com/argusops/argusops/internal/service/auth_service.go:274.25,276.5 1 1
github.com/argusops/argusops/internal/service/auth_service.go:279.3,279.77 1 2
github.com/argusops/argusops/internal/service/auth_service.go:279.77,281.4 1 0
github.com/argusops/argusops/internal/service/auth_service.go:282.3,285.13 4 2
github.com/argusops/argusops/internal/service/auth_service.go:287.2,287.16 1 4
github.com/argusops/argusops/internal/service/auth_service.go:287.16,289.3 1 2
github.com/argusops/argusops/internal/service/auth_service.go:290.2,290.18 1 2
github.com/argusops/argusops/internal/service/auth_service.go:302.200,305.64 3 7
github.com/argusops/argusops/internal/service/auth_service.go:305.64,307.17 2 7
github.com/argusops/argusops/internal/service/auth_service.go:307.17,309.4 1 0
github.com/argusops/argusops/internal/service/auth_service.go:311.3,313.32 2 7
github.com/argusops/argusops/internal/service/auth_service.go:313.32,314.31 1 3
github.com/argusops/argusops/internal/service/auth_service.go:314.31,315.59 1 1
github.com/argusops/argusops/internal/service/auth_service.go:315.59,317.23 2 1
github.com/argusops/argusops/internal/service/auth_service.go:321.3,321.25 1 7
github.com/argusops/argusops/internal/service/auth_service.go:321.25,323.18 2 6
github.com/argusops/argusops/internal/service/auth_service.go:323.18,325.5 1 0
github.com/argusops/argusops/internal/service/auth_service.go:328.3,336.61 2 7
github.com/argusops/argusops/internal/service/auth_service.go:336.61,338.4 1 0
github.com/argusops/argusops/internal/service/auth_service.go:339.3,340.17 2 7
github.com/argusops/argusops/internal/service/auth_service.go:340.17,342.4 1 0
github.com/argusops/argusops/internal/service/auth_service.go:343.3,350.17 3 7
github.com/argusops/argusops/internal/service/auth_service.go:350.17,352.4 1 0
github.com/argusops/argusops/internal/service/auth_service.go:353.3,354.13 2 7
github.com/argusops/argusops/internal/service/auth_service.go:356.2,356.16 1 7
github.com/argusops/argusops/internal/service/auth_service.go:356.16,358.3 1 0
github.com/argusops/argusops/internal/service/auth_service.go:360.2,361.16 2 7
github.com/argusops/argusops/internal/service/auth_service.go:361.16,363.3 1 0
github.com/argusops/argusops/internal/service/auth_service.go:364.2,364.39 1 7
github.com/argusops/argusops/internal/service/dashboard_service.go:22.147,24.2 1 7
github.com/argusops/argusops/internal/service/dashboard_service.go:26.138,28.64 2 3
github.com/argusops/argusops/internal/service/dashboard_service.go:28.64,32.3 3 3
github.com/argusops/argusops/internal/service/dashboard_service.go:33.2,33.19 1 3
github.com/argusops/argusops/internal/service/dashboard_service.go:42.181,43.16 1 4
github.com/argusops/argusops/internal/service/dashboard_service.go:43.16,45.3 1 4
github.com/argusops/argusops/internal/service/dashboard_service.go:46.2,47.64 2 4
github.com/argusops/argusops/internal/service/dashboard_service.go:47.64,51.3 3 4
github.com/argusops/argusops/internal/service/dashboard_service.go:52.2,52.20 1 4
github.com/argusops/argusops/internal/service/dashboard_service.go:67.155,76.16 3 2
github.com/argusops/argusops/internal/service/dashboard_service.go:76.16,78.3 1 0
github.com/argusops/argusops/internal/service/dashboard_service.go:80.2,87.16 2 2
github.com/argusops/argusops/internal/service/dashboard_service.go:87.16,89.3 1 0
github.com/argusops/argusops/internal/service/dashboard_service.go:91.2,91.72 1 2
github.com/argusops/argusops/internal/service/escalation_policy_service.go:29.139,31.2 1 3
github.com/argusops/argusops/internal/service/escalation_policy_service.go:33.116,35.64 2 2
github.com/argusops/argusops/internal/service/escalation_policy_service.go:35.64,39.3 3 2
github.com/argusops/argusops/internal/service/escalation_policy_service.go:40.2,40.22 1 2
github.com/argusops/argusops/internal/service/escalation_policy_service.go:43.76,44.21 1 10
github.com/argusops/argusops/internal/service/escalation_policy_service.go:45.105,46.14 1 9
github.com/argusops/argusops/internal/service/escalation_policy_service.go:47.10,48.15 1 1
github.com/argusops/argusops/internal/service/escalation_policy_service.go:59.266,60.37 1 11
github.com/argusops/argusops/internal/service/escalation_policy_service.go:60.37,62.3 1 1
github.com/argusops/argusops/internal/service/escalation_policy_service.go:63.2,63.42 1 10
github.com/argusops/argusops/internal/service/escalation_policy_service.go:63.42,65.3 1 1
github.com/argusops/argusops/internal/service/escalation_policy_service.go:67.2,71.84 2 9
github.com/argusops/argusops/internal/service/escalation_policy_service.go:71.84,79.34 2 3
github.com/argusops/argusops/internal/service/escalation_policy_service.go:79.34,81.4 1 1
github.com/argusops/argusops/internal/service/escalation_policy_service.go:82.3,82.53 1 2
github.com/argusops/argusops/internal/service/escalation_policy_service.go:84.2,84.64 1 8
github.com/argusops/argusops/internal/service/escalation_policy_service.go:84.64,86.24 2 8
github.com/argusops/argusops/internal/service/escalation_policy_service.go:86.24,88.18 2 6
github.com/argusops/argusops/internal/service/escalation_policy_service.go:88.18,90.5 1 0
github.com/argusops/argusops/internal/service/escalation_policy_service.go:91.4,91.11 1 6
github.com/argusops/argusops/internal/service/escalation_policy_service.go:92.9,92.101 1 2
github.com/argusops/argusops/internal/service/escalation_policy_service.go:92.101,94.4 1 1
github.com/argusops/argusops/internal/service/escalation_policy_service.go:95.3,95.16 1 8
github.com/argusops/argusops/internal/service/escalation_policy_service.go:95.16,97.4 1 1
github.com/argusops/argusops/internal/service/escalation_policy_service.go:99.3,100.35 2 7
github.com/argusops/argusops/internal/service/escalation_policy_service.go:102.2,102.16 1 8
github.com/argusops/argusops/internal/service/escalation_policy_service.go:102.16,104.3 1 1
github.com/argusops/argusops/internal/service/escalation_policy_service.go:105.2,105.15 1 7
github.com/argusops/argusops/internal/service/escalation_policy_service.go:112.113,114.64 2 2
github.com/argusops/argusops/internal/service/escalation_policy_service.go:114.64,118.3 3 2
github.com/argusops/argusops/internal/service/escalation_policy_service.go:119.2,119.16 1 2
github.com/argusops/argusops/internal/service/escalation_policy_service.go:119.16,121.3 1 0
github.com/argusops/argusops/internal/service/escalation_policy_service.go:122.2,122.14 1 2
github.com/argusops/argusops/internal/service/escalation_policy_service.go:122.14,124.3 1 1
github.com/argusops/argusops/internal/service/escalation_policy_service.go:126.2,127.16 2 1
github.com/argusops/argusops/internal/service/escalation_policy_service.go:127.16,129.3 1 0
github.com/argusops/argusops/internal/service/escalation_policy_service.go:130.2,131.16 2 1
github.com/argusops/argusops/internal/service/escalation_policy_service.go:131.16,133.3 1 0
github.com/argusops/argusops/internal/service/escalation_policy_service.go:135.2,140.4 1 1
github.com/argusops/argusops/internal/service/escalation_policy_service.go:143.93,144.64 1 1
github.com/argusops/argusops/internal/service/escalation_policy_service.go:144.64,146.3 1 1
github.com/argusops/argusops/internal/service/field_mapping_template_service.go:21.130,23.2 1 3
github.com/argusops/argusops/internal/service/field_mapping_template_service.go:25.124,27.64 2 1
github.com/argusops/argusops/internal/service/field_mapping_template_service.go:27.64,31.3 3 1
github.com/argusops/argusops/internal/service/field_mapping_template_service.go:32.2,32.23 1 1
github.com/argusops/argusops/internal/service/field_mapping_template_service.go:35.126,37.64 2 3
github.com/argusops/argusops/internal/service/field_mapping_template_service.go:37.64,41.3 3 3
github.com/argusops/argusops/internal/service/field_mapping_template_service.go:42.2,42.15 1 3
github.com/argusops/argusops/internal/service/field_mapping_template_service.go:45.180,47.16 2 3
github.com/argusops/argusops/internal/service/field_mapping_template_service.go:47.16,49.3 1 1
github.com/argusops/argusops/internal/service/field_mapping_template_service.go:50.2,51.63 2 2
github.com/argusops/argusops/internal/service/field_mapping_template_service.go:51.63,53.3 1 2
github.com/argusops/argusops/internal/service/field_mapping_template_service.go:54.2,54.16 1 2
github.com/argusops/argusops/internal/service/field_mapping_template_service.go:54.16,56.3 1 0
github.com/argusops/argusops/internal/service/field_mapping_template_service.go:57.2,57.15 1 2
github.com/argusops/argusops/internal/service/field_mapping_template_service.go:60.175,62.16 2 2
github.com/argusops/argusops/internal/service/field_mapping_template_service.go:62.16,64.3 1 1
github.com/argusops/argusops/internal/service/field_mapping_template_service.go:65.2,66.63 2 1
github.com/argusops/argusops/internal/service/field_mapping_template_service.go:66.63,68.3 1 1
github.com/argusops/argusops/internal/service/field_mapping_template_service.go:69.2,69.16 1 1
github.com/argusops/argusops/internal/service/field_mapping_template_service.go:69.16,71.3 1 0
github.com/argusops/argusops/internal/service/field_mapping_template_service.go:72.2,72.15 1 1
github.com/argusops/argusops/internal/service/field_mapping_template_service.go:75.97,76.64 1 1
github.com/argusops/argusops/internal/service/field_mapping_template_service.go:76.64,78.3 1 1
github.com/argusops/argusops/internal/service/field_mapping_template_service.go:88.124,90.16 2 5
github.com/argusops/argusops/internal/service/field_mapping_template_service.go:90.16,92.3 1 2
github.com/argusops/argusops/internal/service/field_mapping_template_service.go:93.2,94.26 2 3
github.com/argusops/argusops/internal/service/field_mapping_template_service.go:94.26,97.32 3 6
github.com/argusops/argusops/internal/service/field_mapping_template_service.go:97.32,98.12 1 4
github.com/argusops/argusops/internal/service/field_mapping_template_service.go:100.3,100.83 1 2
github.com/argusops/argusops/internal/service/field_mapping_template_service.go:102.2,102.27 1 3
github.com/argusops/argusops/internal/service/identity_config_service.go:35.133,37.2 1 2
github.com/argusops/argusops/internal/service/identity_config_service.go:43.85,45.2 1 1
github.com/argusops/argusops/internal/service/identity_config_service.go:59.119,60.64 1 3
github.com/argusops/argusops/internal/service/identity_config_service.go:60.64,62.28 2 3
github.com/argusops/argusops/internal/service/identity_config_service.go:62.28,64.18 2 1
github.com/argusops/argusops/internal/service/identity_config_service.go:64.18,66.5 1 0
github.com/argusops/argusops/internal/service/identity_config_service.go:67.4,67.11 1 1
github.com/argusops/argusops/internal/service/identity_config_service.go:68.9,68.91 1 2
github.com/argusops/argusops/internal/service/identity_config_service.go:68.91,70.4 1 1
github.com/argusops/argusops/internal/service/identity_config_service.go:71.3,71.16 1 3
github.com/argusops/argusops/internal/service/identity_config_service.go:71.16,73.4 1 1
github.com/argusops/argusops/internal/service/identity_config_service.go:75.3,80.5 1 2
github.com/argusops/argusops/internal/service/identity_config_service.go:84.116,86.64 2 3
github.com/argusops/argusops/internal/service/identity_config_service.go:86.64,90.3 3 3
github.com/argusops/argusops/internal/service/identity_config_service.go:91.2,91.17 1 3
github.com/argusops/argusops/internal/service/identity_config_service.go:108.119,109.64 1 2
github.com/argusops/argusops/internal/service/identity_config_service.go:109.64,111.17 2 2
github.com/argusops/argusops/internal/service/identity_config_service.go:111.17,113.4 1 0
github.com/argusops/argusops/internal/service/identity_config_service.go:115.3,116.22 2 2
github.com/argusops/argusops/internal/service/identity_config_service.go:116.22,118.4 1 1
github.com/argusops/argusops/internal/service/identity_config_service.go:118.9,120.18 2 1
github.com/argusops/argusops/internal/service/identity_config_service.go:120.18,122.5 1 0
github.com/argusops/argusops/internal/service/identity_config_service.go:123.4,124.18 2 1
github.com/argusops/argusops/internal/service/identity_config_service.go:124.18,126.5 1 0
github.com/argusops/argusops/internal/service/identity_config_service.go:127.4,128.18 2 1
github.com/argusops/argusops/internal/service/identity_config_service.go:128.18,130.5 1 0
github.com/argusops/argusops/internal/service/identity_config_service.go:133.3,137.5 1 2
github.com/argusops/argusops/internal/service/identity_config_service.go:139.2,139.48 1 2
github.com/argusops/argusops/internal/service/identity_config_service.go:139.48,141.3 1 0
github.com/argusops/argusops/internal/service/identity_config_service.go:142.2,142.12 1 2
github.com/argusops/argusops/internal/service/identity_config_service.go:145.116,147.64 2 4
github.com/argusops/argusops/internal/service/identity_config_service.go:147.64,151.3 3 4
github.com/argusops/argusops/internal/service/identity_config_service.go:152.2,152.17 1 4
github.com/argusops/argusops/internal/service/identity_config_service.go:158.97,159.64 1 1
github.com/argusops/argusops/internal/service/identity_config_service.go:159.64,161.3 1 1
github.com/argusops/argusops/internal/service/identity_config_service.go:169.97,170.64 1 2
github.com/argusops/argusops/internal/service/identity_config_service.go:170.64,172.3 1 2
github.com/argusops/argusops/internal/service/identity_config_service.go:173.2,173.48 1 2
github.com/argusops/argusops/internal/service/identity_config_service.go:173.48,175.3 1 1
github.com/argusops/argusops/internal/service/identity_config_service.go:176.2,176.12 1 2
github.com/argusops/argusops/internal/service/incident_service.go:28.171,30.2 1 26
github.com/argusops/argusops/internal/service/incident_service.go:35.114,37.2 1 2
github.com/argusops/argusops/internal/service/incident_service.go:43.90,45.2 1 0
github.com/argusops/argusops/internal/service/incident_service.go:47.87,48.22 1 27
github.com/argusops/argusops/internal/service/incident_service.go:48.22,50.3 1 3
github.com/argusops/argusops/internal/service/incident_service.go:58.127,60.29 2 32
github.com/argusops/argusops/internal/service/incident_service.go:60.29,62.17 2 14
github.com/argusops/argusops/internal/service/incident_service.go:62.17,63.37 1 0
github.com/argusops/argusops/internal/service/incident_service.go:63.37,65.5 1 0
github.com/argusops/argusops/internal/service/incident_service.go:66.4,66.58 1 0
github.com/argusops/argusops/internal/service/incident_service.go:68.3,68.30 1 14
github.com/argusops/argusops/internal/service/incident_service.go:68.30,70.4 1 3
github.com/argusops/argusops/internal/service/incident_service.go:71.3,71.76 1 11
github.com/argusops/argusops/internal/service/incident_service.go:73.2,73.23 1 29
github.com/argusops/argusops/internal/service/incident_service.go:79.124,81.64 2 19
github.com/argusops/argusops/internal/service/incident_service.go:81.64,83.29 2 19
github.com/argusops/argusops/internal/service/incident_service.go:83.29,85.4 1 2
github.com/argusops/argusops/internal/service/incident_service.go:86.3,86.40 1 17
github.com/argusops/argusops/internal/service/incident_service.go:86.40,88.4 1 2
github.com/argusops/argusops/internal/service/incident_service.go:89.3,89.20 1 15
github.com/argusops/argusops/internal/service/incident_service.go:89.20,91.18 2 0
github.com/argusops/argusops/internal/service/incident_service.go:91.18,93.5 1 0
github.com/argusops/argusops/internal/service/incident_service.go:94.4,94.95 1 0
github.com/argusops/argusops/internal/service/incident_service.go:96.3,97.13 2 15
github.com/argusops/argusops/internal/service/incident_service.go:99.2,99.17 1 19
github.com/argusops/argusops/internal/service/incident_service.go:102.134,104.64 2 2
github.com/argusops/argusops/internal/service/incident_service.go:104.64,108.3 3 2
github.com/argusops/argusops/internal/service/incident_service.go:109.2,109.23 1 2
github.com/argusops/argusops/internal/service/incident_service.go:114.121,116.64 2 0
github.com/argusops/argusops/internal/service/incident_service.go:116.64,120.3 3 0
github.com/argusops/argusops/internal/service/incident_service.go:121.2,121.19 1 0
github.com/argusops/argusops/internal/service/incident_service.go:126.141,130.16 2 23
github.com/argusops/argusops/internal/service/incident_service.go:130.16,132.3 1 0
github.com/argusops/argusops/internal/service/incident_service.go:134.2,144.63 2 23
github.com/argusops/argusops/internal/service/incident_service.go:144.63,146.17 2 23
github.com/argusops/argusops/internal/service/incident_service.go:146.17,148.4 1 1
github.com/argusops/argusops/internal/service/incident_service.go:149.3,150.17 2 22
github.com/argusops/argusops/internal/service/incident_service.go:150.17,152.4 1 0
github.com/argusops/argusops/internal/service/incident_service.go:153.3,154.53 2 22
github.com/argusops/argusops/internal/service/incident_service.go:154.53,156.4 1 0
github.com/argusops/argusops/internal/service/incident_service.go:157.3,157.88 1 22
github.com/argusops/argusops/internal/service/incident_service.go:157.88,159.4 1 0
github.com/argusops/argusops/internal/service/incident_service.go:160.3,161.98 2 22
github.com/argusops/argusops/internal/service/incident_service.go:161.98,163.4 1 0
github.com/argusops/argusops/internal/service/incident_service.go:164.3,172.5 2 22
github.com/argusops/argusops/internal/service/incident_service.go:174.2,174.16 1 23
github.com/argusops/argusops/internal/service/incident_service.go:174.16,176.3 1 1
github.com/argusops/argusops/internal/service/incident_service.go:177.2,178.17 2 22
github.com/argusops/argusops/internal/service/incident_service.go:187.160,189.64 2 9
github.com/argusops/argusops/internal/service/incident_service.go:189.64,191.17 2 9
github.com/argusops/argusops/internal/service/incident_service.go:191.17,193.4 1 0
github.com/argusops/argusops/internal/service/incident_service.go:194.3,194.64 1 9
github.com/argusops/argusops/internal/service/incident_service.go:194.64,196.4 1 1
github.com/argusops/argusops/internal/service/incident_service.go:197.3,197.32 1 8
github.com/argusops/argusops/internal/service/incident_service.go:197.32,199.4 1 3
github.com/argusops/argusops/internal/service/incident_service.go:201.3,201.75 1 5
github.com/argusops/argusops/internal/service/incident_service.go:201.75,203.4 1 0
github.com/argusops/argusops/internal/service/incident_service.go:204.3,204.95 1 5
github.com/argusops/argusops/internal/service/incident_service.go:204.95,206.4 1 0
github.com/argusops/argusops/internal/service/incident_service.go:208.3,219.18 2 5
github.com/argusops/argusops/internal/service/incident_service.go:219.18,221.4 1 0
github.com/argusops/argusops/internal/service/incident_service.go:223.3,223.45 1 5
github.com/argusops/argusops/internal/service/incident_service.go:223.45,230.19 1 5
github.com/argusops/argusops/internal/service/incident_service.go:230.19,232.5 1 0
github.com/argusops/argusops/internal/service/incident_service.go:234.3,235.13 2 5
github.com/argusops/argusops/internal/service/incident_service.go:237.2,237.27 1 9
github.com/argusops/argusops/internal/service/incident_service.go:237.27,239.3 1 5
github.com/argusops/argusops/internal/service/incident_service.go:240.2,240.12 1 9
github.com/argusops/argusops/internal/service/incident_service.go:255.123,256.113 1 3
github.com/argusops/argusops/internal/service/incident_service.go:256.113,258.3 1 0
github.com/argusops/argusops/internal/service/incident_service.go:259.2,259.64 1 3
github.com/argusops/argusops/internal/service/incident_service.go:259.64,260.64 1 3
github.com/argusops/argusops/internal/service/incident_service.go:260.64,262.4 1 0
github.com/argusops/argusops/internal/service/incident_service.go:263.3,270.5 1 3
github.com/argusops/argusops/internal/service/incident_service.go:274.56,276.30 2 5
github.com/argusops/argusops/internal/service/incident_service.go:276.30,278.3 1 0
github.com/argusops/argusops/internal/service/incident_service.go:279.2,279.26 1 5
github.com/argusops/argusops/internal/service/incident_service.go:286.151,287.64 1 4
github.com/argusops/argusops/internal/service/incident_service.go:287.64,289.17 2 4
github.com/argusops/argusops/internal/service/incident_service.go:289.17,291.4 1 0
github.com/argusops/argusops/internal/service/incident_service.go:292.3,292.64 1 4
github.com/argusops/argusops/internal/service/incident_service.go:292.64,294.4 1 1
github.com/argusops/argusops/internal/service/incident_service.go:295.3,296.17 2 3
github.com/argusops/argusops/internal/service/incident_service.go:296.17,298.4 1 1
github.com/argusops/argusops/internal/service/incident_service.go:299.3,299.85 1 2
github.com/argusops/argusops/internal/service/incident_service.go:299.85,301.4 1 0
github.com/argusops/argusops/internal/service/incident_service.go:302.3,303.31 2 2
github.com/argusops/argusops/internal/service/incident_service.go:303.31,305.4 1 3
github.com/argusops/argusops/internal/service/incident_service.go:306.3,314.5 2 2
github.com/argusops/argusops/internal/service/incident_service.go:324.172,325.19 1 9
github.com/argusops/argusops/internal/service/incident_service.go:325.19,327.3 1 1
github.com/argusops/argusops/internal/service/incident_service.go:328.2,328.47 1 8
github.com/argusops/argusops/internal/service/incident_service.go:328.47,330.3 1 1
github.com/argusops/argusops/internal/service/incident_service.go:332.2,332.64 1 7
github.com/argusops/argusops/internal/service/incident_service.go:332.64,334.17 2 7
github.com/argusops/argusops/internal/service/incident_service.go:334.17,336.4 1 0
github.com/argusops/argusops/internal/service/incident_service.go:337.3,337.64 1 7
github.com/argusops/argusops/internal/service/incident_service.go:337.64,339.4 1 1
github.com/argusops/argusops/internal/service/incident_service.go:340.3,341.17 2 6
github.com/argusops/argusops/internal/service/incident_service.go:341.17,343.4 1 1
github.com/argusops/argusops/internal/service/incident_service.go:344.3,344.86 1 5
github.com/argusops/argusops/internal/service/incident_service.go:344.86,346.4 1 0
github.com/argusops/argusops/internal/service/incident_service.go:348.3,349.26 2 5
github.com/argusops/argusops/internal/service/incident_service.go:349.26,351.4 1 1
github.com/argusops/argusops/internal/service/incident_service.go:352.3,353.31 2 5
github.com/argusops/argusops/internal/service/incident_service.go:353.31,355.4 1 5
github.com/argusops/argusops/internal/service/incident_service.go:356.3,364.5 2 5
github.com/argusops/argusops/internal/service/incident_service.go:370.200,371.64 1 3
github.com/argusops/argusops/internal/service/incident_service.go:371.64,373.17 2 3
github.com/argusops/argusops/internal/service/incident_service.go:373.17,375.4 1 0
github.com/argusops/argusops/internal/service/incident_service.go:376.3,376.64 1 3
github.com/argusops/argusops/internal/service/incident_service.go:376.64,378.4 1 0
github.com/argusops/argusops/internal/service/incident_service.go:379.3,380.17 2 3
github.com/argusops/argusops/internal/service/incident_service.go:380.17,382.4 1 0
github.com/argusops/argusops/internal/service/incident_service.go:383.3,383.103 1 3
github.com/argusops/argusops/internal/service/incident_service.go:383.103,385.4 1 0
github.com/argusops/argusops/internal/service/incident_service.go:386.3,394.5 2 3
github.com/argusops/argusops/internal/service/incident_service.go:398.155,399.64 1 1
github.com/argusops/argusops/internal/service/incident_service.go:399.64,401.17 2 1
github.com/argusops/argusops/internal/service/incident_service.go:401.17,403.4 1 0
github.com/argusops/argusops/internal/service/incident_service.go:404.3,404.64 1 1
github.com/argusops/argusops/internal/service/incident_service.go:404.64,406.4 1 0
github.com/argusops/argusops/internal/service/incident_service.go:407.3,407.84 1 1
github.com/argusops/argusops/internal/service/incident_service.go:407.84,409.4 1 0
github.com/argusops/argusops/internal/service/incident_service.go:410.3,418.5 2 1
github.com/argusops/argusops/internal/service/incident_service.go:425.143,427.16 2 2
github.com/argusops/argusops/internal/service/incident_service.go:427.16,429.3 1 0
github.com/argusops/argusops/internal/service/incident_service.go:430.2,432.64 2 2
github.com/argusops/argusops/internal/service/incident_service.go:432.64,434.17 2 2
github.com/argusops/argusops/internal/service/incident_service.go:434.17,436.4 1 0
github.com/argusops/argusops/internal/service/incident_service.go:437.3,437.64 1 2
github.com/argusops/argusops/internal/service/incident_service.go:437.64,439.4 1 0
github.com/argusops/argusops/internal/service/incident_service.go:440.3,440.71 1 2
github.com/argusops/argusops/internal/service/incident_service.go:440.71,442.4 1 0
github.com/argusops/argusops/internal/service/incident_service.go:443.3,451.5 2 2
github.com/argusops/argusops/internal/service/incident_service.go:459.190,460.18 1 3
github.com/argusops/argusops/internal/service/incident_service.go:460.18,462.3 1 1
github.com/argusops/argusops/internal/service/incident_service.go:463.2,463.64 1 2
github.com/argusops/argusops/internal/service/incident_service.go:463.64,464.119 1 2
github.com/argusops/argusops/internal/service/incident_service.go:464.119,466.4 1 0
github.com/argusops/argusops/internal/service/incident_service.go:467.3,479.5 2 2
github.com/argusops/argusops/internal/service/incident_service.go:491.139,493.64 2 3
github.com/argusops/argusops/internal/service/incident_service.go:493.64,497.3 3 3
github.com/argusops/argusops/internal/service/incident_service.go:498.2,498.21 1 3
github.com/argusops/argusops/internal/service/incident_service.go:501.121,503.64 2 8
github.com/argusops/argusops/internal/service/incident_service.go:503.64,507.3 3 8
github.com/argusops/argusops/internal/service/incident_service.go:508.2,508.20 1 8
github.com/argusops/argusops/internal/service/incident_service.go:511.182,520.64 2 2
github.com/argusops/argusops/internal/service/incident_service.go:520.64,522.3 1 2
github.com/argusops/argusops/internal/service/incident_service.go:523.2,523.16 1 2
github.com/argusops/argusops/internal/service/incident_service.go:523.16,525.3 1 0
github.com/argusops/argusops/internal/service/incident_service.go:526.2,526.15 1 2
github.com/argusops/argusops/internal/service/incident_service.go:529.123,531.64 2 3
github.com/argusops/argusops/internal/service/incident_service.go:531.64,535.3 3 3
github.com/argusops/argusops/internal/service/incident_service.go:536.2,536.22 1 3
github.com/argusops/argusops/internal/service/incident_service.go:539.114,540.64 1 2
github.com/argusops/argusops/internal/service/incident_service.go:540.64,541.82 1 2
github.com/argusops/argusops/internal/service/incident_service.go:541.82,543.4 1 0
github.com/argusops/argusops/internal/service/incident_service.go:544.3,552.5 2 2
github.com/argusops/argusops/internal/service/incident_service.go:556.116,557.64 1 1
github.com/argusops/argusops/internal/service/incident_service.go:557.64,558.74 1 1
github.com/argusops/argusops/internal/service/incident_service.go:558.74,560.4 1 0
github.com/argusops/argusops/internal/service/incident_service.go:561.3,569.5 2 1
github.com/argusops/argusops/internal/service/incident_service.go:573.117,575.64 2 4
github.com/argusops/argusops/internal/service/incident_service.go:575.64,579.3 3 4
github.com/argusops/argusops/internal/service/incident_service.go:580.2,580.20 1 4
github.com/argusops/argusops/internal/service/incident_sla_service.go:25.103,27.2 1 29
github.com/argusops/argusops/internal/service/incident_sla_service.go:29.112,31.64 2 2
github.com/argusops/argusops/internal/service/incident_sla_service.go:31.64,35.3 3 2
github.com/argusops/argusops/internal/service/incident_sla_service.go:36.2,36.22 1 2
github.com/argusops/argusops/internal/service/incident_sla_service.go:43.148,45.16 2 27
github.com/argusops/argusops/internal/service/incident_sla_service.go:45.16,47.3 1 0
github.com/argusops/argusops/internal/service/incident_sla_service.go:48.2,48.19 1 27
github.com/argusops/argusops/internal/service/incident_sla_service.go:48.19,50.3 1 23
github.com/argusops/argusops/internal/service/incident_sla_service.go:51.2,52.18 2 4
github.com/argusops/argusops/internal/service/incident_sla_service.go:55.193,56.27 1 5
github.com/argusops/argusops/internal/service/incident_sla_service.go:56.27,58.3 1 1
github.com/argusops/argusops/internal/service/incident_sla_service.go:59.2,62.64 2 4
github.com/argusops/argusops/internal/service/incident_sla_service.go:62.64,64.3 1 4
github.com/argusops/argusops/internal/service/incident_sla_service.go:65.2,65.16 1 4
github.com/argusops/argusops/internal/service/incident_sla_service.go:65.16,67.3 1 0
github.com/argusops/argusops/internal/service/incident_sla_service.go:68.2,68.15 1 4
github.com/argusops/argusops/internal/service/incident_sla_service.go:71.88,72.64 1 1
github.com/argusops/argusops/internal/service/incident_sla_service.go:72.64,74.3 1 1
github.com/argusops/argusops/internal/service/ldap_auth_service.go:28.147,30.2 1 2
github.com/argusops/argusops/internal/service/ldap_auth_service.go:32.136,34.64 2 4
github.com/argusops/argusops/internal/service/ldap_auth_service.go:34.64,38.3 3 4
github.com/argusops/argusops/internal/service/ldap_auth_service.go:39.2,39.16 1 4
github.com/argusops/argusops/internal/service/ldap_auth_service.go:39.16,41.3 1 0
github.com/argusops/argusops/internal/service/ldap_auth_service.go:42.2,42.16 1 4
github.com/argusops/argusops/internal/service/ldap_auth_service.go:42.16,44.3 1 1
github.com/argusops/argusops/internal/service/ldap_auth_service.go:46.2,47.16 2 3
github.com/argusops/argusops/internal/service/ldap_auth_service.go:47.16,49.3 1 0
github.com/argusops/argusops/internal/service/ldap_auth_service.go:51.2,57.16 2 3
github.com/argusops/argusops/internal/service/ldap_auth_service.go:57.16,59.3 1 2
github.com/argusops/argusops/internal/service/ldap_auth_service.go:63.2,63.120 1 1
github.com/argusops/argusops/internal/service/llm_provider_service.go:22.124,24.2 1 15
github.com/argusops/argusops/internal/service/llm_provider_service.go:26.106,28.64 2 2
github.com/argusops/argusops/internal/service/llm_provider_service.go:28.64,32.3 3 2
github.com/argusops/argusops/internal/service/llm_provider_service.go:33.2,33.23 1 2
github.com/argusops/argusops/internal/service/llm_provider_service.go:52.141,53.61 1 18
github.com/argusops/argusops/internal/service/llm_provider_service.go:53.61,55.3 1 2
github.com/argusops/argusops/internal/service/llm_provider_service.go:57.2,58.16 2 16
github.com/argusops/argusops/internal/service/llm_provider_service.go:58.16,60.3 1 0
github.com/argusops/argusops/internal/service/llm_provider_service.go:62.2,72.63 2 16
github.com/argusops/argusops/internal/service/llm_provider_service.go:72.63,74.3 1 16
github.com/argusops/argusops/internal/service/llm_provider_service.go:75.2,75.16 1 16
github.com/argusops/argusops/internal/service/llm_provider_service.go:75.16,77.3 1 0
github.com/argusops/argusops/internal/service/llm_provider_service.go:78.2,78.15 1 16
github.com/argusops/argusops/internal/service/llm_provider_service.go:85.136,86.61 1 2
github.com/argusops/argusops/internal/service/llm_provider_service.go:86.61,88.3 1 0
github.com/argusops/argusops/internal/service/llm_provider_service.go:90.2,91.64 2 2
github.com/argusops/argusops/internal/service/llm_provider_service.go:91.64,93.17 2 2
github.com/argusops/argusops/internal/service/llm_provider_service.go:93.17,95.4 1 0
github.com/argusops/argusops/internal/service/llm_provider_service.go:96.3,96.22 1 2
github.com/argusops/argusops/internal/service/llm_provider_service.go:96.22,98.4 1 1
github.com/argusops/argusops/internal/service/llm_provider_service.go:100.3,101.22 2 1
github.com/argusops/argusops/internal/service/llm_provider_service.go:101.22,103.18 2 0
github.com/argusops/argusops/internal/service/llm_provider_service.go:103.18,105.5 1 0
github.com/argusops/argusops/internal/service/llm_provider_service.go:108.3,114.58 6 1
github.com/argusops/argusops/internal/service/llm_provider_service.go:114.58,116.4 1 0
github.com/argusops/argusops/internal/service/llm_provider_service.go:117.3,118.13 2 1
github.com/argusops/argusops/internal/service/llm_provider_service.go:120.2,120.16 1 2
github.com/argusops/argusops/internal/service/llm_provider_service.go:120.16,122.3 1 1
github.com/argusops/argusops/internal/service/llm_provider_service.go:123.2,123.21 1 1
github.com/argusops/argusops/internal/service/llm_provider_service.go:126.92,127.64 1 15
github.com/argusops/argusops/internal/service/llm_provider_service.go:127.64,129.3 1 15
github.com/argusops/argusops/internal/service/llm_provider_service.go:132.88,133.64 1 1
github.com/argusops/argusops/internal/service/llm_provider_service.go:133.64,135.3 1 1
github.com/argusops/argusops/internal/service/llm_provider_service.go:142.58,143.14 1 20
github.com/argusops/argusops/internal/service/llm_provider_service.go:144.19,145.39 1 1
github.com/argusops/argusops/internal/service/llm_provider_service.go:145.39,147.4 1 1
github.com/argusops/argusops/internal/service/llm_provider_service.go:148.58,148.58 0 18
github.com/argusops/argusops/internal/service/llm_provider_service.go:150.10,151.58 1 1
github.com/argusops/argusops/internal/service/llm_provider_service.go:153.2,153.12 1 18
github.com/argusops/argusops/internal/service/mcp_server_service.go:23.118,25.2 1 10
github.com/argusops/argusops/internal/service/mcp_server_service.go:27.102,29.64 2 3
github.com/argusops/argusops/internal/service/mcp_server_service.go:29.64,33.3 3 3
github.com/argusops/argusops/internal/service/mcp_server_service.go:34.2,34.21 1 3
github.com/argusops/argusops/internal/service/mcp_server_service.go:53.135,54.82 1 11
github.com/argusops/argusops/internal/service/mcp_server_service.go:54.82,56.3 1 1
github.com/argusops/argusops/internal/service/mcp_server_service.go:58.2,59.24 2 10
github.com/argusops/argusops/internal/service/mcp_server_service.go:59.24,61.17 2 1
github.com/argusops/argusops/internal/service/mcp_server_service.go:61.17,63.4 1 0
github.com/argusops/argusops/internal/service/mcp_server_service.go:64.3,64.17 1 1
github.com/argusops/argusops/internal/service/mcp_server_service.go:67.2,80.64 2 10
github.com/argusops/argusops/internal/service/mcp_server_service.go:80.64,82.3 1 10
github.com/argusops/argusops/internal/service/mcp_server_service.go:83.2,83.16 1 10
github.com/argusops/argusops/internal/service/mcp_server_service.go:83.16,85.3 1 0
github.com/argusops/argusops/internal/service/mcp_server_service.go:86.2,86.20 1 10
github.com/argusops/argusops/internal/service/mcp_server_service.go:89.130,90.82 1 2
github.com/argusops/argusops/internal/service/mcp_server_service.go:90.82,92.3 1 0
github.com/argusops/argusops/internal/service/mcp_server_service.go:94.2,95.64 2 2
github.com/argusops/argusops/internal/service/mcp_server_service.go:95.64,97.17 2 2
github.com/argusops/argusops/internal/service/mcp_server_service.go:97.17,99.4 1 0
github.com/argusops/argusops/internal/service/mcp_server_service.go:100.3,100.22 1 2
github.com/argusops/argusops/internal/service/mcp_server_service.go:100.22,102.4 1 1
github.com/argusops/argusops/internal/service/mcp_server_service.go:104.3,105.25 2 1
github.com/argusops/argusops/internal/service/mcp_server_service.go:105.25,107.18 2 0
github.com/argusops/argusops/internal/service/mcp_server_service.go:107.18,109.5 1 0
github.com/argusops/argusops/internal/service/mcp_server_service.go:110.4,110.18 1 0
github.com/argusops/argusops/internal/service/mcp_server_service.go:113.3,121.58 8 1
github.com/argusops/argusops/internal/service/mcp_server_service.go:121.58,123.4 1 0
github.com/argusops/argusops/internal/service/mcp_server_service.go:124.3,125.13 2 1
github.com/argusops/argusops/internal/service/mcp_server_service.go:127.2,127.16 1 2
github.com/argusops/argusops/internal/service/mcp_server_service.go:127.16,129.3 1 1
github.com/argusops/argusops/internal/service/mcp_server_service.go:130.2,130.21 1 1
github.com/argusops/argusops/internal/service/mcp_server_service.go:133.104,134.64 1 1
github.com/argusops/argusops/internal/service/mcp_server_service.go:134.64,136.3 1 1
github.com/argusops/argusops/internal/service/mcp_server_service.go:139.86,140.64 1 1
github.com/argusops/argusops/internal/service/mcp_server_service.go:140.64,142.3 1 1
github.com/argusops/argusops/internal/service/mcp_server_service.go:145.63,146.37 1 13
github.com/argusops/argusops/internal/service/mcp_server_service.go:146.37,147.38 1 6
github.com/argusops/argusops/internal/service/mcp_server_service.go:147.38,149.4 1 1
github.com/argusops/argusops/internal/service/mcp_server_service.go:151.2,151.12 1 12
github.com/argusops/argusops/internal/service/mcp_server_service.go:165.92,166.74 1 11
github.com/argusops/argusops/internal/service/mcp_server_service.go:166.74,168.3 1 3
github.com/argusops/argusops/internal/service/mcp_server_service.go:169.2,172.3 1 8
github.com/argusops/argusops/internal/service/mcp_tool_service.go:38.161,40.2 1 21
github.com/argusops/argusops/internal/service/mcp_tool_service.go:44.112,46.2 1 4
github.com/argusops/argusops/internal/service/mcp_tool_service.go:51.105,52.32 1 7
github.com/argusops/argusops/internal/service/mcp_tool_service.go:52.32,54.3 1 0
github.com/argusops/argusops/internal/service/mcp_tool_service.go:56.2,57.33 2 7
github.com/argusops/argusops/internal/service/mcp_tool_service.go:57.33,59.17 2 0
github.com/argusops/argusops/internal/service/mcp_tool_service.go:59.17,61.4 1 0
github.com/argusops/argusops/internal/service/mcp_tool_service.go:62.3,62.16 1 0
github.com/argusops/argusops/internal/service/mcp_tool_service.go:65.2,66.47 2 7
github.com/argusops/argusops/internal/service/mcp_tool_service.go:66.47,68.3 1 0
github.com/argusops/argusops/internal/service/mcp_tool_service.go:69.2,69.20 1 7
github.com/argusops/argusops/internal/service/mcp_tool_service.go:76.117,78.64 2 5
github.com/argusops/argusops/internal/service/mcp_tool_service.go:78.64,82.3 3 5
github.com/argusops/argusops/internal/service/mcp_tool_service.go:83.2,83.16 1 5
github.com/argusops/argusops/internal/service/mcp_tool_service.go:83.16,85.3 1 0
github.com/argusops/argusops/internal/service/mcp_tool_service.go:86.2,86.19 1 5
github.com/argusops/argusops/internal/service/mcp_tool_service.go:86.19,88.3 1 1
github.com/argusops/argusops/internal/service/mcp_tool_service.go:90.2,91.16 2 4
github.com/argusops/argusops/internal/service/mcp_tool_service.go:91.16,93.3 1 0
github.com/argusops/argusops/internal/service/mcp_tool_service.go:94.2,94.30 1 4
github.com/argusops/argusops/internal/service/mcp_tool_service.go:103.200,105.64 2 8
github.com/argusops/argusops/internal/service/mcp_tool_service.go:105.64,109.3 3 8
github.com/argusops/argusops/internal/service/mcp_tool_service.go:110.2,110.16 1 8
github.com/argusops/argusops/internal/service/mcp_tool_service.go:110.16,112.3 1 0
github.com/argusops/argusops/internal/service/mcp_tool_service.go:113.2,113.19 1 8
github.com/argusops/argusops/internal/service/mcp_tool_service.go:113.19,115.3 1 1
github.com/argusops/argusops/internal/service/mcp_tool_service.go:117.2,118.21 2 7
github.com/argusops/argusops/internal/service/mcp_tool_service.go:118.21,120.3 1 1
github.com/argusops/argusops/internal/service/mcp_tool_service.go:122.2,123.16 2 6
github.com/argusops/argusops/internal/service/mcp_tool_service.go:123.16,125.3 1 0
github.com/argusops/argusops/internal/service/mcp_tool_service.go:127.2,137.63 2 6
github.com/argusops/argusops/internal/service/mcp_tool_service.go:137.63,139.3 1 6
github.com/argusops/argusops/internal/service/mcp_tool_service.go:140.2,140.16 1 6
github.com/argusops/argusops/internal/service/mcp_tool_service.go:140.16,142.3 1 0
github.com/argusops/argusops/internal/service/mcp_tool_service.go:144.2,144.30 1 6
github.com/argusops/argusops/internal/service/mcp_tool_service.go:144.30,145.70 1 2
github.com/argusops/argusops/internal/service/mcp_tool_service.go:145.70,147.4 1 0
github.com/argusops/argusops/internal/service/mcp_tool_service.go:149.2,149.18 1 6
github.com/argusops/argusops/internal/service/mcp_tool_service.go:153.125,156.64 3 2
github.com/argusops/argusops/internal/service/mcp_tool_service.go:156.64,158.17 2 2
github.com/argusops/argusops/internal/service/mcp_tool_service.go:158.17,160.4 1 0
github.com/argusops/argusops/internal/service/mcp_tool_service.go:161.3,161.15 1 2
github.com/argusops/argusops/internal/service/mcp_tool_service.go:161.15,163.4 1 1
github.com/argusops/argusops/internal/service/mcp_tool_service.go:164.3,164.42 1 1
github.com/argusops/argusops/internal/service/mcp_tool_service.go:164.42,166.4 1 0
github.com/argusops/argusops/internal/service/mcp_tool_service.go:167.3,168.17 2 1
github.com/argusops/argusops/internal/service/mcp_tool_service.go:168.17,170.4 1 0
github.com/argusops/argusops/internal/service/mcp_tool_service.go:171.3,171.102 1 1
github.com/argusops/argusops/internal/service/mcp_tool_service.go:171.102,173.4 1 0
github.com/argusops/argusops/internal/service/mcp_tool_service.go:174.3,175.13 2 1
github.com/argusops/argusops/internal/service/mcp_tool_service.go:177.2,177.16 1 2
github.com/argusops/argusops/internal/service/mcp_tool_service.go:177.16,179.3 1 1
github.com/argusops/argusops/internal/service/mcp_tool_service.go:181.2,182.57 2 1
github.com/argusops/argusops/internal/service/mcp_tool_service.go:182.57,184.3 1 0
github.com/argusops/argusops/internal/service/mcp_tool_service.go:185.2,186.33 2 1
github.com/argusops/argusops/internal/service/mcp_tool_service.go:186.33,188.3 1 1
github.com/argusops/argusops/internal/service/mcp_tool_service.go:189.2,189.16 1 1
github.com/argusops/argusops/internal/service/mcp_tool_service.go:192.124,193.64 1 2
github.com/argusops/argusops/internal/service/mcp_tool_service.go:193.64,195.17 2 2
github.com/argusops/argusops/internal/service/mcp_tool_service.go:195.17,197.4 1 0
github.com/argusops/argusops/internal/service/mcp_tool_service.go:198.3,198.15 1 2
github.com/argusops/argusops/internal/service/mcp_tool_service.go:198.15,200.4 1 0
github.com/argusops/argusops/internal/service/mcp_tool_service.go:201.3,201.42 1 2
github.com/argusops/argusops/internal/service/mcp_tool_service.go:201.42,203.4 1 0
github.com/argusops/argusops/internal/service/mcp_tool_service.go:204.3,204.86 1 2
github.com/argusops/argusops/internal/service/mcp_tool_service.go:206.2,206.47 1 2
github.com/argusops/argusops/internal/service/mcp_tool_service.go:206.47,208.3 1 1
github.com/argusops/argusops/internal/service/mcp_tool_service.go:209.2,209.12 1 2
github.com/argusops/argusops/internal/service/mcp_tool_service.go:218.121,220.64 2 2
github.com/argusops/argusops/internal/service/mcp_tool_service.go:220.64,224.3 3 2
github.com/argusops/argusops/internal/service/mcp_tool_service.go:225.2,225.18 1 2
github.com/argusops/argusops/internal/service/mcp_tool_service.go:228.113,230.64 2 5
github.com/argusops/argusops/internal/service/mcp_tool_service.go:230.64,234.3 3 5
github.com/argusops/argusops/internal/service/mcp_tool_service.go:235.2,235.19 1 5
github.com/argusops/argusops/internal/service/mcp_tool_service.go:245.153,247.16 2 3
github.com/argusops/argusops/internal/service/mcp_tool_service.go:247.16,250.3 2 0
github.com/argusops/argusops/internal/service/mcp_tool_service.go:252.2,253.16 2 3
github.com/argusops/argusops/internal/service/mcp_tool_service.go:253.16,256.3 2 0
github.com/argusops/argusops/internal/service/mcp_tool_service.go:258.2,259.16 2 3
github.com/argusops/argusops/internal/service/mcp_tool_service.go:259.16,261.3 1 0
github.com/argusops/argusops/internal/service/mcp_tool_service.go:262.2,262.67 1 3
github.com/argusops/argusops/internal/service/mcp_tool_service.go:262.67,264.3 1 3
github.com/argusops/argusops/internal/service/mcp_tool_service.go:264.17,266.3 1 0
github.com/argusops/argusops/internal/service/mcp_tool_service.go:267.2,268.12 2 3
github.com/argusops/argusops/internal/service/mcp_tool_service.go:271.119,273.61 2 0
github.com/argusops/argusops/internal/service/mcp_tool_service.go:273.61,275.3 1 0
github.com/argusops/argusops/internal/service/mcp_tool_service.go:276.2,276.59 1 0
github.com/argusops/argusops/internal/service/on_call_shift_service.go:28.175,30.2 1 3
github.com/argusops/argusops/internal/service/on_call_shift_service.go:32.106,34.64 2 2
github.com/argusops/argusops/internal/service/on_call_shift_service.go:34.64,38.3 3 2
github.com/argusops/argusops/internal/service/on_call_shift_service.go:39.2,39.20 1 2
github.com/argusops/argusops/internal/service/on_call_shift_service.go:42.152,43.32 1 6
github.com/argusops/argusops/internal/service/on_call_shift_service.go:43.32,45.3 1 1
github.com/argusops/argusops/internal/service/on_call_shift_service.go:46.2,46.80 1 5
github.com/argusops/argusops/internal/service/on_call_shift_service.go:46.80,48.3 1 1
github.com/argusops/argusops/internal/service/on_call_shift_service.go:49.2,49.30 1 4
github.com/argusops/argusops/internal/service/on_call_shift_service.go:49.30,51.3 1 1
github.com/argusops/argusops/internal/service/on_call_shift_service.go:53.2,54.64 2 3
github.com/argusops/argusops/internal/service/on_call_shift_service.go:54.64,56.17 2 3
github.com/argusops/argusops/internal/service/on_call_shift_service.go:56.17,57.37 1 0
github.com/argusops/argusops/internal/service/on_call_shift_service.go:57.37,59.5 1 0
github.com/argusops/argusops/internal/service/on_call_shift_service.go:60.4,60.46 1 0
github.com/argusops/argusops/internal/service/on_call_shift_service.go:62.3,62.15 1 3
github.com/argusops/argusops/internal/service/on_call_shift_service.go:62.15,64.4 1 1
github.com/argusops/argusops/internal/service/on_call_shift_service.go:65.3,66.39 2 2
github.com/argusops/argusops/internal/service/on_call_shift_service.go:68.2,68.16 1 3
github.com/argusops/argusops/internal/service/on_call_shift_service.go:68.16,70.3 1 1
github.com/argusops/argusops/internal/service/on_call_shift_service.go:71.2,71.19 1 2
github.com/argusops/argusops/internal/service/on_call_shift_service.go:74.88,75.64 1 1
github.com/argusops/argusops/internal/service/on_call_shift_service.go:75.64,77.3 1 1
github.com/argusops/argusops/internal/service/on_call_shift_service.go:80.99,82.2 1 5
github.com/argusops/argusops/internal/service/on_call_shift_service.go:84.106,85.55 1 3
github.com/argusops/argusops/internal/service/on_call_shift_service.go:85.55,87.3 1 1
github.com/argusops/argusops/internal/service/on_call_shift_service.go:88.2,88.63 1 2
github.com/argusops/argusops/internal/service/on_call_shift_service.go:95.128,97.16 2 3
github.com/argusops/argusops/internal/service/on_call_shift_service.go:97.16,99.3 1 0
github.com/argusops/argusops/internal/service/on_call_shift_service.go:100.2,101.16 2 3
github.com/argusops/argusops/internal/service/on_call_shift_service.go:101.16,103.3 1 0
github.com/argusops/argusops/internal/service/on_call_shift_service.go:104.2,110.63 6 3
github.com/argusops/argusops/internal/service/on_call_shift_service.go:110.63,114.3 3 3
github.com/argusops/argusops/internal/service/on_call_shift_service.go:115.2,115.23 1 3
github.com/argusops/argusops/internal/service/password_reset_service.go:41.187,43.2 1 2
github.com/argusops/argusops/internal/service/password_reset_service.go:45.51,47.42 2 3
github.com/argusops/argusops/internal/service/password_reset_service.go:47.42,49.3 1 0
github.com/argusops/argusops/internal/service/password_reset_service.go:50.2,50.82 1 3
github.com/argusops/argusops/internal/service/password_reset_service.go:53.50,56.2 2 6
github.com/argusops/argusops/internal/service/password_reset_service.go:63.106,64.64 1 4
github.com/argusops/argusops/internal/service/password_reset_service.go:64.64,66.17 2 4
github.com/argusops/argusops/internal/service/password_reset_service.go:66.17,68.4 1 0
github.com/argusops/argusops/internal/service/password_reset_service.go:69.3,69.76 1 4
github.com/argusops/argusops/internal/service/password_reset_service.go:69.76,72.4 2 1
github.com/argusops/argusops/internal/service/password_reset_service.go:74.3,75.17 2 3
github.com/argusops/argusops/internal/service/password_reset_service.go:75.17,77.4 1 0
github.com/argusops/argusops/internal/service/password_reset_service.go:78.3,84.51 2 3
github.com/argusops/argusops/internal/service/password_reset_service.go:84.51,86.4 1 0
github.com/argusops/argusops/internal/service/password_reset_service.go:88.3,97.57 3 3
github.com/argusops/argusops/internal/service/password_reset_service.go:97.57,99.4 1 1
github.com/argusops/argusops/internal/service/password_reset_service.go:100.3,100.13 1 3
github.com/argusops/argusops/internal/service/password_reset_service.go:108.119,109.26 1 4
github.com/argusops/argusops/internal/service/password_reset_service.go:109.26,111.3 1 1
github.com/argusops/argusops/internal/service/password_reset_service.go:112.2,112.64 1 3
github.com/argusops/argusops/internal/service/password_reset_service.go:112.64,114.17 2 3
github.com/argusops/argusops/internal/service/password_reset_service.go:114.17,116.4 1 0
github.com/argusops/argusops/internal/service/password_reset_service.go:117.3,117.68 1 3
github.com/argusops/argusops/internal/service/password_reset_service.go:117.68,119.4 1 2
github.com/argusops/argusops/internal/service/password_reset_service.go:121.3,122.17 2 1
github.com/argusops/argusops/internal/service/password_reset_service.go:122.17,124.4 1 0
github.com/argusops/argusops/internal/service/password_reset_service.go:125.3,125.73 1 1
github.com/argusops/argusops/internal/service/password_reset_service.go:125.73,127.4 1 0
github.com/argusops/argusops/internal/service/password_reset_service.go:128.3,128.56 1 1
github.com/argusops/argusops/internal/service/password_reset_service.go:128.56,130.4 1 0
github.com/argusops/argusops/internal/service/password_reset_service.go:131.3,131.68 1 1
github.com/argusops/argusops/internal/service/password_reset_service.go:131.68,133.4 1 0
github.com/argusops/argusops/internal/service/password_reset_service.go:134.3,134.13 1 1
github.com/argusops/argusops/internal/service/playbook_service.go:26.94,28.2 1 2
github.com/argusops/argusops/internal/service/playbook_service.go:30.102,32.64 2 3
github.com/argusops/argusops/internal/service/playbook_service.go:32.64,36.3 3 3
github.com/argusops/argusops/internal/service/playbook_service.go:37.2,37.16 1 3
github.com/argusops/argusops/internal/service/playbook_service.go:40.100,42.64 2 3
github.com/argusops/argusops/internal/service/playbook_service.go:42.64,46.3 3 3
github.com/argusops/argusops/internal/service/playbook_service.go:47.2,47.23 1 3
github.com/argusops/argusops/internal/service/playbook_service.go:50.139,60.64 2 3
github.com/argusops/argusops/internal/service/playbook_service.go:60.64,62.3 1 3
github.com/argusops/argusops/internal/service/playbook_service.go:63.2,63.16 1 3
github.com/argusops/argusops/internal/service/playbook_service.go:63.16,65.3 1 0
github.com/argusops/argusops/internal/service/playbook_service.go:66.2,66.16 1 3
github.com/argusops/argusops/internal/service/playbook_service.go:69.134,79.64 2 1
github.com/argusops/argusops/internal/service/playbook_service.go:79.64,81.3 1 1
github.com/argusops/argusops/internal/service/playbook_service.go:82.2,82.16 1 1
github.com/argusops/argusops/internal/service/playbook_service.go:82.16,84.3 1 0
github.com/argusops/argusops/internal/service/playbook_service.go:85.2,85.16 1 1
github.com/argusops/argusops/internal/service/playbook_service.go:88.85,89.64 1 1
github.com/argusops/argusops/internal/service/playbook_service.go:89.64,91.3 1 1
github.com/argusops/argusops/internal/service/playbook_service.go:100.132,102.16 2 3
github.com/argusops/argusops/internal/service/playbook_service.go:102.16,104.3 1 0
github.com/argusops/argusops/internal/service/playbook_service.go:106.2,107.27 2 3
github.com/argusops/argusops/internal/service/playbook_service.go:107.27,109.34 2 4
github.com/argusops/argusops/internal/service/playbook_service.go:109.34,111.4 1 1
github.com/argusops/argusops/internal/service/playbook_service.go:112.3,112.64 1 3
github.com/argusops/argusops/internal/service/playbook_service.go:112.64,114.4 1 2
github.com/argusops/argusops/internal/service/playbook_service.go:116.2,116.22 1 2
github.com/argusops/argusops/internal/service/postmortem_service.go:52.97,54.2 1 4
github.com/argusops/argusops/internal/service/postmortem_service.go:60.149,62.16 2 4
github.com/argusops/argusops/internal/service/postmortem_service.go:62.16,64.3 1 0
github.com/argusops/argusops/internal/service/postmortem_service.go:65.2,65.16 1 4
github.com/argusops/argusops/internal/service/postmortem_service.go:65.16,67.3 1 2
github.com/argusops/argusops/internal/service/postmortem_service.go:69.2,70.16 2 2
github.com/argusops/argusops/internal/service/postmortem_service.go:70.16,72.3 1 0
github.com/argusops/argusops/internal/service/postmortem_service.go:73.2,74.16 2 2
github.com/argusops/argusops/internal/service/postmortem_service.go:74.16,76.3 1 0
github.com/argusops/argusops/internal/service/postmortem_service.go:77.2,78.16 2 2
github.com/argusops/argusops/internal/service/postmortem_service.go:78.16,80.3 1 0
github.com/argusops/argusops/internal/service/postmortem_service.go:82.2,85.103 3 2
github.com/argusops/argusops/internal/service/postmortem_service.go:85.103,87.3 1 1
github.com/argusops/argusops/internal/service/postmortem_service.go:89.2,94.60 6 2
github.com/argusops/argusops/internal/service/postmortem_service.go:94.60,96.3 1 0
github.com/argusops/argusops/internal/service/postmortem_service.go:98.2,98.30 1 2
github.com/argusops/argusops/internal/service/postmortem_service.go:112.10,114.16 2 2
github.com/argusops/argusops/internal/service/postmortem_service.go:114.16,116.3 1 1
github.com/argusops/argusops/internal/service/postmortem_service.go:117.2,118.16 2 1
github.com/argusops/argusops/internal/service/postmortem_service.go:118.16,120.3 1 0
github.com/argusops/argusops/internal/service/postmortem_service.go:121.2,121.32 1 1
github.com/argusops/argusops/internal/service/postmortem_service.go:129.10,132.27 3 1
github.com/argusops/argusops/internal/service/postmortem_service.go:132.27,134.3 1 0
github.com/argusops/argusops/internal/service/postmortem_service.go:135.2,137.23 3 1
github.com/argusops/argusops/internal/service/postmortem_service.go:137.23,139.3 1 0
github.com/argusops/argusops/internal/service/postmortem_service.go:140.2,142.22 2 1
github.com/argusops/argusops/internal/service/postmortem_service.go:142.22,144.49 2 1
github.com/argusops/argusops/internal/service/postmortem_service.go:144.49,146.4 1 1
github.com/argusops/argusops/internal/service/postmortem_service.go:149.2,149.27 1 1
github.com/argusops/argusops/internal/service/postmortem_service.go:149.27,151.34 2 0
github.com/argusops/argusops/internal/service/postmortem_service.go:151.34,153.4 1 0
github.com/argusops/argusops/internal/service/postmortem_service.go:156.2,156.23 1 1
github.com/argusops/argusops/internal/service/postmortem_service.go:156.23,158.30 2 0
github.com/argusops/argusops/internal/service/postmortem_service.go:158.30,160.4 1 0
github.com/argusops/argusops/internal/service/postmortem_service.go:163.2,163.19 1 1
github.com/argusops/argusops/internal/service/postmortem_service.go:170.102,172.28 2 3
github.com/argusops/argusops/internal/service/postmortem_service.go:172.28,174.3 1 4
github.com/argusops/argusops/internal/service/postmortem_service.go:175.2,176.46 2 3
github.com/argusops/argusops/internal/service/postmortem_service.go:176.46,177.34 1 18
github.com/argusops/argusops/internal/service/postmortem_service.go:177.34,179.4 1 4
github.com/argusops/argusops/internal/service/postmortem_service.go:181.2,181.16 1 3
github.com/argusops/argusops/internal/service/postmortem_service.go:184.63,188.25 4 2
github.com/argusops/argusops/internal/service/postmortem_service.go:188.25,190.3 1 1
github.com/argusops/argusops/internal/service/postmortem_service.go:191.2,191.25 1 2
github.com/argusops/argusops/internal/service/postmortem_service.go:191.25,193.3 1 0
github.com/argusops/argusops/internal/service/postmortem_service.go:194.2,194.23 1 2
github.com/argusops/argusops/internal/service/postmortem_service.go:194.23,196.3 1 1
github.com/argusops/argusops/internal/service/postmortem_service.go:197.2,197.27 1 2
github.com/argusops/argusops/internal/service/postmortem_service.go:197.27,199.3 1 1
github.com/argusops/argusops/internal/service/postmortem_service.go:200.2,200.21 1 2
github.com/argusops/argusops/internal/service/postmortem_service.go:203.46,204.21 1 0
github.com/argusops/argusops/internal/service/postmortem_service.go:204.21,206.3 1 0
github.com/argusops/argusops/internal/service/postmortem_service.go:207.2,207.14 1 0
github.com/argusops/argusops/internal/service/postmortem_service.go:216.108,218.23 2 2
github.com/argusops/argusops/internal/service/postmortem_service.go:218.23,220.3 1 0
github.com/argusops/argusops/internal/service/postmortem_service.go:221.2,222.32 2 2
github.com/argusops/argusops/internal/service/postmortem_service.go:222.32,227.25 4 3
github.com/argusops/argusops/internal/service/postmortem_service.go:227.25,230.4 2 1
github.com/argusops/argusops/internal/service/postmortem_service.go:230.9,230.33 1 2
github.com/argusops/argusops/internal/service/postmortem_service.go:230.33,232.4 1 1
github.com/argusops/argusops/internal/service/postmortem_service.go:233.3,233.17 1 3
github.com/argusops/argusops/internal/service/postmortem_service.go:233.17,235.4 1 2
github.com/argusops/argusops/internal/service/postmortem_service.go:235.9,237.4 1 1
github.com/argusops/argusops/internal/service/postmortem_service.go:238.3,240.38 2 3
github.com/argusops/argusops/internal/service/postmortem_service.go:240.38,242.37 2 1
github.com/argusops/argusops/internal/service/postmortem_service.go:242.37,244.5 1 1
github.com/argusops/argusops/internal/service/postmortem_service.go:245.4,245.97 1 1
github.com/argusops/argusops/internal/service/postmortem_service.go:248.2,248.21 1 2
github.com/argusops/argusops/internal/service/postmortem_service.go:251.60,252.25 1 2
github.com/argusops/argusops/internal/service/postmortem_service.go:252.25,254.3 1 1
github.com/argusops/argusops/internal/service/postmortem_service.go:255.2,256.39 2 1
github.com/argusops/argusops/internal/service/postmortem_service.go:256.39,258.18 2 1
github.com/argusops/argusops/internal/service/postmortem_service.go:258.18,260.4 1 0
github.com/argusops/argusops/internal/service/postmortem_service.go:261.3,261.64 1 1
github.com/argusops/argusops/internal/service/postmortem_service.go:263.2,263.21 1 1
github.com/argusops/argusops/internal/service/postmortem_service.go:266.68,268.22 2 2
github.com/argusops/argusops/internal/service/postmortem_service.go:268.22,271.3 2 1
github.com/argusops/argusops/internal/service/postmortem_service.go:272.2,272.27 1 1
github.com/argusops/argusops/internal/service/postmortem_service.go:272.27,274.3 1 1
github.com/argusops/argusops/internal/service/postmortem_service.go:275.2,275.21 1 1
github.com/argusops/argusops/internal/service/postmortem_service.go:278.77,280.24 2 2
github.com/argusops/argusops/internal/service/postmortem_service.go:280.24,283.3 2 1
github.com/argusops/argusops/internal/service/postmortem_service.go:284.2,284.29 1 1
github.com/argusops/argusops/internal/service/postmortem_service.go:284.29,286.3 1 1
github.com/argusops/argusops/internal/service/postmortem_service.go:293.45,294.11 1 2
github.com/argusops/argusops/internal/service/postmortem_service.go:294.11,296.3 1 0
github.com/argusops/argusops/internal/service/postmortem_service.go:297.2,298.23 2 2
github.com/argusops/argusops/internal/service/postmortem_service.go:298.23,300.3 1 1
github.com/argusops/argusops/internal/service/postmortem_service.go:301.2,302.18 2 1
github.com/argusops/argusops/internal/service/postmortem_service.go:302.18,304.3 1 0
github.com/argusops/argusops/internal/service/postmortem_service.go:305.2,306.16 2 1
github.com/argusops/argusops/internal/service/postmortem_service.go:306.16,308.3 1 1
github.com/argusops/argusops/internal/service/postmortem_service.go:309.2,309.37 1 0
github.com/argusops/argusops/internal/service/role_service.go:39.83,41.2 1 16
github.com/argusops/argusops/internal/service/role_service.go:43.92,45.64 2 1
github.com/argusops/argusops/internal/service/role_service.go:45.64,49.3 3 1
github.com/argusops/argusops/internal/service/role_service.go:50.2,50.19 1 1
github.com/argusops/argusops/internal/service/role_service.go:53.94,55.64 2 4
github.com/argusops/argusops/internal/service/role_service.go:55.64,59.3 3 4
github.com/argusops/argusops/internal/service/role_service.go:60.2,60.18 1 4
github.com/argusops/argusops/internal/service/role_service.go:63.118,64.46 1 4
github.com/argusops/argusops/internal/service/role_service.go:64.46,66.3 1 2
github.com/argusops/argusops/internal/service/role_service.go:67.2,71.64 2 2
github.com/argusops/argusops/internal/service/role_service.go:71.64,73.3 1 2
github.com/argusops/argusops/internal/service/role_service.go:74.2,74.16 1 2
github.com/argusops/argusops/internal/service/role_service.go:74.16,76.3 1 0
github.com/argusops/argusops/internal/service/role_service.go:77.2,77.18 1 2
github.com/argusops/argusops/internal/service/role_service.go:80.122,81.46 1 1
github.com/argusops/argusops/internal/service/role_service.go:81.46,83.3 1 0
github.com/argusops/argusops/internal/service/role_service.go:84.2,88.64 2 1
github.com/argusops/argusops/internal/service/role_service.go:88.64,90.3 1 1
github.com/argusops/argusops/internal/service/role_service.go:91.2,91.16 1 1
github.com/argusops/argusops/internal/service/role_service.go:91.16,93.3 1 0
github.com/argusops/argusops/internal/service/role_service.go:94.2,94.18 1 1
github.com/argusops/argusops/internal/service/role_service.go:101.81,102.64 1 2
github.com/argusops/argusops/internal/service/role_service.go:102.64,104.17 2 2
github.com/argusops/argusops/internal/service/role_service.go:104.17,106.4 1 0
github.com/argusops/argusops/internal/service/role_service.go:107.3,107.16 1 2
github.com/argusops/argusops/internal/service/role_service.go:107.16,109.4 1 1
github.com/argusops/argusops/internal/service/role_service.go:110.3,110.37 1 1
github.com/argusops/argusops/internal/service/role_service.go:118.117,120.16 2 8
github.com/argusops/argusops/internal/service/role_service.go:120.16,122.3 1 0
github.com/argusops/argusops/internal/service/role_service.go:123.2,123.21 1 8
github.com/argusops/argusops/internal/service/role_service.go:123.21,125.3 1 3
github.com/argusops/argusops/internal/service/role_service.go:126.2,131.54 2 5
github.com/argusops/argusops/internal/service/role_service.go:131.54,133.3 1 0
github.com/argusops/argusops/internal/service/role_service.go:134.2,134.21 1 5
github.com/argusops/argusops/internal/service/role_service.go:137.55,138.19 1 5
github.com/argusops/argusops/internal/service/role_service.go:138.19,140.3 1 1
github.com/argusops/argusops/internal/service/role_service.go:141.2,141.57 1 4
github.com/argusops/argusops/internal/service/saml_auth_service.go:48.147,53.2 1 3
github.com/argusops/argusops/internal/service/saml_auth_service.go:59.71,63.2 3 1
github.com/argusops/argusops/internal/service/saml_auth_service.go:69.143,73.58 4 6
github.com/argusops/argusops/internal/service/saml_auth_service.go:73.58,75.3 1 3
github.com/argusops/argusops/internal/service/saml_auth_service.go:77.2,80.16 2 3
github.com/argusops/argusops/internal/service/saml_auth_service.go:80.16,82.3 1 0
github.com/argusops/argusops/internal/service/saml_auth_service.go:84.2,87.22 4 3
github.com/argusops/argusops/internal/service/saml_auth_service.go:90.107,92.64 2 9
github.com/argusops/argusops/internal/service/saml_auth_service.go:92.64,96.3 3 9
github.com/argusops/argusops/internal/service/saml_auth_service.go:97.2,97.17 1 9
github.com/argusops/argusops/internal/service/saml_auth_service.go:107.144,109.16 2 6
github.com/argusops/argusops/internal/service/saml_auth_service.go:109.16,111.3 1 0
github.com/argusops/argusops/internal/service/saml_auth_service.go:112.2,113.16 2 6
github.com/argusops/argusops/internal/service/saml_auth_service.go:113.16,115.3 1 0
github.com/argusops/argusops/internal/service/saml_auth_service.go:117.2,118.16 2 6
github.com/argusops/argusops/internal/service/saml_auth_service.go:118.16,120.3 1 0
github.com/argusops/argusops/internal/service/saml_auth_service.go:122.2,125.17 1 6
github.com/argusops/argusops/internal/service/saml_auth_service.go:128.122,130.30 2 5
github.com/argusops/argusops/internal/service/saml_auth_service.go:130.30,133.3 2 1
github.com/argusops/argusops/internal/service/saml_auth_service.go:134.2,135.16 2 4
github.com/argusops/argusops/internal/service/saml_auth_service.go:135.16,138.3 2 1
github.com/argusops/argusops/internal/service/saml_auth_service.go:139.2,139.28 1 3
github.com/argusops/argusops/internal/service/saml_auth_service.go:142.119,144.30 2 2
github.com/argusops/argusops/internal/service/saml_auth_service.go:144.30,147.3 2 1
github.com/argusops/argusops/internal/service/saml_auth_service.go:148.2,149.16 2 1
github.com/argusops/argusops/internal/service/saml_auth_service.go:149.16,152.3 2 0
github.com/argusops/argusops/internal/service/saml_auth_service.go:153.2,153.54 1 1
github.com/argusops/argusops/internal/service/saml_auth_service.go:153.54,155.3 1 0
github.com/argusops/argusops/internal/service/saml_auth_service.go:166.117,168.30 2 2
github.com/argusops/argusops/internal/service/saml_auth_service.go:168.30,171.3 2 1
github.com/argusops/argusops/internal/service/saml_auth_service.go:172.2,173.16 2 1
github.com/argusops/argusops/internal/service/saml_auth_service.go:173.16,176.3 2 0
github.com/argusops/argusops/internal/service/saml_auth_service.go:178.2,179.31 2 1
github.com/argusops/argusops/internal/service/saml_auth_service.go:179.31,181.3 1 0
github.com/argusops/argusops/internal/service/saml_auth_service.go:183.2,184.16 2 1
github.com/argusops/argusops/internal/service/saml_auth_service.go:184.16,187.3 2 1
github.com/argusops/argusops/internal/service/saml_auth_service.go:189.2,190.16 2 0
github.com/argusops/argusops/internal/service/saml_auth_service.go:190.16,193.3 2 0
github.com/argusops/argusops/internal/service/saml_auth_service.go:195.2,200.4 2 0
github.com/argusops/argusops/internal/service/smtp_config_service.go:28.143,30.2 1 7
github.com/argusops/argusops/internal/service/smtp_config_service.go:32.102,34.64 2 3
github.com/argusops/argusops/internal/service/smtp_config_service.go:34.64,38.3 3 3
github.com/argusops/argusops/internal/service/smtp_config_service.go:39.2,39.17 1 3
github.com/argusops/argusops/internal/service/smtp_config_service.go:42.83,43.64 1 1
github.com/argusops/argusops/internal/service/smtp_config_service.go:43.64,45.3 1 1
github.com/argusops/argusops/internal/service/smtp_config_service.go:58.99,59.59 1 7
github.com/argusops/argusops/internal/service/smtp_config_service.go:59.59,61.3 1 1
github.com/argusops/argusops/internal/service/smtp_config_service.go:62.2,62.64 1 6
github.com/argusops/argusops/internal/service/smtp_config_service.go:62.64,64.17 2 6
github.com/argusops/argusops/internal/service/smtp_config_service.go:64.17,66.4 1 0
github.com/argusops/argusops/internal/service/smtp_config_service.go:67.3,68.24 2 6
github.com/argusops/argusops/internal/service/smtp_config_service.go:68.24,70.4 1 2
github.com/argusops/argusops/internal/service/smtp_config_service.go:71.3,75.5 1 6
github.com/argusops/argusops/internal/service/smtp_config_service.go:86.132,87.21 1 6
github.com/argusops/argusops/internal/service/smtp_config_service.go:87.21,89.17 2 4
github.com/argusops/argusops/internal/service/smtp_config_service.go:89.17,91.4 1 0
github.com/argusops/argusops/internal/service/smtp_config_service.go:92.3,92.18 1 4
github.com/argusops/argusops/internal/service/smtp_config_service.go:94.2,95.16 2 2
github.com/argusops/argusops/internal/service/smtp_config_service.go:95.16,97.3 1 0
github.com/argusops/argusops/internal/service/smtp_config_service.go:98.2,98.57 1 2
github.com/argusops/argusops/internal/service/smtp_config_service.go:98.57,100.3 1 1
github.com/argusops/argusops/internal/service/smtp_config_service.go:101.2,101.16 1 1
github.com/argusops/argusops/internal/service/smtp_config_service.go:106.92,108.16 2 6
github.com/argusops/argusops/internal/service/smtp_config_service.go:108.16,110.3 1 0
github.com/argusops/argusops/internal/service/smtp_config_service.go:111.2,111.16 1 6
github.com/argusops/argusops/internal/service/smtp_config_service.go:111.16,113.3 1 2
github.com/argusops/argusops/internal/service/smtp_config_service.go:114.2,115.33 2 4
github.com/argusops/argusops/internal/service/smtp_config_service.go:115.33,117.17 2 3
github.com/argusops/argusops/internal/service/smtp_config_service.go:117.17,119.4 1 0
github.com/argusops/argusops/internal/service/smtp_config_service.go:121.2,122.48 2 4
github.com/argusops/argusops/internal/service/smtp_config_service.go:122.48,124.3 1 0
github.com/argusops/argusops/internal/service/smtp_config_service.go:125.2,128.8 1 4
github.com/argusops/argusops/internal/service/smtp_config_service.go:133.101,134.64 1 2
github.com/argusops/argusops/internal/service/smtp_config_service.go:134.64,136.17 2 2
github.com/argusops/argusops/internal/service/smtp_config_service.go:136.17,138.4 1 1
github.com/argusops/argusops/internal/service/smtp_config_service.go:139.3,143.5 1 1
github.com/argusops/argusops/internal/service/smtp_config_service.go:151.101,152.64 1 4
github.com/argusops/argusops/internal/service/smtp_config_service.go:152.64,154.17 2 4
github.com/argusops/argusops/internal/service/smtp_config_service.go:154.17,156.4 1 1
github.com/argusops/argusops/internal/service/smtp_config_service.go:157.3,157.38 1 3
github.com/argusops/argusops/internal/service/storage_config_service.go:29.148,31.2 1 3
github.com/argusops/argusops/internal/service/storage_config_service.go:33.108,35.64 2 8
github.com/argusops/argusops/internal/service/storage_config_service.go:35.64,39.3 3 8
github.com/argusops/argusops/internal/service/storage_config_service.go:40.2,40.17 1 8
github.com/argusops/argusops/internal/service/storage_config_service.go:43.86,44.64 1 1
github.com/argusops/argusops/internal/service/storage_config_service.go:44.64,46.3 1 1
github.com/argusops/argusops/internal/service/storage_config_service.go:56.102,57.64 1 4
github.com/argusops/argusops/internal/service/storage_config_service.go:57.64,59.3 1 0
github.com/argusops/argusops/internal/service/storage_config_service.go:60.2,60.64 1 4
github.com/argusops/argusops/internal/service/storage_config_service.go:60.64,61.149 1 4
github.com/argusops/argusops/internal/service/storage_config_service.go:61.149,62.72 1 2
github.com/argusops/argusops/internal/service/storage_config_service.go:62.72,64.5 1 1
github.com/argusops/argusops/internal/service/storage_config_service.go:65.4,65.13 1 1
github.com/argusops/argusops/internal/service/storage_config_service.go:67.3,67.17 1 4
github.com/argusops/argusops/internal/service/storage_config_service.go:67.17,69.4 1 1
github.com/argusops/argusops/internal/service/storage_config_service.go:70.3,74.5 1 3
github.com/argusops/argusops/internal/service/storage_config_service.go:84.104,85.43 1 4
github.com/argusops/argusops/internal/service/storage_config_service.go:85.43,87.3 1 0
github.com/argusops/argusops/internal/service/storage_config_service.go:88.2,88.64 1 4
github.com/argusops/argusops/internal/service/storage_config_service.go:88.64,89.149 1 4
github.com/argusops/argusops/internal/service/storage_config_service.go:89.149,90.73 1 2
github.com/argusops/argusops/internal/service/storage_config_service.go:90.73,92.5 1 1
github.com/argusops/argusops/internal/service/storage_config_service.go:93.4,93.13 1 1
github.com/argusops/argusops/internal/service/storage_config_service.go:95.3,95.17 1 4
github.com/argusops/argusops/internal/service/storage_config_service.go:95.17,97.4 1 1
github.com/argusops/argusops/internal/service/storage_config_service.go:98.3,102.5 1 3
github.com/argusops/argusops/internal/service/storage_config_service.go:111.192,112.21 1 8
github.com/argusops/argusops/internal/service/storage_config_service.go:112.21,114.17 2 4
github.com/argusops/argusops/internal/service/storage_config_service.go:114.17,116.4 1 0
github.com/argusops/argusops/internal/service/storage_config_service.go:117.3,117.18 1 4
github.com/argusops/argusops/internal/service/storage_config_service.go:119.2,120.16 2 4
github.com/argusops/argusops/internal/service/storage_config_service.go:120.16,122.3 1 0
github.com/argusops/argusops/internal/service/storage_config_service.go:123.2,123.45 1 4
github.com/argusops/argusops/internal/service/storage_config_service.go:123.45,125.3 1 2
github.com/argusops/argusops/internal/service/storage_config_service.go:126.2,126.83 1 2
github.com/argusops/argusops/internal/service/storage_config_service.go:134.109,136.16 2 4
github.com/argusops/argusops/internal/service/storage_config_service.go:136.16,138.3 1 0
github.com/argusops/argusops/internal/service/storage_config_service.go:139.2,139.16 1 4
github.com/argusops/argusops/internal/service/storage_config_service.go:139.16,141.3 1 2
github.com/argusops/argusops/internal/service/storage_config_service.go:143.2,143.22 1 2
github.com/argusops/argusops/internal/service/storage_config_service.go:144.32,146.17 2 1
github.com/argusops/argusops/internal/service/storage_config_service.go:146.17,148.4 1 0
github.com/argusops/argusops/internal/service/storage_config_service.go:149.3,149.96 1 1
github.com/argusops/argusops/internal/service/storage_config_service.go:150.33,152.17 2 1
github.com/argusops/argusops/internal/service/storage_config_service.go:152.17,154.4 1 0
github.com/argusops/argusops/internal/service/storage_config_service.go:155.3,156.17 2 1
github.com/argusops/argusops/internal/service/storage_config_service.go:156.17,158.4 1 1
github.com/argusops/argusops/internal/service/storage_config_service.go:159.3,159.20 1 0
github.com/argusops/argusops/internal/service/storage_config_service.go:160.10,161.51 1 0
github.com/argusops/argusops/internal/service/tag_service.go:21.79,23.2 1 59
github.com/argusops/argusops/internal/service/tag_service.go:25.90,27.64 2 2
github.com/argusops/argusops/internal/service/tag_service.go:27.64,31.3 3 2
github.com/argusops/argusops/internal/service/tag_service.go:32.2,32.18 1 2
github.com/argusops/argusops/internal/service/tag_service.go:35.128,37.16 2 8
github.com/argusops/argusops/internal/service/tag_service.go:37.16,39.3 1 1
github.com/argusops/argusops/internal/service/tag_service.go:40.2,41.64 2 7
github.com/argusops/argusops/internal/service/tag_service.go:41.64,43.3 1 7
github.com/argusops/argusops/internal/service/tag_service.go:44.2,44.16 1 7
github.com/argusops/argusops/internal/service/tag_service.go:44.16,46.3 1 0
github.com/argusops/argusops/internal/service/tag_service.go:47.2,47.15 1 7
github.com/argusops/argusops/internal/service/tag_service.go:50.80,51.64 1 1
github.com/argusops/argusops/internal/service/tag_service.go:51.64,53.3 1 1
github.com/argusops/argusops/internal/service/tag_service.go:60.109,62.64 2 29
github.com/argusops/argusops/internal/service/tag_service.go:62.64,66.3 3 29
github.com/argusops/argusops/internal/service/tag_service.go:67.2,67.19 1 29
github.com/argusops/argusops/internal/service/upload_key_service.go:23.97,25.2 1 2
github.com/argusops/argusops/internal/service/upload_key_service.go:27.128,28.64 1 2
github.com/argusops/argusops/internal/service/upload_key_service.go:28.64,30.3 1 2
github.com/argusops/argusops/internal/service/upload_key_service.go:37.153,38.63 1 3
github.com/argusops/argusops/internal/service/upload_key_service.go:38.63,42.3 3 3
github.com/argusops/argusops/internal/service/upload_key_service.go:43.2,43.43 1 3
github.com/argusops/argusops/internal/service/user_api_token_service.go:31.142,33.2 1 2
github.com/argusops/argusops/internal/service/user_api_token_service.go:46.151,48.16 2 4
github.com/argusops/argusops/internal/service/user_api_token_service.go:48.16,50.3 1 0
github.com/argusops/argusops/internal/service/user_api_token_service.go:52.2,61.63 2 4
github.com/argusops/argusops/internal/service/user_api_token_service.go:61.63,63.3 1 4
github.com/argusops/argusops/internal/service/user_api_token_service.go:64.2,64.16 1 4
github.com/argusops/argusops/internal/service/user_api_token_service.go:64.16,66.3 1 0
github.com/argusops/argusops/internal/service/user_api_token_service.go:68.2,68.68 1 4
github.com/argusops/argusops/internal/service/user_api_token_service.go:73.116,75.64 2 1
github.com/argusops/argusops/internal/service/user_api_token_service.go:75.64,79.3 3 1
github.com/argusops/argusops/internal/service/user_api_token_service.go:80.2,80.20 1 1
github.com/argusops/argusops/internal/service/user_api_token_service.go:87.102,88.64 1 1
github.com/argusops/argusops/internal/service/user_api_token_service.go:88.64,90.3 1 1
github.com/argusops/argusops/internal/service/user_api_token_service.go:114.105,116.16 2 5
github.com/argusops/argusops/internal/service/user_api_token_service.go:116.16,118.3 1 0
github.com/argusops/argusops/internal/service/user_api_token_service.go:119.2,119.40 1 5
github.com/argusops/argusops/internal/service/user_api_token_service.go:119.40,121.3 1 2
github.com/argusops/argusops/internal/service/user_api_token_service.go:122.2,122.62 1 3
github.com/argusops/argusops/internal/service/user_api_token_service.go:122.62,124.3 1 1
github.com/argusops/argusops/internal/service/user_api_token_service.go:126.2,127.67 2 2
github.com/argusops/argusops/internal/service/user_api_token_service.go:127.67,129.17 2 2
github.com/argusops/argusops/internal/service/user_api_token_service.go:129.17,131.4 1 0
github.com/argusops/argusops/internal/service/user_api_token_service.go:132.3,132.30 1 2
github.com/argusops/argusops/internal/service/user_api_token_service.go:132.30,134.4 1 0
github.com/argusops/argusops/internal/service/user_api_token_service.go:135.3,143.13 2 2
github.com/argusops/argusops/internal/service/user_api_token_service.go:145.2,145.16 1 2
github.com/argusops/argusops/internal/service/user_api_token_service.go:145.16,147.3 1 0
github.com/argusops/argusops/internal/service/user_api_token_service.go:148.2,148.22 1 2
github.com/argusops/argusops/internal/service/user_api_token_service.go:158.41,160.42 2 4
github.com/argusops/argusops/internal/service/user_api_token_service.go:160.42,162.3 1 0
github.com/argusops/argusops/internal/service/user_api_token_service.go:163.2,163.72 1 4
github.com/argusops/argusops/internal/service/user_service.go:24.82,26.2 1 10
github.com/argusops/argusops/internal/service/user_service.go:28.92,30.64 2 2
github.com/argusops/argusops/internal/service/user_service.go:30.64,34.3 3 2
github.com/argusops/argusops/internal/service/user_service.go:35.2,35.19 1 2
github.com/argusops/argusops/internal/service/user_service.go:41.108,43.64 2 1
github.com/argusops/argusops/internal/service/user_service.go:43.64,47.3 3 1
github.com/argusops/argusops/internal/service/user_service.go:48.2,48.23 1 1
github.com/argusops/argusops/internal/service/user_service.go:54.94,56.64 2 6
github.com/argusops/argusops/internal/service/user_service.go:56.64,60.3 3 6
github.com/argusops/argusops/internal/service/user_service.go:61.2,61.18 1 6
github.com/argusops/argusops/internal/service/user_service.go:73.144,76.17 3 7
github.com/argusops/argusops/internal/service/user_service.go:76.17,78.3 1 1
github.com/argusops/argusops/internal/service/user_service.go:79.2,79.16 1 6
github.com/argusops/argusops/internal/service/user_service.go:79.16,81.3 1 1
github.com/argusops/argusops/internal/service/user_service.go:83.2,84.16 2 5
github.com/argusops/argusops/internal/service/user_service.go:84.16,86.3 1 0
github.com/argusops/argusops/internal/service/user_service.go:87.2,88.16 2 5
github.com/argusops/argusops/internal/service/user_service.go:88.16,90.3 1 0
github.com/argusops/argusops/internal/service/user_service.go:92.2,99.63 2 5
github.com/argusops/argusops/internal/service/user_service.go:99.63,101.3 1 5
github.com/argusops/argusops/internal/service/user_service.go:102.2,102.16 1 5
github.com/argusops/argusops/internal/service/user_service.go:102.16,104.3 1 1
github.com/argusops/argusops/internal/service/user_service.go:105.2,105.29 1 4
github.com/argusops/argusops/internal/service/user_service.go:112.45,114.42 2 6
github.com/argusops/argusops/internal/service/user_service.go:114.42,116.3 1 0
github.com/argusops/argusops/internal/service/user_service.go:117.2,117.55 1 6
github.com/argusops/argusops/internal/service/user_service.go:125.95,126.64 1 1
github.com/argusops/argusops/internal/service/user_service.go:126.64,128.3 1 1
github.com/argusops/argusops/internal/service/user_service.go:138.102,140.16 2 3
github.com/argusops/argusops/internal/service/user_service.go:140.16,142.3 1 0
github.com/argusops/argusops/internal/service/user_service.go:143.2,143.17 1 3
github.com/argusops/argusops/internal/service/user_service.go:143.17,145.3 1 1
github.com/argusops/argusops/internal/service/user_service.go:146.2,146.51 1 2
github.com/argusops/argusops/internal/service/user_service.go:146.51,148.3 1 1
github.com/argusops/argusops/internal/service/user_service.go:150.2,151.16 2 1
github.com/argusops/argusops/internal/service/user_service.go:151.16,153.3 1 0
github.com/argusops/argusops/internal/service/user_service.go:154.2,155.16 2 1
github.com/argusops/argusops/internal/service/user_service.go:155.16,157.3 1 0
github.com/argusops/argusops/internal/service/user_service.go:159.2,159.63 1 1
github.com/argusops/argusops/internal/service/user_service.go:159.63,161.3 1 1
github.com/argusops/argusops/internal/service/user_service.go:162.2,162.16 1 1
github.com/argusops/argusops/internal/service/user_service.go:162.16,164.3 1 0
github.com/argusops/argusops/internal/service/user_service.go:165.2,165.26 1 1
github.com/argusops/argusops/internal/service/user_service.go:168.97,169.64 1 2
github.com/argusops/argusops/internal/service/user_service.go:169.64,171.3 1 2
github.com/argusops/argusops/internal/service/user_service.go:174.117,176.64 2 2
github.com/argusops/argusops/internal/service/user_service.go:176.64,180.3 3 2
github.com/argusops/argusops/internal/service/user_service.go:181.2,181.22 1 2
github.com/argusops/argusops/internal/service/user_service.go:189.185,190.80 1 3
github.com/argusops/argusops/internal/service/user_service.go:190.80,192.3 1 1
github.com/argusops/argusops/internal/service/user_service.go:193.2,199.64 2 2
github.com/argusops/argusops/internal/service/user_service.go:199.64,201.3 1 2
github.com/argusops/argusops/internal/service/user_service.go:202.2,202.16 1 2
github.com/argusops/argusops/internal/service/user_service.go:202.16,204.3 1 0
github.com/argusops/argusops/internal/service/user_service.go:205.2,205.15 1 2
github.com/argusops/argusops/internal/service/user_service.go:208.93,209.64 1 1
github.com/argusops/argusops/internal/service/user_service.go:209.64,211.3 1 1
github.com/argusops/argusops/internal/service/webhook_service.go:25.91,27.2 1 5
github.com/argusops/argusops/internal/service/webhook_service.go:29.106,31.64 2 6
github.com/argusops/argusops/internal/service/webhook_service.go:31.64,35.3 3 6
github.com/argusops/argusops/internal/service/webhook_service.go:36.2,36.23 1 6
github.com/argusops/argusops/internal/service/webhook_service.go:55.231,57.16 2 7
github.com/argusops/argusops/internal/service/webhook_service.go:57.16,59.3 1 0
github.com/argusops/argusops/internal/service/webhook_service.go:61.2,74.63 2 7
github.com/argusops/argusops/internal/service/webhook_service.go:74.63,76.3 1 7
github.com/argusops/argusops/internal/service/webhook_service.go:77.2,77.16 1 7
github.com/argusops/argusops/internal/service/webhook_service.go:77.16,79.3 1 0
github.com/argusops/argusops/internal/service/webhook_service.go:81.2,81.56 1 7
github.com/argusops/argusops/internal/service/webhook_service.go:87.118,89.16 2 1
github.com/argusops/argusops/internal/service/webhook_service.go:89.16,91.3 1 0
github.com/argusops/argusops/internal/service/webhook_service.go:93.2,93.63 1 1
github.com/argusops/argusops/internal/service/webhook_service.go:93.63,95.3 1 1
github.com/argusops/argusops/internal/service/webhook_service.go:96.2,96.16 1 1
github.com/argusops/argusops/internal/service/webhook_service.go:96.16,98.3 1 0
github.com/argusops/argusops/internal/service/webhook_service.go:99.2,99.19 1 1
github.com/argusops/argusops/internal/service/webhook_service.go:110.51,112.26 2 12
github.com/argusops/argusops/internal/service/webhook_service.go:112.26,113.26 1 2
github.com/argusops/argusops/internal/service/webhook_service.go:113.26,115.4 1 2
github.com/argusops/argusops/internal/service/webhook_service.go:116.3,116.24 1 0
github.com/argusops/argusops/internal/service/webhook_service.go:118.2,119.11 2 10
github.com/argusops/argusops/internal/service/webhook_service.go:132.43,133.37 1 9
github.com/argusops/argusops/internal/service/webhook_service.go:133.37,135.3 1 7
github.com/argusops/argusops/internal/service/webhook_service.go:136.2,136.17 1 2
github.com/argusops/argusops/internal/service/webhook_service.go:139.102,140.48 1 2
github.com/argusops/argusops/internal/service/webhook_service.go:140.48,142.3 1 1
github.com/argusops/argusops/internal/service/webhook_service.go:143.2,143.64 1 1
github.com/argusops/argusops/internal/service/webhook_service.go:143.64,145.3 1 1
github.com/argusops/argusops/internal/service/webhook_service.go:151.124,152.64 1 2
github.com/argusops/argusops/internal/service/webhook_service.go:152.64,154.3 1 2
github.com/argusops/argusops/internal/service/webhook_service.go:163.136,164.19 1 2
github.com/argusops/argusops/internal/service/webhook_service.go:164.19,166.3 1 1
github.com/argusops/argusops/internal/service/webhook_service.go:167.2,167.64 1 2
github.com/argusops/argusops/internal/service/webhook_service.go:167.64,169.3 1 2
github.com/argusops/argusops/internal/service/webhook_service.go:174.38,176.42 2 8
github.com/argusops/argusops/internal/service/webhook_service.go:176.42,178.3 1 0
github.com/argusops/argusops/internal/service/webhook_service.go:179.2,179.69 1 8
github.com/argusops/argusops/internal/service/webhook_service.go:182.37,185.2 2 17
github.com/argusops/argusops/internal/service/webhook_service.go:187.36,188.17 1 12
github.com/argusops/argusops/internal/service/webhook_service.go:188.17,190.3 1 0
github.com/argusops/argusops/internal/service/webhook_service.go:191.2,191.21 1 12
github.com/argusops/argusops/cmd/worker/main.go:32.13,36.16 3 0
github.com/argusops/argusops/cmd/worker/main.go:36.16,39.3 2 0
github.com/argusops/argusops/cmd/worker/main.go:41.2,45.16 4 0
github.com/argusops/argusops/cmd/worker/main.go:45.16,48.3 2 0
github.com/argusops/argusops/cmd/worker/main.go:49.2,67.12 8 0
github.com/argusops/argusops/cmd/worker/main.go:67.12,69.93 2 0
github.com/argusops/argusops/cmd/worker/main.go:69.93,71.4 1 0
github.com/argusops/argusops/cmd/worker/main.go:78.2,79.16 2 0
github.com/argusops/argusops/cmd/worker/main.go:79.16,82.3 2 0
github.com/argusops/argusops/cmd/worker/main.go:89.2,127.6 13 0
github.com/argusops/argusops/cmd/worker/main.go:127.6,128.10 1 0
github.com/argusops/argusops/cmd/worker/main.go:129.21,132.58 3 0
github.com/argusops/argusops/cmd/worker/main.go:132.58,134.5 1 0
github.com/argusops/argusops/cmd/worker/main.go:135.4,136.10 2 0
github.com/argusops/argusops/cmd/worker/main.go:137.26,138.103 1 0
github.com/argusops/argusops/cmd/worker/main.go:138.103,140.5 1 0
github.com/argusops/argusops/cmd/worker/main.go:141.22,142.87 1 0
github.com/argusops/argusops/cmd/worker/main.go:142.87,144.5 1 0
github.com/argusops/argusops/cmd/worker/main.go:145.29,146.86 1 0
github.com/argusops/argusops/cmd/worker/main.go:146.86,148.5 1 0
github.com/argusops/argusops/cmd/worker/main.go:149.29,150.88 1 0
github.com/argusops/argusops/cmd/worker/main.go:150.88,152.5 1 0
github.com/argusops/argusops/cmd/worker/main.go:177.107,178.79 1 3
github.com/argusops/argusops/cmd/worker/main.go:178.79,181.3 2 2
github.com/argusops/argusops/cmd/worker/main.go:182.2,182.16 1 3
github.com/argusops/argusops/cmd/worker/main.go:182.16,185.3 2 0
github.com/argusops/argusops/cmd/worker/main.go:186.2,186.15 1 3
github.com/argusops/argusops/cmd/worker/main.go:186.15,189.3 2 1
github.com/argusops/argusops/cmd/worker/main.go:194.2,194.49 1 2
github.com/argusops/argusops/cmd/worker/main.go:215.88,217.26 2 1
github.com/argusops/argusops/cmd/worker/main.go:217.26,218.88 1 3
github.com/argusops/argusops/cmd/worker/main.go:218.88,220.4 1 0
github.com/argusops/argusops/cmd/worker/main.go:238.80,243.16 2 3
github.com/argusops/argusops/cmd/worker/main.go:243.16,246.3 2 0
github.com/argusops/argusops/cmd/worker/main.go:247.2,247.28 1 3
github.com/argusops/argusops/cmd/worker/main.go:247.28,249.3 1 1
github.com/argusops/argusops/cmd/worker/main.go:273.80,285.16 2 5
github.com/argusops/argusops/cmd/worker/main.go:285.16,288.3 2 1
github.com/argusops/argusops/cmd/worker/main.go:289.2,289.28 1 4
github.com/argusops/argusops/cmd/worker/main.go:289.28,291.3 1 2
github.com/argusops/argusops/cmd/worker/main.go:336.229,345.16 2 8
github.com/argusops/argusops/cmd/worker/main.go:345.16,348.3 2 0
github.com/argusops/argusops/cmd/worker/main.go:349.2,350.18 2 8
github.com/argusops/argusops/cmd/worker/main.go:350.18,352.138 2 92
github.com/argusops/argusops/cmd/worker/main.go:352.138,354.12 2 0
github.com/argusops/argusops/cmd/worker/main.go:356.3,356.37 1 92
github.com/argusops/argusops/cmd/worker/main.go:358.2,359.35 2 8
github.com/argusops/argusops/cmd/worker/main.go:359.35,362.3 2 0
github.com/argusops/argusops/cmd/worker/main.go:364.2,364.31 1 8
github.com/argusops/argusops/cmd/worker/main.go:364.31,366.17 2 92
github.com/argusops/argusops/cmd/worker/main.go:366.17,368.12 2 0
github.com/argusops/argusops/cmd/worker/main.go:370.3,371.17 2 92
github.com/argusops/argusops/cmd/worker/main.go:371.17,373.12 2 0
github.com/argusops/argusops/cmd/worker/main.go:376.3,381.17 3 92
github.com/argusops/argusops/cmd/worker/main.go:381.17,383.12 2 89
github.com/argusops/argusops/cmd/worker/main.go:386.3,386.110 1 3
github.com/argusops/argusops/cmd/worker/main.go:386.110,388.12 2 0
github.com/argusops/argusops/cmd/worker/main.go:390.3,392.92 2 3
github.com/argusops/argusops/cmd/worker/main.go:392.92,394.4 1 2
github.com/argusops/argusops/cmd/worker/main.go:406.213,408.16 2 3
github.com/argusops/argusops/cmd/worker/main.go:408.16,410.3 1 0
github.com/argusops/argusops/cmd/worker/main.go:411.2,411.22 1 3
github.com/argusops/argusops/cmd/worker/main.go:411.22,413.3 1 0
github.com/argusops/argusops/cmd/worker/main.go:415.2,416.63 2 3
github.com/argusops/argusops/cmd/worker/main.go:416.63,418.17 2 3
github.com/argusops/argusops/cmd/worker/main.go:418.17,420.4 1 0
github.com/argusops/argusops/cmd/worker/main.go:421.3,421.15 1 3
github.com/argusops/argusops/cmd/worker/main.go:421.15,423.4 1 0
github.com/argusops/argusops/cmd/worker/main.go:424.3,425.13 2 3
github.com/argusops/argusops/cmd/worker/main.go:427.2,427.16 1 3
github.com/argusops/argusops/cmd/worker/main.go:427.16,429.3 1 0
github.com/argusops/argusops/cmd/worker/main.go:431.2,439.56 2 3
github.com/argusops/argusops/cmd/worker/main.go:439.56,441.3 1 2
github.com/argusops/argusops/cmd/worker/main.go:442.2,442.12 1 1
